race_id,driver_id,lap,predicted_degradation,current_wear_pct,predicted_next_wear_pct
214,37,1,2.0857506,0.0,2.0857505798339844
217,5,1,1.8716781,0.0,1.871678113937378
199,5,1,1.8207242,0.0,1.8207242488861084
210,44,1,1.8598509,0.0,1.8598508834838867
209,4,1,2.1170955,0.0,2.117095470428467
204,4,1,1.7543409,0.0,1.7543408870697021
208,48,1,1.861278,0.0,1.8612780570983887
211,4,1,1.8814241,0.0,1.881424069404602
205,47,1,1.6186284,0.0,1.6186283826828003
216,39,1,2.0255375,0.0,2.0255374908447266
202,44,1,2.3126318,0.0,2.312631845474243
207,37,1,2.2286627,0.0,2.2286627292633057
207,12,1,1.5557503,0.0,1.5557502508163452
205,48,1,1.4672588,0.0,1.4672588109970093
220,12,1,2.121607,0.0,2.1216070652008057
220,7,1,1.8035023,0.0,1.8035023212432861
211,15,1,2.165045,0.0,2.1650450229644775
205,2,1,1.5614853,0.0,1.5614852905273438
214,12,1,1.8294894,0.0,1.8294893503189087
218,48,1,1.9845405,0.0,1.9845404624938965
218,47,1,1.6985089,0.0,1.698508858680725
207,2,1,1.7179456,0.0,1.7179455757141113
219,2,1,1.8844426,0.0,1.8844425678253174
201,20,1,1.6301504,0.0,1.6301504373550415
206,48,1,1.6233705,0.0,1.6233705282211304
210,20,1,1.8388096,0.0,1.838809609413147
206,20,1,1.7113333,0.0,1.7113332748413086
220,47,1,1.7463412,0.0,1.7463412284851074
220,48,1,1.7890359,0.0,1.7890359163284302
206,22,1,2.19212,0.0,2.19212007522583
199,6,1,1.9047809,0.0,1.9047808647155762
199,4,1,1.6554992,0.0,1.6554992198944092
218,43,1,1.7629254,0.0,1.762925386428833
206,47,1,1.9441488,0.0,1.9441487789154053
219,5,1,1.9175622,0.0,1.9175622463226318
219,6,1,1.6502419,0.0,1.6502418518066406
218,44,1,1.9218227,0.0,1.9218226671218872
201,22,1,1.4907455,0.0,1.4907455444335938
204,47,1,1.9234804,0.0,1.9234803915023804
201,7,1,1.7314962,0.0,1.7314962148666382
215,43,1,1.6469115,0.0,1.6469115018844604
209,47,1,1.9804928,0.0,1.9804928302764893
214,38,1,1.7830765,0.0,1.783076524734497
217,7,1,1.9866397,0.0,1.9866397380828857
209,44,1,2.1389468,0.0,2.138946771621704
207,21,1,1.5549486,0.0,1.5549485683441162
199,7,1,1.8381329,0.0,1.8381328582763672
215,41,1,1.8049922,0.0,1.8049921989440918
205,6,1,1.8477329,0.0,1.8477329015731812
201,5,1,1.7862899,0.0,1.786289930343628
201,6,1,1.9516284,0.0,1.9516284465789795
208,4,1,1.7360646,0.0,1.7360645532608032
201,23,1,1.519177,0.0,1.519176959991455
209,5,1,1.7020849,0.0,1.7020848989486694
216,2,1,1.4872566,0.0,1.487256646156311
215,48,1,1.6439068,0.0,1.643906831741333
205,5,1,1.9099703,0.0,1.9099702835083008
220,43,1,1.7166061,0.0,1.7166061401367188
203,22,1,1.7488137,0.0,1.7488137483596802
199,12,1,2.1453278,0.0,2.1453278064727783
212,15,1,1.9367895,0.0,1.9367895126342773
214,24,1,1.7801505,0.0,1.7801505327224731
205,4,1,1.8735676,0.0,1.8735675811767578
208,44,1,1.7005146,0.0,1.700514554977417
215,39,1,1.6471922,0.0,1.6471922397613525
207,48,1,1.7622917,0.0,1.762291669845581
210,21,1,1.5006387,0.0,1.500638723373413
209,23,1,1.2972978,0.0,1.2972978353500366
204,44,1,1.9121288,0.0,1.9121288061141968
218,41,1,1.7954421,0.0,1.7954421043395996
213,20,1,1.8582839,0.0,1.8582838773727417
213,12,1,2.0728407,0.0,2.072840690612793
219,7,1,2.1119058,0.0,2.111905813217163
211,39,1,2.0009284,0.0,2.0009284019470215
217,12,1,1.8842214,0.0,1.8842214345932007
220,41,1,2.0872421,0.0,2.0872421264648438
206,15,1,1.8215488,0.0,1.8215488195419312
201,24,1,1.751591,0.0,1.7515909671783447
211,21,1,1.4825284,0.0,1.4825284481048584
211,20,1,2.1763697,0.0,2.1763696670532227
212,2,1,2.0253825,0.0,2.0253825187683105
201,38,1,1.7271059,0.0,1.7271058559417725
219,12,1,1.8611495,0.0,1.861149549484253
212,4,1,1.906158,0.0,1.9061579704284668
203,39,1,2.0412893,0.0,2.0412893295288086
207,22,1,1.5450786,0.0,1.5450786352157593
203,21,1,1.5658016,0.0,1.5658016204833984
210,43,1,1.5042984,0.0,1.504298448562622
210,47,1,1.6144898,0.0,1.6144897937774658
206,23,1,2.0628254,0.0,2.0628254413604736
201,37,1,1.6653744,0.0,1.6653743982315063
218,39,1,1.9989983,0.0,1.9989982843399048
204,43,1,1.4391657,0.0,1.439165711402893
216,4,1,1.6241959,0.0,1.62419593334198
205,7,1,1.9103711,0.0,1.9103710651397705
208,6,1,1.8747516,0.0,1.8747515678405762
200,48,1,2.139232,0.0,2.1392319202423096
213,21,1,1.6793609,0.0,1.6793608665466309
201,39,1,1.7696953,0.0,1.7696952819824219
208,7,1,1.8495673,0.0,1.8495672941207886
213,7,1,2.2481003,0.0,2.2481002807617188
210,12,1,1.7591995,0.0,1.7591995000839233
207,47,1,1.5886812,0.0,1.5886812210083008
216,5,1,1.9367589,0.0,1.9367588758468628
219,15,1,1.9438083,0.0,1.9438083171844482
201,2,1,1.7254701,0.0,1.7254700660705566
203,41,1,1.5963874,0.0,1.5963873863220215
217,4,1,1.6424295,0.0,1.6424294710159302
214,39,1,2.125415,0.0,2.125415086746216
199,15,1,1.8589916,0.0,1.8589916229248047
199,20,1,1.9429379,0.0,1.9429378509521484
201,4,1,1.9811563,0.0,1.981156349182129
219,20,1,1.6906018,0.0,1.6906018257141113
205,12,1,2.034175,0.0,2.034174919128418
208,38,1,1.6353312,0.0,1.635331153869629
203,20,1,1.7763224,0.0,1.776322364807129
217,15,1,1.8817354,0.0,1.8817354440689087
209,2,1,2.040926,0.0,2.040925979614258
212,23,1,1.9608101,0.0,1.9608100652694702
217,20,1,1.9154844,0.0,1.9154844284057617
207,20,1,1.725563,0.0,1.7255630493164062
213,47,1,1.5895628,0.0,1.5895627737045288
215,38,1,1.6713606,0.0,1.6713606119155884
218,38,1,1.2790596,0.0,1.279059648513794
212,21,1,1.4058638,0.0,1.4058637619018555
214,7,1,1.812491,0.0,1.8124910593032837
214,6,1,1.682492,0.0,1.6824920177459717
215,37,1,1.6345966,0.0,1.634596586227417
204,39,1,2.098229,0.0,2.098228931427002
201,43,1,1.55611,0.0,1.5561100244522095
210,22,1,2.0709953,0.0,2.070995330810547
206,43,1,1.8301641,0.0,1.8301640748977661
206,44,1,2.2687101,0.0,2.268710136413574
209,12,1,1.4731388,0.0,1.4731388092041016
220,39,1,1.9734392,0.0,1.9734392166137695
206,12,1,1.5563167,0.0,1.5563167333602905
209,7,1,1.7192309,0.0,1.7192308902740479
199,21,1,1.4905822,0.0,1.4905822277069092
210,41,1,1.6445849,0.0,1.6445848941802979
211,12,1,2.0524724,0.0,2.0524723529815674
201,41,1,1.6897861,0.0,1.6897860765457153
218,37,1,1.8684527,0.0,1.8684526681900024
213,22,1,2.4096446,0.0,2.409644603729248
200,47,1,1.5389671,0.0,1.5389671325683594
200,43,1,1.8602667,0.0,1.8602666854858398
219,22,1,1.8617463,0.0,1.8617463111877441
205,20,1,2.1254566,0.0,2.1254565715789795
209,37,1,1.6889124,0.0,1.6889123916625977
201,44,1,2.2071438,0.0,2.207143783569336
204,38,1,1.4929023,0.0,1.4929022789001465
205,15,1,2.1565738,0.0,2.15657377243042
218,24,1,1.8093331,0.0,1.809333086013794
218,23,1,1.6346409,0.0,1.6346409320831299
216,6,1,1.6630762,0.0,1.6630761623382568
215,24,1,2.1135898,0.0,2.1135897636413574
200,44,1,2.0572534,0.0,2.057253360748291
203,15,1,1.7540802,0.0,1.7540801763534546
212,43,1,1.5694993,0.0,1.5694992542266846
204,41,1,1.443265,0.0,1.4432649612426758
219,21,1,1.9391071,0.0,1.939107060432434
208,12,1,2.0235941,0.0,2.0235941410064697
219,23,1,2.0973988,0.0,2.0973987579345703
215,23,1,1.585068,0.0,1.5850679874420166
207,4,1,1.583947,0.0,1.583946943283081
216,7,1,2.2118695,0.0,2.211869478225708
209,22,1,1.7830031,0.0,1.7830030918121338
213,6,1,2.1693945,0.0,2.1693944931030273
203,7,1,1.8762501,0.0,1.876250147819519
214,41,1,2.0071082,0.0,2.007108211517334
217,2,1,1.7643691,0.0,1.7643691301345825
216,48,1,1.5330361,0.0,1.5330361127853394
209,43,1,2.1940718,0.0,2.1940717697143555
211,43,1,1.6101953,0.0,1.610195279121399
220,38,1,2.0685592,0.0,2.068559169769287
218,22,1,1.7328323,0.0,1.7328323125839233
211,22,1,1.8222136,0.0,1.8222136497497559
201,48,1,1.7043006,0.0,1.7043006420135498
202,2,1,1.9303782,0.0,1.9303781986236572
200,39,1,2.0436125,0.0,2.043612480163574
212,5,1,2.1249175,0.0,2.124917507171631
213,43,1,1.4202217,0.0,1.4202216863632202
220,37,1,1.726733,0.0,1.7267329692840576
199,22,1,1.4635242,0.0,1.4635242223739624
206,7,1,1.8517017,0.0,1.8517017364501953
199,23,1,2.2759273,0.0,2.2759273052215576
208,41,1,1.8353511,0.0,1.8353511095046997
211,7,1,1.8519688,0.0,1.851968765258789
204,37,1,1.7344398,0.0,1.7344398498535156
207,44,1,2.153675,0.0,2.153675079345703
212,37,1,1.6044041,0.0,1.604404091835022
212,24,1,1.7252427,0.0,1.7252427339553833
200,41,1,1.5242493,0.0,1.5242493152618408
205,21,1,1.7949227,0.0,1.7949227094650269
202,4,1,2.2466972,0.0,2.246697187423706
214,5,1,1.8575498,0.0,1.857549786567688
215,22,1,2.1112049,0.0,2.1112048625946045
212,38,1,1.5394282,0.0,1.5394282341003418
218,21,1,1.8075227,0.0,1.8075226545333862
211,48,1,1.5635629,0.0,1.5635628700256348
219,37,1,1.9507811,0.0,1.9507811069488525
200,38,1,1.6977226,0.0,1.6977225542068481
219,24,1,1.9274899,0.0,1.9274898767471313
203,12,1,1.8490868,0.0,1.8490867614746094
217,21,1,1.722205,0.0,1.7222050428390503
203,43,1,1.5847852,0.0,1.5847852230072021
220,24,1,1.9457272,0.0,1.9457272291183472
214,23,1,2.1030965,0.0,2.1030964851379395
214,15,1,1.9774327,0.0,1.9774327278137207
219,38,1,1.8473366,0.0,1.8473366498947144
206,41,1,1.8789334,0.0,1.8789334297180176
202,5,1,1.849646,0.0,1.849645972251892
216,12,1,2.0394812,0.0,2.0394811630249023
208,15,1,1.7253444,0.0,1.7253444194793701
204,24,1,1.6904614,0.0,1.6904613971710205
210,7,1,1.7885644,0.0,1.7885644435882568
218,20,1,1.9229442,0.0,1.922944188117981
205,22,1,1.896353,0.0,1.896353006362915
214,20,1,1.7256689,0.0,1.7256689071655273
210,23,1,2.0803127,0.0,2.080312728881836
213,41,1,1.6877254,0.0,1.6877254247665405
211,38,1,1.957161,0.0,1.9571609497070312
209,48,1,1.3801539,0.0,1.3801538944244385
216,47,1,1.3629131,0.0,1.3629131317138672
201,47,1,1.4408033,0.0,1.4408032894134521
204,23,1,1.8337044,0.0,1.8337043523788452
202,6,1,1.8824893,0.0,1.8824893236160278
207,43,1,1.9787197,0.0,1.978719711303711
215,20,1,1.6687161,0.0,1.6687160730361938
219,39,1,1.7869971,0.0,1.7869970798492432
211,2,1,1.6749629,0.0,1.6749628782272339
210,48,1,1.8597033,0.0,1.8597033023834229
199,24,1,2.2292209,0.0,2.2292208671569824
208,37,1,1.9440612,0.0,1.9440611600875854
212,44,1,2.184403,0.0,2.1844029426574707
206,6,1,2.1435294,0.0,2.1435294151306152
200,37,1,1.9024179,0.0,1.9024178981781006
200,24,1,1.8045809,0.0,1.8045809268951416
207,5,1,1.6470892,0.0,1.6470892429351807
218,15,1,2.0694978,0.0,2.06949782371521
216,20,1,1.5880437,0.0,1.5880436897277832
205,23,1,2.3701143,0.0,2.370114326477051
213,23,1,1.4810969,0.0,1.481096863746643
210,6,1,1.7402151,0.0,1.7402150630950928
207,6,1,1.5749284,0.0,1.5749284029006958
209,38,1,1.1132704,0.0,1.1132704019546509
216,15,1,1.8475207,0.0,1.8475207090377808
213,5,1,1.5364585,0.0,1.5364584922790527
211,6,1,1.9319395,0.0,1.9319394826889038
203,44,1,2.1652708,0.0,2.1652708053588867
203,6,1,1.7279269,0.0,1.7279268503189087
217,22,1,1.8677325,0.0,1.8677325248718262
214,43,1,1.9180079,0.0,1.9180078506469727
220,23,1,2.04463,0.0,2.0446300506591797
206,5,1,2.216157,0.0,2.2161569595336914
215,21,1,1.4497893,0.0,1.44978928565979
209,21,1,1.9980685,0.0,1.9980684518814087
208,20,1,1.8624654,0.0,1.8624653816223145
200,22,1,1.5259876,0.0,1.5259876251220703
205,24,1,1.8115253,0.0,1.8115253448486328
218,12,1,2.1230423,0.0,2.123042345046997
216,21,1,1.4331719,0.0,1.4331718683242798
205,37,1,1.8702284,0.0,1.8702284097671509
219,41,1,1.8894378,0.0,1.8894377946853638
200,23,1,1.6983917,0.0,1.6983916759490967
214,44,1,2.1408916,0.0,2.1408915519714355
207,23,1,1.7448095,0.0,1.7448095083236694
217,23,1,1.9297904,0.0,1.9297903776168823
207,15,1,1.8168905,0.0,1.8168904781341553
199,37,1,1.8017117,0.0,1.8017116785049438
202,7,1,1.5829473,0.0,1.5829472541809082
213,24,1,1.9436111,0.0,1.9436111450195312
204,22,1,1.8939888,0.0,1.893988847732544
219,43,1,1.8282831,0.0,1.8282830715179443
218,7,1,2.1546216,0.0,2.1546216011047363
211,23,1,2.3305244,0.0,2.330524444580078
204,21,1,1.729308,0.0,1.729308009147644
210,24,1,1.7322958,0.0,1.7322957515716553
209,6,1,2.1180444,0.0,2.118044376373291
212,22,1,2.230128,0.0,2.230128049850464
220,22,1,1.8254795,0.0,1.825479507446289
203,5,1,1.684778,0.0,1.6847779750823975
216,44,1,1.3779569,0.0,1.3779568672180176
209,41,1,1.3220029,0.0,1.32200288772583
210,39,1,1.9600991,0.0,1.9600991010665894
206,24,1,1.6070077,0.0,1.6070077419281006
215,15,1,1.8258566,0.0,1.8258565664291382
202,12,1,1.4761034,0.0,1.47610342502594
202,15,1,1.754241,0.0,1.7542409896850586
207,41,1,1.9497502,0.0,1.9497501850128174
218,6,1,2.010196,0.0,2.0101959705352783
204,20,1,1.7090424,0.0,1.7090424299240112
216,22,1,2.1023505,0.0,2.1023504734039307
219,47,1,1.6416065,0.0,1.6416064500808716
205,38,1,1.7179376,0.0,1.7179375886917114
215,12,1,1.9834914,0.0,1.9834914207458496
206,39,1,2.1210866,0.0,2.121086597442627
209,20,1,2.0893097,0.0,2.0893096923828125
203,47,1,1.6394714,0.0,1.639471411705017
212,12,1,1.950979,0.0,1.9509789943695068
199,38,1,2.2559505,0.0,2.255950450897217
208,24,1,1.7595277,0.0,1.7595276832580566
202,20,1,1.9887669,0.0,1.9887669086456299
200,21,1,1.4381841,0.0,1.438184142112732
219,44,1,1.5838263,0.0,1.5838263034820557
212,7,1,2.0748708,0.0,2.0748708248138428
212,6,1,2.0004845,0.0,2.0004844665527344
213,39,1,1.7463717,0.0,1.7463717460632324
217,37,1,1.783068,0.0,1.7830679416656494
217,24,1,2.0437784,0.0,2.043778419494629
220,21,1,1.6212605,0.0,1.6212605237960815
206,4,1,1.8801681,0.0,1.880168080329895
203,4,1,1.7214439,0.0,1.7214438915252686
200,20,1,1.8279157,0.0,1.8279156684875488
218,5,1,1.7544805,0.0,1.7544804811477661
210,5,1,1.9393773,0.0,1.9393773078918457
210,37,1,1.9011973,0.0,1.9011973142623901
211,5,1,2.1655083,0.0,2.165508270263672
200,15,1,1.7328229,0.0,1.7328228950500488
208,43,1,1.2454251,0.0,1.2454251050949097
211,47,1,1.8102965,0.0,1.8102965354919434
204,15,1,1.9898894,0.0,1.98988938331604
219,48,1,1.9864452,0.0,1.9864451885223389
213,4,1,1.8001553,0.0,1.8001552820205688
207,39,1,1.6791238,0.0,1.6791237592697144
214,4,1,1.6319733,0.0,1.6319732666015625
216,23,1,1.5076476,0.0,1.5076476335525513
207,24,1,1.6510849,0.0,1.6510848999023438
203,48,1,1.4168321,0.0,1.4168320894241333
216,43,1,1.5164291,0.0,1.51642906665802
214,47,1,2.106514,0.0,2.1065139770507812
199,39,1,2.0720267,0.0,2.0720267295837402
212,20,1,1.7229266,0.0,1.7229266166687012
202,21,1,1.9187787,0.0,1.918778657913208
200,12,1,1.9154196,0.0,1.915419578552246
205,39,1,2.0535514,0.0,2.053551435470581
215,7,1,2.0768175,0.0,2.076817512512207
200,5,1,1.7623645,0.0,1.7623645067214966
200,6,1,1.7622834,0.0,1.762283444404602
213,37,1,1.8963256,0.0,1.8963255882263184
202,23,1,2.1827147,0.0,2.1827147006988525
209,39,1,1.4530226,0.0,1.4530225992202759
204,12,1,1.6220524,0.0,1.6220524311065674
220,2,1,2.1290624,0.0,2.1290624141693115
217,38,1,1.6465813,0.0,1.6465812921524048
203,2,1,2.060638,0.0,2.060637950897217
206,2,1,2.0284703,0.0,2.028470277786255
212,47,1,1.96734,0.0,1.9673399925231934
200,7,1,1.6562268,0.0,1.6562267541885376
208,47,1,1.6122009,0.0,1.6122008562088013
202,22,1,1.6682645,0.0,1.6682645082473755
218,4,1,1.8571326,0.0,1.8571325540542603
214,21,1,1.8133309,0.0,1.813330888748169
202,38,1,1.6022043,0.0,1.6022043228149414
217,47,1,1.5924349,0.0,1.5924348831176758
208,21,1,1.5731597,0.0,1.5731596946716309
216,37,1,1.8469708,0.0,1.846970796585083
216,24,1,1.7909147,0.0,1.7909146547317505
207,7,1,1.4791625,0.0,1.4791624546051025
217,48,1,1.4071825,0.0,1.4071824550628662
213,2,1,1.9092226,0.0,1.9092226028442383
205,41,1,1.7969947,0.0,1.796994686126709
214,48,1,2.1144776,0.0,2.1144776344299316
199,41,1,1.9518902,0.0,1.951890230178833
202,48,1,1.6708058,0.0,1.670805811882019
213,48,1,1.8491482,0.0,1.849148154258728
220,20,1,1.9955962,0.0,1.995596170425415
211,24,1,1.7732823,0.0,1.7732822895050049
218,2,1,2.023227,0.0,2.0232269763946533
208,22,1,1.8491461,0.0,1.8491461277008057
220,5,1,1.8313923,0.0,1.8313922882080078
206,38,1,1.580163,0.0,1.5801630020141602
207,38,1,1.8023177,0.0,1.80231773853302
204,7,1,1.9533913,0.0,1.9533913135528564
200,4,1,1.6508023,0.0,1.6508022546768188
220,4,1,2.0722766,0.0,2.0722765922546387
205,43,1,1.9055567,0.0,1.9055566787719727
204,2,1,1.9657693,0.0,1.9657692909240723
206,37,1,2.066858,0.0,2.0668580532073975
214,22,1,2.0245898,0.0,2.024589776992798
199,43,1,1.7061573,0.0,1.7061573266983032
212,39,1,1.7032324,0.0,1.7032324075698853
215,2,1,1.7325599,0.0,1.7325599193572998
215,6,1,1.9551018,0.0,1.9551018476486206
202,37,1,1.4503975,0.0,1.4503974914550781
202,41,1,1.8627696,0.0,1.862769603729248
209,15,1,1.8819308,0.0,1.8819308280944824
215,5,1,1.6848742,0.0,1.684874176979065
217,44,1,1.6255953,0.0,1.6255953311920166
214,2,1,1.9607098,0.0,1.960709810256958
210,38,1,1.6908524,0.0,1.690852403640747
200,2,1,1.5439595,0.0,1.5439594984054565
212,48,1,1.5649889,0.0,1.5649888515472412
217,39,1,1.8859072,0.0,1.8859071731567383
210,2,1,1.5314772,0.0,1.5314772129058838
216,41,1,1.5821614,0.0,1.5821614265441895
208,23,1,1.8457959,0.0,1.8457958698272705
202,24,1,1.7190125,0.0,1.7190124988555908
202,39,1,1.9434165,0.0,1.9434164762496948
216,38,1,1.7177032,0.0,1.7177032232284546
204,6,1,1.9705869,0.0,1.970586895942688
220,6,1,1.943455,0.0,1.9434549808502197
204,5,1,1.6592768,0.0,1.6592768430709839
202,43,1,1.7839395,0.0,1.7839394807815552
215,4,1,1.6607776,0.0,1.6607775688171387
199,47,1,1.8483825,0.0,1.8483824729919434
210,4,1,1.7188737,0.0,1.7188737392425537
217,43,1,1.4678063,0.0,1.467806339263916
211,37,1,1.8269584,0.0,1.826958417892456
211,44,1,1.9147487,0.0,1.9147486686706543
199,48,1,1.6039615,0.0,1.60396146774292
205,44,1,2.0030699,0.0,2.0030698776245117
217,41,1,1.5005782,0.0,1.5005781650543213
202,47,1,1.7414,0.0,1.7414000034332275
220,15,1,1.8122962,0.0,1.8122961521148682
199,44,1,1.7075188,0.0,1.7075188159942627
213,38,1,1.3625679,0.0,1.3625679016113281
209,24,1,1.2549037,0.0,1.2549036741256714
210,15,1,2.1775165,0.0,2.177516460418701
201,12,1,1.81849,0.0,1.8184900283813477
219,4,1,1.5216256,0.0,1.5216256380081177
213,44,1,1.7112944,0.0,1.711294412612915
211,41,1,2.014443,0.0,2.0144429206848145
203,38,1,1.5823338,0.0,1.5823338031768799
206,21,1,2.3318954,0.0,2.331895351409912
212,41,1,1.5804421,0.0,1.5804420709609985
201,15,1,1.7418582,0.0,1.7418582439422607
204,48,1,1.7137027,0.0,1.71370267868042
208,2,1,1.712038,0.0,1.7120380401611328
201,21,1,1.6380632,0.0,1.6380631923675537
215,47,1,1.6323935,0.0,1.632393479347229
213,15,1,1.9444176,0.0,1.9444175958633423
215,44,1,1.6439703,0.0,1.643970251083374
208,39,1,1.7461605,0.0,1.7461605072021484
220,44,1,1.7612839,0.0,1.7612838745117188
217,6,1,1.7575554,0.0,1.757555365562439
203,24,1,1.7684945,0.0,1.7684944868087769
203,23,1,2.1174326,0.0,2.1174325942993164
203,37,1,1.7068923,0.0,1.7068922519683838
199,2,1,1.5714024,0.0,1.5714024305343628
217,5,2,1.9560577,1.5,3.4560576677322388
214,37,2,2.0164278,1.5,3.516427755355835
199,4,2,1.7531765,1.5,3.25317645072937
211,15,2,2.071778,2.5,4.571778059005737
203,24,2,1.7933235,1.5,3.293323516845703
208,39,2,1.9502163,2.5,4.450216293334961
220,44,2,1.6777321,2.5,4.1777321100234985
209,48,2,1.3632996,1.0,2.363299608230591
217,22,2,1.9113519,1.0,2.9113519191741943
213,41,2,1.5641267,1.5,3.06412672996521
213,43,2,1.5793623,2.5,4.079362273216248
214,20,2,1.3840758,2.5,3.8840757608413696
205,22,2,2.0575688,2.5,4.557568788528442
210,7,2,1.8334221,2.5,4.333422064781189
214,5,2,1.7039245,2.5,4.203924536705017
200,37,2,1.7435038,1.0,2.7435038089752197
213,15,2,2.0520248,2.5,4.552024841308594
215,47,2,1.8762019,1.5,3.376201868057251
207,37,2,1.9598223,1.5,3.4598222970962524
202,44,2,2.2918725,1.0,3.291872501373291
205,47,2,1.6111503,1.5,3.1111502647399902
199,44,2,1.9598391,2.5,4.459839105606079
211,4,2,1.774219,2.5,4.274219036102295
208,48,2,1.7644434,1.0,2.7644433975219727
204,4,2,1.7734236,1.5,3.2734235525131226
209,4,2,1.820105,2.5,4.320104956626892
217,6,2,1.8433268,2.5,4.343326807022095
203,23,2,1.8838153,2.5,4.383815288543701
210,44,2,1.7054236,2.5,4.205423593521118
203,37,2,1.8365216,1.5,3.336521625518799
199,5,2,1.8708327,2.5,4.370832681655884
201,20,2,1.7459415,1.0,2.7459415197372437
215,44,2,1.7134111,1.5,3.2134110927581787
199,7,2,2.0897706,1.5,3.589770555496216
202,47,2,1.6005949,1.0,2.6005948781967163
217,41,2,1.571935,1.5,3.0719350576400757
205,44,2,1.8019369,2.5,4.301936864852905
199,48,2,1.6813765,1.0,2.6813764572143555
216,39,2,1.999587,1.5,3.499587059020996
211,44,2,1.9258476,1.0,2.92584764957428
201,21,2,1.7918864,1.5,3.2918864488601685
208,2,2,1.8615253,2.5,4.361525297164917
204,48,2,1.4715263,1.5,2.971526265144348
212,41,2,1.664931,1.0,2.664931058883667
206,21,2,2.0152686,1.5,3.515268564224243
203,38,2,1.5560523,2.5,4.056052327156067
211,41,2,1.850049,2.5,4.350049018859863
213,44,2,1.8337357,2.5,4.333735704421997
202,41,2,1.9295293,1.5,3.429529309272766
213,38,2,1.6235254,1.0,2.623525381088257
220,15,2,1.773476,1.5,3.273476004600525
207,21,2,1.448656,1.0,2.4486559629440308
209,44,2,2.1326869,1.0,3.1326868534088135
217,7,2,2.197884,2.5,4.6978840827941895
214,38,2,2.060503,1.0,3.0605030059814453
201,7,2,2.0455344,2.5,4.545534372329712
201,22,2,1.5608534,1.0,2.560853362083435
218,44,2,1.9399694,1.5,3.4399694204330444
208,4,2,1.6066988,2.5,4.106698751449585
219,4,2,1.565507,1.5,3.0655070543289185
201,12,2,1.8822155,1.5,3.3822154998779297
210,15,2,1.9054844,2.5,4.405484437942505
209,24,2,1.3446572,1.5,2.8446571826934814
215,41,2,1.8935382,1.5,3.393538236618042
200,2,2,1.6087523,2.5,4.108752250671387
210,38,2,1.5858766,1.5,3.0858765840530396
214,2,2,1.64753,1.5,3.14752995967865
217,44,2,1.9326503,1.5,3.432650327682495
210,4,2,1.7379977,2.5,4.237997651100159
219,6,2,1.6684656,1.5,3.1684656143188477
219,5,2,2.0541744,1.0,3.0541744232177734
208,44,2,1.6302811,2.5,4.130281090736389
204,47,2,1.8842227,1.5,3.3842227458953857
205,4,2,2.0067236,1.5,3.506723642349243
215,43,2,1.7635715,1.5,3.2635715007781982
212,15,2,2.0477006,1.5,3.5477006435394287
199,12,2,2.0267544,2.5,4.526754379272461
204,6,2,1.8590391,1.5,3.359039068222046
209,15,2,2.2112298,1.5,3.7112298011779785
220,6,2,1.7885467,2.5,4.288546681404114
202,39,2,1.9394265,1.5,3.43942654132843
212,39,2,2.0031962,2.5,4.5031962394714355
214,48,2,1.9681524,2.5,4.468152403831482
203,22,2,1.7568045,1.0,2.7568044662475586
220,43,2,1.8089031,1.5,3.3089030981063843
217,4,2,1.8880231,1.5,3.3880231380462646
201,6,2,1.9084957,1.5,3.4084956645965576
205,5,2,1.7305925,2.5,4.230592489242554
215,48,2,1.7002213,1.0,2.700221300125122
201,23,2,1.7975795,2.5,4.297579526901245
218,43,2,1.7453523,1.5,3.245352268218994
216,41,2,1.553671,2.5,4.0536710023880005
213,39,2,1.8271858,2.5,4.327185750007629
210,2,2,1.604414,2.5,4.104413986206055
212,48,2,1.8063385,1.5,3.3063385486602783
213,2,2,1.8666188,1.5,3.3666187524795532
215,5,2,1.7909925,1.0,2.790992498397827
207,38,2,1.6091621,1.5,3.1091620922088623
217,47,2,1.7019169,2.5,4.201916933059692
208,21,2,1.6026367,2.5,4.102636694908142
201,5,2,1.840189,2.5,4.340188980102539
205,6,2,1.8834077,2.5,4.383407711982727
211,20,2,2.0929458,1.0,3.0929458141326904
211,21,2,1.59604,1.0,2.5960400104522705
215,39,2,1.6464531,1.0,2.6464531421661377
206,15,2,1.5449091,2.5,4.044909119606018
220,41,2,1.753762,1.0,2.7537620067596436
214,24,2,1.7349811,1.0,2.734981060028076
206,38,2,1.4251,2.5,3.9250999689102173
220,5,2,1.6673303,1.5,3.167330265045166
208,22,2,1.9301277,2.5,4.430127739906311
216,38,2,1.7899992,1.5,3.28999924659729
215,2,2,1.5203912,1.5,3.0203912258148193
199,43,2,1.9222922,1.5,3.4222922325134277
206,37,2,2.028824,1.5,3.5288240909576416
217,12,2,1.8694845,1.5,3.369484543800354
211,39,2,1.9592701,2.5,4.459270119667053
209,47,2,1.8967887,2.5,4.396788716316223
219,7,2,2.2097747,2.5,4.709774732589722
213,12,2,1.9157182,2.5,4.415718197822571
218,41,2,1.7310052,1.0,2.7310051918029785
207,2,2,1.8529228,1.0,2.852922797203064
204,44,2,1.9012148,1.5,3.401214838027954
204,2,2,1.8850121,2.5,4.385012149810791
217,39,2,2.0946198,1.5,3.5946197509765625
208,23,2,1.9507251,1.5,3.4507250785827637
205,43,2,1.6165038,2.5,4.116503834724426
200,4,2,2.028913,1.0,3.0289130210876465
218,2,2,2.0279026,1.5,3.527902603149414
216,24,2,1.6799783,1.5,3.1799782514572144
216,37,2,1.8777893,1.0,2.877789258956909
206,47,2,1.7429563,1.0,2.742956280708313
209,23,2,1.5382943,2.5,4.038294315338135
210,21,2,1.7050105,2.5,4.205010533332825
201,24,2,1.7857623,2.5,4.285762310028076
207,48,2,1.707404,2.5,4.207404017448425
213,20,2,1.631882,1.0,2.6318819522857666
201,4,2,1.8875631,2.5,4.387563109397888
208,6,2,1.9314948,1.0,2.9314948320388794
205,7,2,1.9697939,2.5,4.469793915748596
220,4,2,2.0748537,1.5,3.5748536586761475
202,38,2,1.7391514,2.5,4.239151358604431
202,37,2,1.6634026,1.5,3.163402557373047
202,24,2,1.8160329,2.5,4.316032886505127
220,2,2,2.021089,2.5,4.52108907699585
205,48,2,1.6320086,1.0,2.6320085525512695
220,20,2,1.9930998,2.5,4.493099808692932
216,4,2,1.7393681,1.5,3.2393680810928345
204,43,2,1.5199071,1.5,3.0199071168899536
201,37,2,1.9581038,1.0,2.9581037759780884
206,23,2,1.8812001,2.5,4.381200075149536
210,47,2,1.5904921,1.5,3.0904921293258667
210,43,2,1.611894,1.5,3.1118940114974976
203,21,2,1.4077414,2.5,3.90774142742157
203,39,2,1.8740102,1.0,2.87401020526886
213,48,2,1.7941488,2.5,4.294148802757263
202,48,2,1.6345536,2.5,4.134553551673889
199,41,2,1.9187322,2.5,4.418732166290283
205,41,2,1.6900787,2.5,4.1900787353515625
217,48,2,1.8887484,2.5,4.388748407363892
218,4,2,1.9872773,1.5,3.4872772693634033
207,7,2,1.6274602,1.5,3.127460241317749
213,37,2,1.7711964,2.5,4.271196365356445
199,20,2,1.857042,2.5,4.357041954994202
219,12,2,1.8942595,1.5,3.394259452819824
201,38,2,1.6074243,2.5,4.107424259185791
218,39,2,1.8172913,2.5,4.317291259765625
212,2,2,1.9481225,2.5,4.448122501373291
216,2,2,1.4498681,1.0,2.449868083000183
199,15,2,1.8499417,1.0,2.8499417304992676
214,39,2,2.154779,1.5,3.6547789573669434
200,6,2,1.7916025,1.5,3.2916024923324585
200,5,2,1.7778504,1.5,3.277850389480591
204,7,2,1.9798396,2.5,4.479839563369751
211,24,2,1.7770743,1.0,2.7770743370056152
215,6,2,2.0296752,2.5,4.529675245285034
216,23,2,1.6922561,1.5,3.1922560930252075
200,7,2,1.9901083,1.5,3.4901082515716553
212,47,2,1.9056383,2.5,4.405638337135315
206,2,2,2.0994318,2.5,4.599431753158569
203,2,2,1.7968841,1.5,3.296884059906006
217,15,2,1.8826741,2.5,4.3826740980148315
203,41,2,1.4559534,2.5,3.955953359603882
219,15,2,2.1944852,1.5,3.6944851875305176
215,38,2,1.7233291,2.5,4.223329067230225
216,5,2,1.8622286,1.5,3.3622286319732666
207,47,2,1.5926042,1.5,3.092604160308838
217,38,2,1.9202296,1.0,2.9202295541763306
203,48,2,1.5308201,2.5,4.03082013130188
204,12,2,1.6744833,1.5,3.174483299255371
209,39,2,1.5704265,1.0,2.5704264640808105
202,23,2,1.7229391,1.0,2.722939133644104
207,39,2,1.6776838,2.5,4.1776838302612305
210,5,2,1.8717782,2.5,4.371778249740601
213,4,2,1.8391677,1.0,2.8391677141189575
214,21,2,1.7537469,1.5,3.2537468671798706
202,22,2,1.7440367,2.5,4.244036674499512
210,12,2,1.9188834,1.5,3.418883442878723
212,4,2,1.8408153,1.5,3.340815305709839
213,7,2,2.1466577,2.5,4.646657705307007
208,7,2,1.915309,1.5,3.415308952331543
211,12,2,1.87618,2.5,4.376180052757263
201,39,2,1.6531483,1.0,2.6531482934951782
213,21,2,1.7726442,1.5,3.2726441621780396
204,41,2,1.7490457,2.5,4.249045729637146
201,2,2,1.7937787,1.5,3.293778657913208
200,48,2,2.1073222,2.5,4.6073222160339355
208,47,2,1.7451551,1.5,3.245155096054077
199,39,2,2.1624591,1.0,3.162459135055542
214,47,2,2.1563125,2.5,4.656312465667725
216,43,2,1.5687189,1.5,3.068718910217285
215,37,2,1.5937622,1.0,2.593762159347534
214,7,2,1.7813765,1.5,3.2813764810562134
212,21,2,1.7125566,1.5,3.2125566005706787
218,38,2,1.4178376,2.5,3.917837619781494
213,47,2,1.6753004,1.5,3.175300359725952
207,20,2,1.8839805,1.0,2.8839805126190186
217,20,2,1.8922502,1.0,2.892250180244446
209,2,2,1.9163942,2.5,4.416394233703613
203,20,2,1.7826617,2.5,4.28266167640686
205,12,2,1.9136395,1.0,2.913639545440674
207,24,2,1.7321885,1.0,2.7321884632110596
219,48,2,2.2412274,1.5,3.741227388381958
214,4,2,1.808583,1.0,2.8085830211639404
210,37,2,1.7423667,1.5,3.242366671562195
218,5,2,2.034726,1.0,3.0347259044647217
204,15,2,1.9909421,1.0,2.990942120552063
203,4,2,1.528673,2.5,4.028673052787781
206,4,2,1.6983253,1.5,3.198325276374817
220,21,2,1.713372,1.5,3.213371992111206
217,37,2,1.9791192,1.5,3.4791191816329956
212,22,2,2.0445642,2.5,4.544564247131348
212,20,2,1.631041,2.5,4.131041049957275
206,39,2,2.0456507,2.5,4.5456507205963135
212,6,2,1.8897231,2.5,4.389723062515259
212,7,2,1.9541639,2.5,4.454163908958435
215,7,2,2.1012268,2.5,4.601226806640625
205,39,2,1.8536328,2.5,4.353632807731628
200,12,2,1.9066845,1.0,2.9066845178604126
214,22,2,1.9963658,2.5,4.496365785598755
213,22,2,2.173599,2.5,4.673599004745483
219,43,2,1.9963547,1.0,2.9963546991348267
208,43,2,1.5452397,2.5,4.045239686965942
216,22,2,1.9099865,1.0,2.9099864959716797
218,6,2,1.8409665,2.5,4.340966463088989
207,41,2,1.6878932,1.0,2.6878931522369385
202,21,2,2.1014826,1.5,3.601482629776001
200,15,2,1.836788,1.5,3.336788058280945
211,5,2,1.9483441,2.5,4.448344111442566
219,20,2,1.6888933,2.5,4.1888933181762695
200,47,2,1.7117682,1.5,3.21176815032959
218,37,2,1.7441974,2.5,4.244197368621826
201,41,2,1.5603377,1.0,2.5603376626968384
210,41,2,1.5899912,2.5,4.089991211891174
209,7,2,1.6492949,2.5,4.149294853210449
206,12,2,1.3578656,2.5,3.857865571975708
215,12,2,1.9148176,2.5,4.414817571640015
205,38,2,1.7805593,2.5,4.280559301376343
219,47,2,1.9226849,1.5,3.422684907913208
210,22,2,1.7142861,2.5,4.2142860889434814
201,43,2,1.4951122,1.5,2.995112180709839
209,5,2,1.8008615,1.5,3.3008614778518677
204,39,2,2.0090053,1.5,3.509005308151245
219,21,2,1.8886374,2.5,4.38863742351532
219,22,2,1.9676378,2.5,4.467637777328491
199,21,2,1.9012604,1.5,3.4012603759765625
212,43,2,1.7848184,2.5,4.284818410873413
220,39,2,1.8794883,1.0,2.8794883489608765
214,6,2,1.6172271,1.0,2.617227077484131
206,44,2,1.9629748,1.5,3.462974786758423
206,43,2,1.719652,2.5,4.219652056694031
209,37,2,1.7491281,1.0,2.7491281032562256
205,37,2,1.8175445,1.0,2.817544460296631
208,24,2,1.8664987,1.0,2.8664987087249756
199,38,2,2.139014,2.5,4.639014005661011
212,12,2,2.0408235,2.5,4.540823459625244
207,22,2,1.5523893,2.5,4.0523892641067505
203,15,2,1.6707045,1.5,3.170704483985901
211,43,2,1.7600542,2.5,4.260054230690002
208,38,2,1.7453914,1.0,2.745391368865967
220,38,2,1.5230185,1.5,3.023018479347229
200,44,2,2.1140342,2.5,4.614034175872803
215,24,2,2.098114,2.5,4.598114013671875
216,6,2,1.8130176,1.5,3.3130176067352295
203,47,2,1.5091547,2.5,4.009154677391052
217,24,2,1.8050549,1.5,3.3050549030303955
209,20,2,1.8870536,2.5,4.387053608894348
200,20,2,1.8475021,2.5,4.347502112388611
211,23,2,2.1617625,1.5,3.6617624759674072
218,7,2,2.1493216,2.5,4.649321556091309
219,44,2,1.8654768,2.5,4.365476846694946
218,23,2,1.8359883,1.0,2.8359882831573486
218,24,2,1.8078926,1.5,3.3078925609588623
205,15,2,2.0758705,1.5,3.5758705139160156
219,23,2,2.1487646,1.0,3.1487646102905273
204,38,2,1.6005505,1.5,3.1005505323410034
201,44,2,2.0963454,1.5,3.5963454246520996
205,20,2,1.609019,1.5,3.1090190410614014
200,43,2,1.8292089,1.0,2.8292088508605957
200,21,2,1.5137888,1.0,2.5137888193130493
204,20,2,1.8166895,1.5,3.3166894912719727
211,47,2,1.5919219,1.0,2.5919219255447388
202,20,2,1.9270996,1.0,2.927099585533142
202,15,2,1.785098,1.5,3.2850979566574097
215,15,2,1.7735715,1.5,3.273571491241455
210,39,2,1.8161483,1.5,3.316148281097412
220,22,2,1.8462545,1.5,3.3462544679641724
216,44,2,1.5447623,2.5,4.0447622537612915
200,41,2,1.7674916,1.0,2.767491579055786
211,22,2,1.8259289,2.5,4.3259289264678955
218,22,2,1.9504322,1.0,2.9504321813583374
211,7,2,2.0402622,1.5,3.540262222290039
214,41,2,1.9425437,1.0,2.9425437450408936
209,43,2,2.208541,1.0,3.208540916442871
216,48,2,1.5816731,2.5,4.0816731452941895
217,2,2,1.8275214,1.0,2.8275214433670044
203,5,2,1.5609692,1.0,2.5609692335128784
209,6,2,1.7410642,2.5,4.241064190864563
210,24,2,1.507482,2.5,4.007482051849365
204,21,2,1.7122359,2.5,4.212235927581787
216,15,2,1.7598225,2.5,4.259822487831116
219,41,2,2.1019533,2.5,4.6019532680511475
200,22,2,1.816124,2.5,4.316123962402344
218,12,2,1.9551095,2.5,4.455109477043152
217,21,2,1.9161465,2.5,4.416146516799927
209,12,2,1.6826535,1.0,2.682653546333313
213,6,2,2.066027,2.5,4.566026926040649
208,12,2,1.8092813,2.5,4.309281349182129
207,4,2,1.7903346,1.5,3.2903345823287964
215,23,2,1.6801836,1.5,3.1801836490631104
214,15,2,1.9929242,1.5,3.492924213409424
212,24,2,1.7645416,2.5,4.2645416259765625
205,24,2,1.8310524,1.5,3.3310524225234985
208,20,2,1.6901033,2.5,4.19010329246521
202,12,2,1.6202288,1.5,3.1202287673950195
216,21,2,1.4421892,2.5,3.9421892166137695
204,22,2,1.8672956,1.0,2.8672956228256226
213,24,2,1.9073794,2.5,4.407379388809204
202,7,2,1.8857793,1.5,3.3857792615890503
214,44,2,1.9029741,1.5,3.4029741287231445
217,23,2,2.0568552,1.0,3.0568552017211914
212,37,2,1.6499817,1.5,3.149981737136841
207,44,2,1.8088307,2.5,4.308830738067627
204,37,2,1.7944572,1.0,2.794457197189331
216,7,2,2.2836971,2.5,4.783697128295898
211,38,2,1.8696747,1.0,2.8696746826171875
208,41,2,1.6752036,2.5,4.175203561782837
199,22,2,1.6452394,1.5,3.1452393531799316
206,7,2,1.8744805,2.5,4.374480485916138
207,23,2,1.8314437,1.5,3.331443667411804
209,41,2,1.5948597,1.5,3.0948597192764282
206,24,2,1.6464276,1.5,3.146427631378174
207,6,2,1.6354525,1.0,2.6354525089263916
210,6,2,1.8534358,1.5,3.353435754776001
213,23,2,1.7119653,2.5,4.211965322494507
219,39,2,2.1122549,2.5,4.612254858016968
207,43,2,1.8540082,1.0,2.854008197784424
220,37,2,1.7579694,1.5,3.257969379425049
209,22,2,1.7253207,2.5,4.2253206968307495
200,39,2,2.1351092,2.5,4.635109186172485
219,24,2,1.8230983,1.5,3.323098301887512
202,2,2,1.7120957,2.5,4.212095737457275
201,48,2,1.5560031,1.5,3.0560030937194824
201,47,2,1.591593,2.5,4.091593027114868
214,23,2,2.1427302,2.5,4.642730236053467
220,24,2,2.0616844,1.5,3.5616843700408936
205,23,2,2.1738548,1.0,3.1738548278808594
200,23,2,1.695401,1.5,3.1954009532928467
218,21,2,1.9328245,1.0,2.932824492454529
206,5,2,1.7902725,1.0,2.7902724742889404
215,20,2,1.6445246,1.0,2.644524574279785
215,21,2,1.6483829,1.0,2.6483829021453857
202,6,2,1.8010728,1.5,3.301072835922241
204,23,2,1.9233088,2.5,4.423308849334717
209,21,2,2.2854419,1.0,3.2854418754577637
220,23,2,1.8359337,1.5,3.3359336853027344
212,44,2,2.1313887,2.5,4.6313886642456055
203,6,2,1.6851585,2.5,4.1851584911346436
203,44,2,1.8644384,2.5,4.364438414573669
207,15,2,1.7186947,2.5,4.218694686889648
199,37,2,2.0391333,2.5,4.539133310317993
211,6,2,1.989857,1.5,3.4898569583892822
213,5,2,1.6378171,2.5,4.137817144393921
209,38,2,1.4427077,1.0,2.442707657814026
218,15,2,1.9186993,2.5,4.418699264526367
207,5,2,1.4496789,2.5,3.949678897857666
200,24,2,1.8840162,2.5,4.384016156196594
206,6,2,1.84594,2.5,4.345939993858337
208,37,2,2.0675325,2.5,4.567532539367676
199,24,2,1.891504,1.5,3.3915040493011475
210,48,2,1.6101301,2.5,4.110130071640015
211,2,2,1.6362066,2.5,4.13620662689209
199,23,2,2.1923928,2.5,4.692392826080322
203,43,2,1.5426103,1.5,3.042610287666321
203,12,2,1.8080944,1.0,2.8080943822860718
203,7,2,1.7811872,2.5,4.281187176704407
214,43,2,1.8135098,2.5,4.313509821891785
200,38,2,1.5169239,2.5,4.016923904418945
219,37,2,2.1907008,2.5,4.6907007694244385
204,24,2,1.8478189,1.5,3.3478188514709473
208,15,2,1.8095751,2.5,4.309575080871582
216,12,2,2.030746,1.5,3.5307459831237793
202,5,2,1.9102502,1.5,3.410250186920166
218,20,2,1.9833738,1.5,3.483373761177063
206,41,2,1.7571273,1.5,3.257127285003662
210,23,2,2.0495005,1.5,3.5495004653930664
219,38,2,2.0336273,1.5,3.5336272716522217
212,5,2,2.0945504,2.5,4.594550371170044
212,38,2,1.787977,1.0,2.7879769802093506
215,22,2,2.012213,2.5,4.5122129917144775
202,4,2,2.0515487,1.0,3.051548719406128
211,48,2,1.773594,2.5,4.27359402179718
205,21,2,1.6505321,1.5,3.1505321264266968
216,47,2,1.2970985,1.5,2.7970985174179077
212,23,2,1.9108592,1.5,3.410859227180481
216,20,2,1.5687921,2.5,4.068792104721069
206,20,2,1.8163089,1.0,2.816308856010437
217,43,2,1.7102617,2.5,4.210261702537537
199,47,2,1.9595082,2.5,4.459508180618286
215,4,2,1.7974156,1.5,3.297415614128113
202,43,2,1.678594,1.0,2.6785939931869507
211,37,2,1.9033867,1.0,2.90338671207428
204,5,2,1.6786115,1.5,3.1786115169525146
220,7,2,1.7945817,1.5,3.294581651687622
220,12,2,2.119901,2.5,4.619900941848755
207,12,2,1.6705501,1.5,3.1705501079559326
201,15,2,1.6623354,1.0,2.6623353958129883
218,47,2,1.6552404,1.0,2.6552404165267944
218,48,2,1.8284755,1.5,3.3284754753112793
214,12,2,1.9474995,2.5,4.447499513626099
206,48,2,1.490942,2.5,3.9909420013427734
205,2,2,1.7665554,1.5,3.266555428504944
219,2,2,1.9103332,1.5,3.4103331565856934
210,20,2,1.6351776,2.5,4.1351776123046875
220,48,2,1.8077846,1.5,3.3077845573425293
199,2,2,1.608151,1.5,3.1081509590148926
206,22,2,2.0189419,2.5,4.518941879272461
199,6,2,1.8750737,1.0,2.8750736713409424
220,47,2,1.8977025,1.5,3.39770245552063
206,22,3,2.0918417,5.0,7.091841697692871
210,44,3,1.7189116,5.0,6.718911647796631
220,48,3,1.8473995,3.0,4.847399473190308
210,20,3,1.7830257,5.0,6.783025741577148
219,2,3,1.7800453,3.0,4.7800452709198
215,43,3,1.827207,3.0,4.827206969261169
201,20,3,1.799129,2.0,3.799129009246826
218,48,3,1.7497747,3.0,4.749774694442749
206,48,3,1.7095454,5.0,6.709545373916626
220,7,3,1.8280623,3.0,4.828062295913696
203,37,3,1.8287699,3.0,4.82876992225647
206,21,3,1.891926,3.0,4.891926050186157
220,47,3,1.7845756,3.0,4.784575581550598
199,4,3,1.6429774,3.0,4.642977356910706
199,2,3,1.699982,3.0,4.699982047080994
211,15,3,2.03961,5.0,7.039609909057617
220,44,3,1.7107823,5.0,6.710782289505005
199,6,3,1.8791182,2.0,3.8791182041168213
209,48,3,1.7291569,2.0,3.7291568517684937
217,22,3,1.9454746,2.0,3.945474624633789
213,41,3,1.669347,3.0,4.669347047805786
206,6,3,1.832468,5.0,6.832468032836914
205,22,3,1.758504,5.0,6.758504033088684
214,5,3,1.7838571,5.0,6.783857107162476
215,21,3,1.6066862,2.0,3.606686234474182
200,37,3,1.7054874,2.0,3.705487370491028
213,6,3,2.1360178,5.0,7.136017799377441
208,15,3,1.8714107,5.0,6.8714107275009155
216,12,3,1.9072589,3.0,4.907258868217468
204,23,3,1.8706479,5.0,6.87064790725708
202,5,3,2.0139089,3.0,5.013908863067627
218,20,3,1.9189383,3.0,4.9189382791519165
206,41,3,1.7027707,3.0,4.702770709991455
219,38,3,2.0857153,3.0,5.085715293884277
210,23,3,2.0440636,3.0,5.044063568115234
215,22,3,2.0074773,5.0,7.007477283477783
213,23,3,1.6755184,5.0,6.6755183935165405
210,6,3,1.8113669,3.0,4.81136691570282
202,4,3,1.955436,2.0,3.9554359912872314
205,21,3,1.6977092,3.0,4.6977092027664185
216,47,3,1.2400814,3.0,4.240081429481506
212,23,3,1.8956485,3.0,4.89564847946167
200,24,3,1.9023689,5.0,6.902368903160095
218,15,3,1.909404,5.0,6.909404039382935
207,5,3,1.5532162,5.0,6.553216218948364
219,39,3,2.1678464,5.0,7.167846441268921
199,24,3,1.842089,3.0,4.842089056968689
210,48,3,1.6277764,5.0,6.627776384353638
220,24,3,2.0164866,3.0,5.016486644744873
216,48,3,1.7552096,5.0,6.755209565162659
203,7,3,1.9172814,5.0,6.91728138923645
200,38,3,1.5736157,5.0,6.573615670204163
219,37,3,2.0991917,5.0,7.099191665649414
204,24,3,1.728658,3.0,4.728657960891724
218,21,3,1.9053804,2.0,3.905380368232727
202,2,3,1.7290918,5.0,6.729091763496399
214,43,3,1.855835,5.0,6.8558349609375
209,21,3,2.194488,2.0,4.194488048553467
202,6,3,1.8524803,3.0,4.8524802923202515
216,20,3,1.5267067,5.0,6.526706695556641
214,20,3,1.6976702,5.0,6.697670221328735
212,44,3,2.2397742,5.0,7.239774227142334
203,6,3,1.711379,5.0,6.711379051208496
203,44,3,1.7910507,5.0,6.791050672531128
207,15,3,1.8277802,5.0,6.827780246734619
213,5,3,1.7415578,5.0,6.741557836532593
209,38,3,1.6665821,2.0,3.6665821075439453
205,23,3,1.9596151,2.0,3.959615111351013
209,22,3,1.9885013,5.0,6.988501310348511
200,39,3,2.025516,5.0,7.025516033172607
219,24,3,1.8985412,3.0,4.898541212081909
201,48,3,1.5006049,3.0,4.500604867935181
201,47,3,1.6283846,5.0,6.628384590148926
214,23,3,2.0094543,5.0,7.009454250335693
199,23,3,2.19121,5.0,7.191210031509399
215,20,3,1.7502946,2.0,3.75029456615448
200,23,3,1.625444,3.0,4.625444054603577
213,24,3,1.9302461,5.0,6.930246114730835
202,7,3,1.9666356,3.0,4.966635584831238
211,6,3,1.8624678,3.0,4.8624677658081055
220,23,3,1.7459791,3.0,4.745979070663452
214,44,3,1.9044106,3.0,4.9044106006622314
217,23,3,1.9311883,2.0,3.9311883449554443
207,23,3,1.7741323,3.0,4.774132251739502
204,37,3,1.8138859,2.0,3.8138859272003174
216,7,3,2.171731,5.0,7.171730995178223
212,5,3,1.902438,5.0,6.902438044548035
208,37,3,2.2283301,5.0,7.228330135345459
208,41,3,1.6049964,5.0,6.6049964427948
199,22,3,1.6980448,3.0,4.698044776916504
206,7,3,1.9546363,5.0,6.954636335372925
220,37,3,1.7050046,3.0,4.705004572868347
209,41,3,1.6608942,3.0,4.660894155502319
206,5,3,1.9440274,2.0,3.9440274238586426
219,41,3,2.0206726,5.0,7.020672559738159
200,22,3,1.892252,5.0,6.892251968383789
204,21,3,1.719753,5.0,6.71975302696228
218,12,3,1.9943442,5.0,6.994344234466553
207,41,3,1.706363,2.0,3.7063629627227783
204,22,3,1.8540491,2.0,3.8540490865707397
207,43,3,1.8338498,2.0,3.833849787712097
217,21,3,1.964158,5.0,6.964158058166504
203,43,3,1.5821545,3.0,4.5821545124053955
208,43,3,1.3842453,5.0,6.384245276451111
208,12,3,1.9385322,5.0,6.93853223323822
211,48,3,1.8426745,5.0,6.842674493789673
207,4,3,1.727121,3.0,4.727120995521545
215,23,3,1.8580284,3.0,4.858028411865234
212,24,3,1.8038288,5.0,6.803828835487366
202,12,3,1.6310278,3.0,4.631027817726135
216,21,3,1.3578938,5.0,6.3578938245773315
215,15,3,1.7832257,3.0,4.783225655555725
205,37,3,1.8505344,2.0,3.850534439086914
216,15,3,1.6364303,5.0,6.636430263519287
210,39,3,1.7407497,3.0,4.740749716758728
220,22,3,2.0906076,3.0,5.090607643127441
216,44,3,1.6324806,5.0,6.632480621337891
200,41,3,1.6837391,2.0,3.6837390661239624
210,7,3,1.8299932,5.0,6.82999324798584
211,22,3,1.8122482,5.0,6.812248229980469
218,22,3,1.8623487,2.0,3.8623486757278442
204,38,3,1.7567544,3.0,4.756754398345947
211,7,3,1.9710824,3.0,4.971082448959351
205,15,3,1.9276459,3.0,4.927645921707153
214,41,3,1.8578964,2.0,3.8578964471817017
203,5,3,1.565486,2.0,3.565485954284668
199,37,3,1.909973,5.0,6.9099730253219604
209,6,3,2.0962064,5.0,7.096206426620483
210,24,3,1.6800499,5.0,6.680049896240234
211,23,3,2.2008257,3.0,5.2008256912231445
218,7,3,2.0035481,5.0,7.0035481452941895
219,43,3,1.9059628,2.0,3.905962824821472
205,24,3,1.7973243,3.0,4.797324299812317
200,21,3,1.7236187,2.0,3.723618745803833
201,43,3,1.7718656,3.0,4.771865606307983
210,22,3,1.7281051,5.0,6.728105068206787
219,22,3,2.070049,5.0,7.070049047470093
219,23,3,2.1229424,2.0,4.1229424476623535
201,44,3,1.9451673,3.0,4.945167303085327
207,44,3,1.9455147,5.0,6.945514678955078
205,20,3,1.7378973,3.0,4.737897276878357
200,43,3,1.7845709,2.0,3.7845709323883057
204,20,3,1.8899193,3.0,4.889919281005859
211,47,3,1.7251829,2.0,3.725182890892029
202,20,3,1.7251348,2.0,3.72513484954834
202,15,3,1.9329178,3.0,4.932917833328247
209,12,3,2.092168,2.0,4.092168092727661
208,24,3,2.0000134,2.0,4.00001335144043
203,47,3,1.5192741,5.0,6.519274115562439
203,15,3,1.7591872,3.0,4.7591872215271
203,12,3,1.7574692,2.0,3.7574691772460938
209,43,3,2.4486272,2.0,4.448627233505249
208,38,3,1.833123,2.0,3.833122968673706
200,44,3,2.154711,5.0,7.154711008071899
215,24,3,2.0712965,5.0,7.071296453475952
216,6,3,1.686175,3.0,4.686174988746643
218,23,3,1.8413367,2.0,3.841336727142334
217,24,3,1.8282334,3.0,4.828233361244202
211,38,3,1.7940066,2.0,3.794006586074829
206,24,3,1.6446316,3.0,4.644631624221802
203,4,3,1.6296504,5.0,6.629650354385376
200,20,3,1.9019234,5.0,6.901923418045044
219,44,3,1.7832583,5.0,6.783258318901062
215,12,3,1.7941935,5.0,6.794193506240845
205,38,3,1.8176181,5.0,6.817618131637573
219,47,3,1.9342465,3.0,4.93424654006958
208,7,3,2.0819385,3.0,5.0819385051727295
219,21,3,1.7330598,5.0,6.733059763908386
211,21,3,1.5887908,2.0,3.588790774345398
209,5,3,1.8686342,3.0,4.868634223937988
204,39,3,1.9905897,3.0,4.990589737892151
199,21,3,1.7823992,3.0,4.7823991775512695
212,43,3,1.6957788,5.0,6.695778846740723
207,22,3,1.6016631,5.0,6.601663112640381
220,39,3,1.8128115,2.0,3.812811493873596
214,6,3,1.648241,2.0,3.6482410430908203
212,21,3,1.867737,3.0,4.867737054824829
206,44,3,1.8046794,3.0,4.8046793937683105
206,43,3,1.7945786,5.0,6.794578552246094
209,37,3,1.7610211,2.0,3.761021137237549
218,24,3,1.8279357,3.0,4.827935695648193
213,21,3,1.76965,3.0,4.769649982452393
213,22,3,2.2228,5.0,7.222800016403198
205,12,3,2.0058117,2.0,4.00581169128418
208,20,3,1.9047561,5.0,6.90475606918335
216,22,3,1.6892116,2.0,3.68921160697937
218,6,3,1.871633,5.0,6.871633052825928
207,6,3,1.6667967,2.0,3.6667966842651367
216,23,3,1.8279625,3.0,4.827962517738342
202,21,3,2.1865344,3.0,5.186534404754639
209,20,3,2.2247968,5.0,7.224796772003174
200,15,3,1.8629509,3.0,4.862950921058655
219,20,3,1.7795696,5.0,6.779569625854492
200,47,3,1.6211419,3.0,4.6211419105529785
218,37,3,1.8683171,5.0,6.868317127227783
201,41,3,1.4937458,2.0,3.493745803833008
210,41,3,1.6137209,5.0,6.613720893859863
209,7,3,1.8522072,5.0,6.852207183837891
206,12,3,1.4644212,5.0,6.4644211530685425
220,38,3,1.6569396,3.0,4.656939625740051
199,20,3,1.9378601,5.0,6.937860131263733
218,5,3,1.9417956,2.0,3.941795587539673
204,15,3,2.057877,2.0,4.057877063751221
206,4,3,1.6617806,3.0,4.661780595779419
220,21,3,1.6446551,3.0,4.644655108451843
199,38,3,2.2357538,5.0,7.235753774642944
212,22,3,1.9441509,5.0,6.944150924682617
206,39,3,1.9279448,5.0,6.927944779396057
212,6,3,1.9120907,5.0,6.9120906591415405
205,39,3,1.9362793,5.0,6.936279296875
200,12,3,1.8806789,2.0,3.88067889213562
199,39,3,2.2090082,2.0,4.20900821685791
214,47,3,2.0411928,5.0,7.0411927700042725
216,43,3,1.517859,3.0,4.517858982086182
214,15,3,1.9851317,3.0,4.985131740570068
215,37,3,1.5013325,2.0,3.5013325214385986
218,38,3,1.6007872,5.0,6.600787162780762
217,20,3,1.9236761,2.0,3.9236761331558228
217,2,3,1.8502803,2.0,3.850280284881592
203,20,3,1.7140564,5.0,6.714056372642517
207,24,3,1.7341183,2.0,3.734118342399597
212,47,3,1.8061037,5.0,6.806103706359863
214,4,3,1.7948521,2.0,3.794852137565613
207,39,3,1.6960927,5.0,6.69609272480011
210,5,3,1.8088343,5.0,6.8088343143463135
213,2,3,1.7276213,3.0,4.72762131690979
213,4,3,1.9245237,2.0,3.924523711204529
202,22,3,1.7350879,5.0,6.735087871551514
205,7,3,1.9728048,5.0,6.97280478477478
213,7,3,2.0686238,5.0,7.068623781204224
211,12,3,1.9344375,5.0,6.93443751335144
201,39,3,1.5693094,2.0,3.56930935382843
204,41,3,1.8312043,5.0,6.831204295158386
200,48,3,1.9799951,5.0,6.979995131492615
208,47,3,1.7119266,3.0,4.711926579475403
215,7,3,2.1225562,5.0,7.122556209564209
200,7,3,1.8373836,3.0,4.8373836278915405
220,2,3,2.0153408,5.0,7.015340805053711
219,48,3,2.1734807,3.0,5.173480749130249
206,2,3,1.9285074,5.0,6.928507447242737
212,20,3,1.702993,5.0,6.702993035316467
217,37,3,1.9737806,3.0,4.973780632019043
203,2,3,1.8705388,3.0,4.870538830757141
217,38,3,1.8015952,2.0,3.8015952110290527
209,2,3,2.1353598,5.0,7.135359764099121
213,43,3,1.6846318,5.0,6.684631824493408
217,15,3,1.830815,5.0,6.830814957618713
203,41,3,1.5882041,5.0,6.5882041454315186
213,47,3,1.5924938,3.0,4.592493772506714
219,15,3,2.129946,3.0,5.129945993423462
215,38,3,1.734374,5.0,6.734374046325684
216,5,3,1.7404991,3.0,4.740499138832092
207,47,3,1.6506987,3.0,4.650698661804199
210,12,3,1.8319342,3.0,4.831934213638306
203,48,3,1.5204003,5.0,6.520400285720825
205,48,3,1.5004365,2.0,3.500436544418335
204,12,3,1.7060277,3.0,4.7060277462005615
218,2,3,1.8590734,3.0,4.8590734004974365
218,4,3,1.9123452,3.0,4.9123451709747314
207,7,3,1.6143603,3.0,4.614360332489014
214,21,3,1.6906945,3.0,4.690694451332092
200,6,3,1.8508127,3.0,4.850812673568726
219,12,3,1.7960366,3.0,4.796036601066589
201,2,3,1.8106451,3.0,4.81064510345459
201,38,3,1.6922269,5.0,6.692226886749268
218,39,3,1.9499441,5.0,6.9499441385269165
216,2,3,1.4845293,2.0,3.4845292568206787
216,4,3,1.7752872,3.0,4.77528715133667
199,15,3,1.9653141,2.0,3.9653141498565674
214,39,3,2.126673,3.0,5.126672983169556
200,5,3,1.8054476,3.0,4.805447578430176
204,7,3,2.0741463,5.0,7.074146270751953
211,24,3,1.653957,2.0,3.6539570093154907
213,37,3,1.9215189,5.0,6.921518921852112
215,6,3,1.9940187,5.0,6.9940186738967896
199,41,3,1.9166752,5.0,6.9166752099990845
211,2,3,1.7380786,5.0,6.738078594207764
220,20,3,1.7912471,5.0,6.791247129440308
204,43,3,1.7052728,3.0,4.705272793769836
201,37,3,1.940598,2.0,3.9405980110168457
212,4,3,1.8258502,3.0,4.825850248336792
209,23,3,1.6388826,5.0,6.638882637023926
210,43,3,1.7186493,3.0,4.71864926815033
203,21,3,1.5166432,5.0,6.516643166542053
203,39,3,1.915621,2.0,3.915621042251587
217,4,3,1.8241113,3.0,4.824111342430115
213,48,3,1.9823279,5.0,6.982327938079834
202,48,3,1.6194656,5.0,6.619465589523315
211,43,3,1.7898085,5.0,6.789808511734009
205,41,3,1.6327806,5.0,6.6327805519104
217,48,3,1.9231567,5.0,6.92315673828125
216,24,3,1.8094279,3.0,4.809427857398987
208,21,3,1.6304493,5.0,6.630449295043945
202,23,3,1.7406383,2.0,3.740638256072998
210,21,3,1.7235031,5.0,6.723503112792969
212,2,3,1.869112,5.0,6.869112014770508
201,24,3,1.8178711,5.0,6.81787109375
207,48,3,1.6379417,5.0,6.6379417181015015
213,20,3,1.5207477,2.0,3.520747661590576
201,4,3,1.836139,5.0,6.836138963699341
208,6,3,1.8832812,2.0,3.8832812309265137
210,37,3,1.8375739,3.0,4.837573885917664
211,5,3,1.9751767,5.0,6.975176692008972
220,4,3,1.9385278,3.0,4.938527822494507
206,37,3,1.9439654,3.0,4.943965435028076
202,38,3,1.6096345,5.0,6.609634518623352
202,37,3,1.7031971,3.0,4.703197121620178
202,24,3,1.8625264,5.0,6.8625264167785645
211,44,3,1.8407903,2.0,3.840790271759033
204,2,3,1.7092763,5.0,6.70927631855011
211,39,3,1.9030765,5.0,6.903076529502869
209,47,3,2.1135533,5.0,7.113553285598755
206,23,3,1.8764808,5.0,6.8764808177948
219,7,3,2.1139662,5.0,7.113966226577759
213,12,3,1.8343006,5.0,6.834300637245178
218,41,3,1.7220851,2.0,3.722085118293762
207,2,3,1.7366688,2.0,3.736668825149536
204,44,3,1.9554318,3.0,4.955431818962097
217,39,3,2.1192746,3.0,5.119274616241455
210,2,3,1.6084214,5.0,6.608421444892883
205,43,3,1.6716433,5.0,6.671643257141113
200,4,3,1.8760643,2.0,3.8760643005371094
207,38,3,1.6239008,3.0,4.623900771141052
216,37,3,1.7641165,2.0,3.7641165256500244
217,47,3,1.4967773,5.0,6.496777296066284
201,5,3,1.8610165,5.0,6.861016511917114
205,6,3,1.7482166,5.0,6.74821662902832
211,20,3,1.8845236,2.0,3.884523630142212
215,39,3,1.672492,2.0,3.672492027282715
201,6,3,1.8730193,3.0,4.873019337654114
206,15,3,1.6613009,5.0,6.661300897598267
220,41,3,1.8947349,2.0,3.8947348594665527
214,24,3,1.7933059,2.0,3.7933058738708496
206,38,3,1.2952782,5.0,6.295278191566467
220,5,3,1.6911418,3.0,4.691141843795776
216,38,3,1.620313,3.0,4.620313048362732
202,39,3,1.8395821,3.0,4.839582085609436
212,39,3,2.0254023,5.0,7.025402307510376
212,7,3,1.9646287,5.0,6.96462869644165
212,12,3,1.913595,5.0,6.913594961166382
214,48,3,1.9884512,5.0,6.988451242446899
216,41,3,1.6555572,5.0,6.655557155609131
203,22,3,1.7447215,2.0,3.744721531867981
217,12,3,1.8684251,3.0,4.868425130844116
220,43,3,1.8842736,3.0,4.884273648262024
205,5,3,1.8552471,5.0,6.855247139930725
215,48,3,1.6588484,2.0,3.6588484048843384
201,23,3,1.8311272,5.0,6.831127166748047
218,43,3,1.7791114,3.0,4.779111385345459
206,47,3,1.7530494,2.0,3.753049373626709
213,39,3,1.8465409,5.0,6.846540927886963
207,12,3,1.6000454,3.0,4.600045442581177
200,2,3,1.7075558,5.0,6.707555770874023
217,44,3,1.9425156,3.0,4.94251561164856
210,4,3,1.8706118,5.0,6.870611786842346
204,6,3,1.843699,3.0,4.843698978424072
219,4,3,1.7327273,3.0,4.732727289199829
219,6,3,1.7344823,3.0,4.734482288360596
208,44,3,1.8573207,5.0,6.857320666313171
204,47,3,1.893085,3.0,4.89308500289917
205,4,3,1.8430882,3.0,4.843088150024414
212,15,3,1.9602818,3.0,4.960281848907471
199,12,3,2.0344265,5.0,7.03442645072937
207,20,3,1.903779,2.0,3.9037790298461914
209,15,3,2.073476,3.0,5.073476076126099
215,5,3,1.7828381,2.0,3.7828381061553955
220,6,3,1.8661911,5.0,6.866191148757935
213,38,3,1.4974331,2.0,3.497433066368103
204,5,3,1.7081938,3.0,4.708193778991699
214,2,3,1.6203018,3.0,4.620301842689514
212,48,3,1.6631404,3.0,4.663140416145325
210,38,3,1.5645318,3.0,4.5645318031311035
220,12,3,2.0152977,5.0,7.0152976512908936
220,15,3,1.8012671,3.0,4.801267147064209
209,44,3,2.1408095,2.0,4.140809535980225
217,7,3,2.1417048,5.0,7.141704797744751
201,7,3,2.0859935,5.0,7.085993528366089
212,37,3,1.5767338,3.0,4.576733827590942
212,38,3,1.7363001,2.0,3.7363001108169556
201,22,3,1.5671235,2.0,3.567123532295227
218,44,3,1.978842,3.0,4.97884202003479
208,4,3,1.6765616,5.0,6.676561594009399
199,7,3,2.0905364,3.0,5.09053635597229
201,12,3,1.8235768,3.0,4.823576807975769
210,15,3,1.8411095,5.0,6.84110951423645
214,7,3,1.9136962,3.0,4.9136961698532104
209,24,3,1.7054714,3.0,4.705471396446228
215,41,3,1.8170874,3.0,4.817087411880493
214,37,3,2.104146,3.0,5.1041460037231445
214,38,3,2.0290587,2.0,4.0290586948394775
207,21,3,1.4531624,2.0,3.453162431716919
199,43,3,2.0062153,3.0,5.006215333938599
202,47,3,1.654471,2.0,3.6544710397720337
202,44,3,2.1919093,2.0,4.191909313201904
217,41,3,1.7164241,3.0,4.716424107551575
208,23,3,1.9397352,3.0,4.939735174179077
205,47,3,1.782945,3.0,4.782945036888123
205,44,3,1.8867931,5.0,6.88679313659668
199,48,3,1.8524934,2.0,3.852493405342102
216,39,3,1.7880453,3.0,4.788045287132263
217,43,3,1.8504864,5.0,6.850486397743225
201,21,3,1.762037,3.0,4.762037038803101
208,2,3,1.8208103,5.0,6.820810317993164
204,48,3,1.5437647,3.0,4.543764710426331
212,41,3,1.5744767,2.0,3.574476718902588
211,41,3,1.7860081,5.0,6.78600811958313
213,44,3,2.0161667,5.0,7.016166687011719
206,20,3,1.7281375,2.0,3.728137493133545
202,41,3,1.8141577,3.0,4.814157724380493
199,47,3,1.9185364,5.0,6.918536424636841
215,2,3,1.6832786,3.0,4.683278560638428
215,4,3,1.8804394,3.0,4.880439400672913
204,4,3,1.7088113,3.0,4.708811283111572
211,37,3,1.8720546,2.0,3.8720545768737793
214,22,3,1.9733975,5.0,6.973397493362427
201,15,3,1.8021063,2.0,3.802106261253357
208,39,3,1.9327182,5.0,6.9327181577682495
213,15,3,2.045519,5.0,7.045519113540649
218,47,3,1.6277508,2.0,3.6277507543563843
214,12,3,1.9908969,5.0,6.990896940231323
205,2,3,1.7704945,3.0,4.77049446105957
215,44,3,1.8034663,3.0,4.803466320037842
215,47,3,2.0080914,3.0,5.008091449737549
207,37,3,1.9417143,3.0,4.941714286804199
202,43,3,1.7065,2.0,3.7065000534057617
209,39,3,1.6181388,2.0,3.6181387901306152
208,22,3,2.018774,5.0,7.018774032592773
199,44,3,1.9485836,5.0,6.948583602905273
211,4,3,1.9031819,5.0,6.9031819105148315
208,48,3,1.9584038,2.0,3.9584038257598877
209,4,3,2.1372256,5.0,7.13722562789917
210,47,3,1.5549198,3.0,4.5549198389053345
217,5,3,2.144002,3.0,5.1440019607543945
217,6,3,1.9224674,5.0,6.922467350959778
203,23,3,1.6002109,5.0,6.600210905075073
203,38,3,1.742882,5.0,6.742882013320923
199,5,3,1.8028688,5.0,6.802868843078613
203,24,3,1.7022939,3.0,4.702293872833252
201,20,4,1.2215396,3.0,4.221539616584778
206,21,4,1.5469626,4.5,6.04696261882782
209,2,4,1.732597,7.5,9.23259699344635
220,48,4,1.4753501,4.5,5.9753501415252686
199,5,4,2.417568,7.5,9.91756796836853
208,48,4,1.6672511,3.0,4.667251110076904
205,2,4,1.639163,4.5,6.139163017272949
213,15,4,2.4363003,7.5,9.936300277709961
203,37,4,1.4886683,4.5,5.988668322563171
217,6,4,2.5108585,7.5,10.010858535766602
203,24,4,1.5054475,4.5,6.005447506904602
203,38,4,2.4798598,7.5,9.979859828948975
203,23,4,2.5081167,7.5,10.008116722106934
206,22,4,2.5342035,7.5,10.03420352935791
204,23,4,2.555892,7.5,10.055891990661621
216,12,4,1.4995444,4.5,5.999544382095337
205,47,4,1.4435167,4.5,5.943516731262207
209,39,4,1.429287,3.0,4.429286956787109
202,43,4,1.0140606,3.0,4.014060616493225
207,37,4,1.5730283,4.5,6.073028326034546
220,7,4,1.5225253,4.5,6.022525310516357
215,47,4,1.4753478,4.5,5.9753477573394775
215,43,4,1.4600458,4.5,5.96004581451416
210,20,4,2.6300294,7.5,10.130029439926147
211,15,4,2.5104775,7.5,10.010477542877197
219,2,4,1.5092788,4.5,6.009278774261475
199,2,4,1.4135882,4.5,5.913588166236877
199,4,4,1.4299755,4.5,5.929975509643555
220,47,4,1.4865724,4.5,5.9865723848342896
209,4,4,1.6203443,7.5,9.120344281196594
201,15,4,1.0731488,3.0,4.073148846626282
218,48,4,1.3581333,4.5,5.858133316040039
220,12,4,2.5248942,7.5,10.02489423751831
207,12,4,1.5369961,4.5,6.036996126174927
216,39,4,1.5397573,4.5,6.039757251739502
199,48,4,1.0314617,3.0,4.031461715698242
209,24,4,1.8714546,4.5,6.37145459651947
214,7,4,1.5421107,4.5,6.0421106815338135
201,21,4,1.4931461,4.5,5.993146061897278
215,41,4,1.489319,4.5,5.9893189668655396
201,7,4,2.538689,7.5,10.038688898086548
201,12,4,1.7563117,4.5,6.256311655044556
219,4,4,1.4837482,4.5,5.983748197555542
204,48,4,1.5383422,4.5,6.038342237472534
214,22,4,2.482161,7.5,9.982161045074463
211,37,4,1.0489932,3.0,4.048993229866028
204,4,4,1.4703875,4.5,5.9703874588012695
215,4,4,1.5017604,4.5,6.001760363578796
213,38,4,0.9709351,3.0,3.970935106277466
220,6,4,2.4965372,7.5,9.996537208557129
215,5,4,0.9697062,3.0,3.969706177711487
209,15,4,1.6422263,4.5,6.142226338386536
208,39,4,2.141111,7.5,9.641110897064209
212,41,4,0.9993353,3.0,3.999335289001465
217,7,4,2.56321,7.5,10.063210010528564
209,44,4,2.106539,3.0,5.106539011001587
207,48,4,2.4784195,7.5,9.978419542312622
212,38,4,0.9858289,3.0,3.9858288764953613
212,37,4,1.6787992,4.5,6.178799152374268
217,43,4,2.4533124,7.5,9.953312397003174
202,44,4,1.1748387,3.0,4.174838662147522
202,47,4,1.13506,3.0,4.135059952735901
199,43,4,1.5261863,4.5,6.0261863470077515
220,15,4,1.5316457,4.5,6.031645655632019
212,7,4,2.5468655,7.5,10.046865463256836
212,39,4,2.504632,7.5,10.004631996154785
208,23,4,2.0569575,4.5,6.556957483291626
217,41,4,1.4183085,4.5,5.91830849647522
217,44,4,1.612725,4.5,6.112725019454956
204,47,4,1.3649071,4.5,5.864907145500183
208,44,4,1.6182675,7.5,9.11826753616333
201,22,4,1.0463797,3.0,4.0463796854019165
205,4,4,1.5143869,4.5,6.014386892318726
219,6,4,1.483111,4.5,5.983111023902893
208,4,4,1.6930397,7.5,9.193039655685425
210,15,4,2.5264711,7.5,10.026471138000488
218,44,4,1.4969815,4.5,5.996981501579285
205,44,4,2.5030804,7.5,10.003080368041992
214,2,4,1.4471171,4.5,5.94711709022522
204,5,4,1.6330559,4.5,6.133055925369263
216,38,4,1.5282962,4.5,6.028296232223511
220,5,4,1.4924588,4.5,5.992458820343018
206,38,4,2.4657137,7.5,9.965713739395142
217,47,4,2.5051665,7.5,10.00516653060913
214,37,4,1.7994506,4.5,6.299450635910034
199,7,4,1.5668894,4.5,6.066889405250549
220,43,4,1.4685941,4.5,5.968594074249268
217,12,4,1.5159974,4.5,6.015997409820557
203,22,4,1.0228224,3.0,4.022822380065918
215,48,4,0.9937374,3.0,3.9937373995780945
205,5,4,2.4968507,7.5,9.996850728988647
201,6,4,1.51307,4.5,6.013069987297058
210,4,4,2.4803133,7.5,9.980313301086426
204,2,4,2.5513554,7.5,10.051355361938477
214,48,4,2.299172,7.5,9.799171924591064
212,12,4,2.4681118,7.5,9.968111753463745
205,48,4,0.9968561,3.0,3.9968560934066772
213,39,4,2.5059128,7.5,10.005912780761719
216,41,4,2.5358346,7.5,10.035834550857544
216,37,4,1.105768,3.0,4.1057679653167725
211,20,4,1.036216,3.0,4.0362160205841064
204,43,4,1.579701,4.5,6.079700946807861
201,5,4,2.496937,7.5,9.996937036514282
206,47,4,1.2204733,3.0,4.220473289489746
218,43,4,1.4881537,4.5,5.988153696060181
201,23,4,2.5060203,7.5,10.006020307540894
207,21,4,1.0301274,3.0,4.0301274061203
214,38,4,1.0518275,3.0,4.051827549934387
200,2,4,2.4626935,7.5,9.962693452835083
212,48,4,1.4930782,4.5,5.993078231811523
207,38,4,1.4464775,4.5,5.94647753238678
202,39,4,1.4852816,4.5,5.985281586647034
206,37,4,1.6342727,4.5,6.1342726945877075
220,4,4,1.5038033,4.5,6.003803253173828
211,5,4,2.495353,7.5,9.995352983474731
210,37,4,1.1140947,4.5,5.6140947341918945
204,7,4,2.5644956,7.5,10.06449556350708
205,6,4,2.4715176,7.5,9.971517562866211
209,23,4,1.6463801,7.5,9.146380066871643
204,44,4,1.4102848,4.5,5.910284757614136
207,2,4,1.0008568,3.0,4.0008567571640015
218,41,4,1.0639169,3.0,4.063916921615601
213,12,4,2.4813256,7.5,9.981325626373291
219,7,4,2.5460944,7.5,10.046094417572021
215,39,4,1.1643286,3.0,4.164328575134277
204,6,4,1.5032375,4.5,6.00323748588562
217,39,4,1.438101,4.5,5.938101053237915
211,44,4,0.98549384,3.0,3.985493838787079
210,2,4,2.4994273,7.5,9.999427318572998
208,21,4,1.3974986,7.5,8.897498607635498
205,41,4,2.4814963,7.5,9.981496334075928
213,20,4,1.1076984,3.0,4.107698440551758
201,24,4,2.4824183,7.5,9.982418298721313
207,20,4,1.0061193,3.0,4.006119251251221
199,12,4,2.4376092,7.5,9.937609195709229
212,15,4,1.5066428,4.5,6.006642818450928
206,15,4,2.526682,7.5,10.026681900024414
209,47,4,1.647158,7.5,9.147158026695251
212,2,4,2.502518,7.5,10.002517938613892
210,21,4,2.5198321,7.5,10.019832134246826
200,4,4,1.0332125,3.0,4.0332125425338745
205,43,4,2.0496383,7.5,9.549638271331787
202,24,4,2.4461384,7.5,9.946138381958008
202,38,4,2.4863834,7.5,9.986383438110352
213,37,4,2.539029,7.5,10.039028882980347
211,24,4,1.0512303,3.0,4.051230311393738
200,5,4,1.5535675,4.5,6.05356752872467
200,6,4,1.504871,4.5,6.0048710107803345
202,23,4,1.2494148,3.0,4.249414801597595
211,39,4,2.4852014,7.5,9.985201358795166
214,24,4,1.0132502,3.0,4.013250231742859
217,4,4,1.435054,4.5,5.9350539445877075
203,39,4,1.2343098,3.0,4.234309792518616
212,4,4,1.5238442,4.5,6.023844242095947
208,6,4,1.7343483,3.0,4.734348297119141
201,4,4,2.5045905,7.5,10.004590511322021
217,48,4,2.5354402,7.5,10.03544020652771
211,2,4,2.4482813,7.5,9.948281288146973
220,20,4,2.4860082,7.5,9.986008167266846
199,41,4,2.4125948,7.5,9.91259479522705
219,15,4,1.3679277,4.5,5.867927670478821
216,2,4,0.9947024,3.0,3.994702398777008
218,39,4,2.4996564,7.5,9.999656438827515
201,38,4,2.4759264,7.5,9.975926399230957
201,2,4,1.4841816,4.5,5.984181642532349
219,12,4,1.5438416,4.5,6.043841600418091
201,37,4,1.052892,3.0,4.052891969680786
203,2,4,1.4571558,4.5,5.957155823707581
212,20,4,2.4747963,7.5,9.974796295166016
206,2,4,2.5304189,7.5,10.030418872833252
212,47,4,2.4434302,7.5,9.943430185317993
211,43,4,2.4521964,7.5,9.9521963596344
202,48,4,2.4543812,7.5,9.954381227493286
207,7,4,1.4815369,4.5,5.981536865234375
216,24,4,1.5306656,4.5,6.030665636062622
215,6,4,2.4888504,7.5,9.988850355148315
211,12,4,2.4078574,7.5,9.907857418060303
213,7,4,2.558094,7.5,10.058094024658203
210,12,4,1.4794538,4.5,5.979453802108765
207,47,4,1.4434588,4.5,5.943458795547485
216,5,4,1.492657,4.5,5.992656946182251
215,38,4,2.4753609,7.5,9.975360870361328
205,7,4,2.5228982,7.5,10.022898197174072
218,4,4,1.4659106,4.5,5.96591055393219
218,2,4,1.4622453,4.5,5.962245345115662
204,12,4,1.4105365,4.5,5.910536527633667
220,2,4,2.5424166,7.5,10.0424165725708
200,7,4,1.5276791,4.5,6.027679085731506
212,6,4,2.5156686,7.5,10.015668630599976
208,47,4,1.2887217,4.5,5.788721680641174
202,22,4,2.44527,7.5,9.94527006149292
215,7,4,2.5206141,7.5,10.02061414718628
216,43,4,1.4672682,4.5,5.967268228530884
214,47,4,2.4715242,7.5,9.971524238586426
199,39,4,1.1305861,3.0,4.13058614730835
203,48,4,2.4607086,7.5,9.960708618164062
217,38,4,1.0997045,3.0,4.0997045040130615
214,21,4,1.535432,4.5,6.035431981086731
213,4,4,1.0669062,3.0,4.066906213760376
213,2,4,1.5511822,4.5,6.051182150840759
214,15,4,1.5706606,4.5,6.070660591125488
200,48,4,2.5062318,7.5,10.006231784820557
216,4,4,1.5007442,4.5,6.0007442235946655
203,21,4,2.377957,7.5,9.877957105636597
220,41,4,1.0932907,3.0,4.093290686607361
210,43,4,1.2776618,4.5,5.7776618003845215
204,41,4,2.526072,7.5,10.026072025299072
201,39,4,0.94859403,3.0,3.948594033718109
217,15,4,2.427308,7.5,9.927308082580566
213,43,4,2.3687449,7.5,9.868744850158691
206,23,4,2.3451219,7.5,9.84512186050415
214,39,4,1.4962919,4.5,5.996291875839233
199,15,4,1.0541098,3.0,4.054109811782837
203,41,4,2.4211884,7.5,9.921188354492188
205,12,4,1.0694087,3.0,4.069408655166626
215,37,4,1.1491742,3.0,4.149174213409424
210,5,4,2.506764,7.5,10.006763935089111
207,39,4,2.421915,7.5,9.921915054321289
214,4,4,1.0821412,3.0,4.082141160964966
219,48,4,1.5908066,4.5,6.090806603431702
200,12,4,1.1808133,3.0,4.180813312530518
205,39,4,2.5352476,7.5,10.035247564315796
206,39,4,2.5176015,7.5,10.017601490020752
207,24,4,0.9587413,3.0,3.958741307258606
212,22,4,2.5168662,7.5,10.016866207122803
202,20,4,0.9867831,3.0,3.9867830872535706
212,21,4,1.3579662,4.5,5.857966184616089
219,21,4,2.526462,7.5,10.026462078094482
214,6,4,1.0198483,3.0,4.019848346710205
201,41,4,0.9649507,3.0,3.964950680732727
200,47,4,1.4177848,4.5,5.917784810066223
219,20,4,2.5049796,7.5,10.004979610443115
218,38,4,2.4641333,7.5,9.964133262634277
204,15,4,1.0476198,3.0,4.047619819641113
203,4,4,2.4293873,7.5,9.929387331008911
199,38,4,2.4033518,7.5,9.903351783752441
220,21,4,1.5195787,4.5,6.019578695297241
206,4,4,1.5471079,4.5,6.047107934951782
217,37,4,1.3616853,4.5,5.861685276031494
218,5,4,1.027186,3.0,4.027186036109924
219,44,4,2.453952,7.5,9.953952074050903
200,20,4,2.5156605,7.5,10.015660524368286
203,20,4,2.468284,7.5,9.968283891677856
217,2,4,1.3931746,3.0,4.393174648284912
217,20,4,1.2478133,3.0,4.24781334400177
213,47,4,1.449666,4.5,5.9496660232543945
220,39,4,0.9857836,3.0,3.985783576965332
199,20,4,2.5362093,7.5,10.036209344863892
218,24,4,1.512489,4.5,6.012488961219788
209,37,4,1.7676877,3.0,4.767687678337097
206,44,4,1.5494196,4.5,6.049419641494751
200,15,4,1.5104651,4.5,6.010465145111084
216,22,4,1.0834951,3.0,4.083495140075684
203,47,4,2.5998273,7.5,10.099827289581299
208,24,4,1.7020855,3.0,4.702085494995117
209,12,4,1.6768963,3.0,4.676896333694458
204,39,4,1.4373641,4.5,5.937364101409912
209,5,4,1.7836379,4.5,6.283637881278992
211,21,4,0.95387477,3.0,3.9538747668266296
208,7,4,1.7804129,4.5,6.280412912368774
210,22,4,2.503759,7.5,10.003758907318115
213,22,4,2.5602984,7.5,10.060298442840576
213,21,4,1.4893277,4.5,5.989327669143677
218,37,4,2.5514731,7.5,10.051473140716553
202,21,4,1.4995182,4.5,5.999518156051636
216,23,4,1.406522,4.5,5.906522035598755
207,6,4,0.9724506,3.0,3.972450613975525
218,6,4,2.4846044,7.5,9.984604358673096
208,20,4,1.8929163,7.5,9.392916321754456
205,38,4,2.467771,7.5,9.967771053314209
215,12,4,2.478097,7.5,9.978096961975098
219,47,4,1.4296132,4.5,5.92961323261261
206,12,4,2.4575274,7.5,9.95752739906311
209,7,4,1.5244795,7.5,9.024479508399963
210,41,4,2.2600727,7.5,9.760072708129883
209,43,4,1.2798648,3.0,4.27986478805542
203,12,4,1.2185315,3.0,4.218531489372253
216,6,4,1.4639338,4.5,5.963933825492859
215,24,4,2.3753533,7.5,9.875353336334229
202,15,4,1.4795494,4.5,5.979549407958984
211,47,4,0.9831848,3.0,3.983184814453125
204,20,4,1.3172671,4.5,5.817267060279846
209,20,4,1.3909088,7.5,8.89090883731842
205,37,4,1.041605,3.0,4.041604995727539
219,43,4,1.1538272,3.0,4.15382719039917
218,7,4,2.5146255,7.5,10.014625549316406
216,44,4,2.537787,7.5,10.037786960601807
200,44,4,2.4693694,7.5,9.969369411468506
206,24,4,1.1937397,4.5,5.693739652633667
211,38,4,1.0478431,3.0,4.047843098640442
217,24,4,1.4874678,4.5,5.9874677658081055
211,23,4,1.6622173,4.5,6.1622172594070435
210,24,4,2.4933171,7.5,9.993317127227783
209,6,4,1.4622278,7.5,8.962227821350098
205,20,4,1.5536418,4.5,6.0536417961120605
207,44,4,2.466149,7.5,9.966149091720581
207,4,4,1.458166,4.5,5.958166003227234
219,23,4,1.0716122,3.0,4.071612238883972
219,22,4,2.4992473,7.5,9.999247312545776
200,43,4,1.0297695,3.0,4.029769539833069
205,15,4,1.3422982,4.5,5.842298150062561
201,43,4,1.7897487,4.5,6.289748668670654
218,23,4,1.0913751,3.0,4.091375112533569
220,38,4,1.4897057,4.5,5.989705681800842
214,44,4,1.4580245,4.5,5.958024501800537
220,23,4,1.6058406,4.5,6.105840563774109
199,37,4,2.631895,7.5,10.131895065307617
203,5,4,0.9757084,3.0,3.9757084250450134
215,15,4,1.4723328,4.5,5.972332835197449
207,22,4,2.4276757,7.5,9.927675724029541
208,38,4,1.5171716,3.0,4.517171621322632
212,43,4,2.4936137,7.5,9.993613719940186
199,21,4,1.4187305,4.5,5.9187304973602295
203,43,4,1.405343,4.5,5.905343055725098
217,21,4,2.5719466,7.5,10.071946620941162
218,22,4,1.0969946,3.0,4.096994638442993
211,22,4,2.4947667,7.5,9.99476671218872
200,41,4,1.0673895,3.0,4.067389488220215
220,22,4,1.5083287,4.5,6.008328676223755
210,39,4,1.5183719,4.5,6.018371939659119
218,12,4,2.491877,7.5,9.99187707901001
205,24,4,1.6371894,4.5,6.1371893882751465
200,22,4,2.511012,7.5,10.011012077331543
219,41,4,2.4717157,7.5,9.971715688705444
204,37,4,1.0410595,3.0,4.041059494018555
211,48,4,2.3725243,7.5,9.87252426147461
215,23,4,1.5182806,4.5,6.018280625343323
208,12,4,2.1211905,7.5,9.621190547943115
208,43,4,1.3560419,7.5,8.85604190826416
211,7,4,1.5362855,4.5,6.0362855195999146
204,38,4,1.4603251,4.5,5.960325121879578
201,44,4,1.5078757,4.5,6.007875680923462
203,15,4,1.4984341,4.5,5.998434066772461
216,21,4,2.4062135,7.5,9.906213521957397
204,21,4,2.4942036,7.5,9.994203567504883
202,12,4,1.4312799,4.5,5.931279897689819
203,6,4,2.4262314,7.5,9.926231384277344
212,44,4,2.5745506,7.5,10.07455062866211
206,5,4,1.2455394,3.0,4.245539426803589
209,41,4,1.6592149,4.5,6.1592148542404175
207,23,4,1.5222825,4.5,6.0222824811935425
217,23,4,1.1408923,3.0,4.140892267227173
213,24,4,2.5146112,7.5,10.01461124420166
220,37,4,1.5008892,4.5,6.000889182090759
206,7,4,2.4843745,7.5,9.984374523162842
199,22,4,1.5094627,4.5,6.0094627141952515
208,41,4,1.7851353,7.5,9.285135269165039
203,7,4,2.4999247,7.5,9.999924659729004
210,7,4,2.5259867,7.5,10.025986671447754
200,21,4,1.0318927,3.0,4.031892657279968
204,22,4,1.1226811,3.0,4.122681140899658
207,41,4,0.9403675,3.0,3.9403675198554993
207,43,4,1.158712,3.0,4.158712029457092
209,38,4,1.5486984,3.0,4.548698425292969
213,5,4,2.4892745,7.5,9.989274501800537
211,6,4,1.5248989,4.5,6.024898886680603
216,20,4,1.9203479,7.5,9.420347929000854
201,47,4,2.4782715,7.5,9.978271484375
201,48,4,1.4773943,4.5,5.977394342422485
219,24,4,1.5032213,4.5,6.003221273422241
200,39,4,2.4933276,7.5,9.993327617645264
209,22,4,1.6251493,7.5,9.125149250030518
216,7,4,2.518222,7.5,10.018222093582153
212,24,4,2.4572508,7.5,9.957250833511353
212,5,4,2.4934525,7.5,9.993452548980713
214,41,4,1.0843955,3.0,4.084395527839661
216,15,4,2.433476,7.5,9.933475971221924
202,7,4,1.4926033,4.5,5.992603302001953
206,6,4,2.4113426,7.5,9.91134262084961
207,15,4,2.4969175,7.5,9.996917486190796
203,44,4,2.443829,7.5,9.94382905960083
209,21,4,1.8634479,3.0,4.863447904586792
215,22,4,2.4852128,7.5,9.985212802886963
213,6,4,2.5018117,7.5,10.001811742782593
202,2,4,2.469502,7.5,9.969501972198486
218,21,4,1.0642315,3.0,4.064231514930725
204,24,4,1.459028,4.5,5.959028005599976
210,23,4,1.4674995,4.5,5.967499494552612
219,37,4,2.4790003,7.5,9.979000329971313
200,38,4,2.4648747,7.5,9.964874744415283
200,23,4,1.5508788,4.5,6.0508787631988525
208,15,4,1.7819449,7.5,9.281944870948792
215,20,4,1.0238068,3.0,4.023806810379028
205,23,4,1.089739,3.0,4.089738965034485
200,24,4,2.5074272,7.5,10.007427215576172
219,38,4,1.59503,4.5,6.095029950141907
214,20,4,2.4685338,7.5,9.968533754348755
218,20,4,1.4550284,4.5,5.955028414726257
210,6,4,1.4716685,4.5,5.971668481826782
213,23,4,2.4389663,7.5,9.938966274261475
216,48,4,2.4363768,7.5,9.936376810073853
208,37,4,2.2036633,7.5,9.703663349151611
199,23,4,2.5414104,7.5,10.041410446166992
214,23,4,2.5433037,7.5,10.043303728103638
216,47,4,1.1470252,4.5,5.647025227546692
205,21,4,1.6247029,4.5,6.1247029304504395
202,6,4,1.4844273,4.5,5.984427332878113
220,24,4,1.5549611,4.5,6.054961085319519
210,48,4,2.4874754,7.5,9.987475395202637
199,24,4,1.3018607,4.5,5.801860690116882
206,41,4,1.4550514,4.5,5.955051422119141
200,37,4,1.0368357,3.0,4.036835670471191
215,21,4,1.0518162,3.0,4.05181622505188
214,5,4,2.493455,7.5,9.993454933166504
213,48,4,2.5106778,7.5,10.010677814483643
212,23,4,1.6720254,4.5,6.172025442123413
213,41,4,1.4164474,4.5,5.916447401046753
217,22,4,1.2106134,3.0,4.210613369941711
209,48,4,1.4435207,3.0,4.443520665168762
214,43,4,2.4706533,7.5,9.970653295516968
205,22,4,2.5251703,7.5,10.02517032623291
202,4,4,1.0922276,3.0,4.092227578163147
219,39,4,2.4856844,7.5,9.985684394836426
207,5,4,2.4467757,7.5,9.946775674819946
202,5,4,1.502803,4.5,6.0028029680252075
218,15,4,2.4997497,7.5,9.999749660491943
215,2,4,1.5045624,4.5,6.0045623779296875
199,47,4,2.3971102,7.5,9.897110223770142
208,22,4,1.6991262,7.5,9.199126243591309
202,41,4,1.497752,4.5,5.997751951217651
208,2,4,1.6194222,7.5,9.119422197341919
217,5,4,1.4244832,4.5,5.9244831800460815
220,44,4,2.484645,7.5,9.984644889831543
206,20,4,1.2565707,3.0,4.2565706968307495
213,44,4,2.4681609,7.5,9.96816086769104
211,41,4,2.5205529,7.5,10.02055287361145
215,44,4,1.499428,4.5,5.999428033828735
218,47,4,1.073019,3.0,4.073019027709961
210,47,4,1.3439016,4.5,5.843901634216309
210,38,4,1.6478511,4.5,6.1478511095047
211,4,4,2.4809437,7.5,9.98094367980957
199,44,4,2.4914653,7.5,9.991465330123901
206,48,4,2.3430834,7.5,9.843083381652832
214,12,4,2.5158734,7.5,10.015873432159424
199,6,4,1.0421693,3.0,4.0421693325042725
210,44,4,2.5297248,7.5,10.029724836349487
206,22,5,2.5711653,10.0,12.571165323257446
206,48,5,2.3795714,10.0,12.379571437835693
218,48,5,1.2662413,6.0,7.2662413120269775
201,20,5,1.0150142,4.0,5.015014171600342
204,48,5,1.5497296,6.0,7.549729585647583
206,21,5,1.4772663,6.0,7.477266311645508
209,2,5,1.8273873,10.0,11.82738733291626
207,37,5,1.3494054,6.0,7.349405407905579
203,37,5,1.5112486,6.0,7.511248588562012
217,6,5,2.493825,10.0,12.49382495880127
203,24,5,1.5011506,6.0,7.501150608062744
203,38,5,2.4214487,10.0,12.421448707580566
203,23,5,2.5551233,10.0,12.555123329162598
213,44,5,2.4727988,10.0,12.472798824310303
218,20,5,1.4710289,6.0,7.471028923988342
204,23,5,2.5045424,10.0,12.504542350769043
206,41,5,1.3770062,6.0,7.37700617313385
205,22,5,2.447626,10.0,12.447626113891602
215,21,5,1.0175924,4.0,5.017592430114746
214,5,5,2.5032153,10.0,12.503215312957764
216,12,5,1.5095904,6.0,7.50959038734436
213,23,5,2.446477,10.0,12.446476936340332
207,43,5,1.2610508,4.0,5.261050820350647
213,48,5,2.4676356,10.0,12.46763563156128
212,23,5,1.5529788,6.0,7.552978754043579
213,41,5,1.4804497,6.0,7.480449676513672
217,22,5,1.1529799,4.0,5.152979850769043
209,48,5,1.5670127,4.0,5.567012667655945
214,43,5,2.5041447,10.0,12.504144668579102
213,22,5,2.521018,10.0,12.521018028259277
209,6,5,1.6821686,10.0,11.68216860294342
200,37,5,1.0155902,4.0,5.015590190887451
209,21,5,1.8731141,4.0,5.873114109039307
219,39,5,2.50427,10.0,12.504270076751709
202,5,5,1.2721509,6.0,7.272150874137878
218,15,5,2.5137682,10.0,12.513768196105957
216,15,5,2.414845,10.0,12.414844989776611
200,24,5,2.4670799,10.0,12.467079877853394
219,38,5,1.7107892,6.0,7.710789203643799
214,20,5,2.4882288,10.0,12.488228797912598
202,4,5,1.0460885,4.0,5.046088457107544
210,6,5,1.5079033,6.0,7.507903337478638
216,48,5,2.3741674,10.0,12.374167442321777
208,37,5,2.330947,10.0,12.330946922302246
199,23,5,2.512342,10.0,12.512341976165771
214,23,5,2.5286593,10.0,12.528659343719482
216,47,5,1.2092879,6.0,7.209287881851196
207,5,5,2.4628253,10.0,12.462825298309326
216,20,5,2.386827,10.0,12.386826992034912
211,23,5,1.7707361,6.0,7.77073609828949
220,24,5,1.6919441,6.0,7.691944122314453
210,48,5,2.4790204,10.0,12.479020357131958
199,24,5,1.3676171,6.0,7.367617130279541
206,6,5,2.493876,10.0,12.493875980377197
203,44,5,2.446446,10.0,12.446445941925049
211,22,5,2.5030403,10.0,12.503040313720703
205,21,5,1.6017913,6.0,7.601791262626648
213,6,5,2.4712985,10.0,12.471298456192017
208,12,5,2.0329938,10.0,12.032993793487549
202,2,5,2.489069,10.0,12.489068984985352
218,21,5,1.0138371,4.0,5.013837099075317
204,24,5,1.4902318,6.0,7.49023175239563
210,23,5,1.532495,6.0,7.532495021820068
219,37,5,2.5494962,10.0,12.549496173858643
200,23,5,1.6355146,6.0,7.635514616966248
208,15,5,1.9010875,10.0,11.901087522506714
215,20,5,0.98793054,4.0,4.987930536270142
205,23,5,1.1489232,4.0,5.14892315864563
202,6,5,1.4265898,6.0,7.426589846611023
213,5,5,2.471941,10.0,12.471940994262695
211,6,5,1.4509826,6.0,7.450982570648193
200,38,5,2.4661915,10.0,12.466191530227661
212,24,5,2.4614544,10.0,12.461454391479492
201,47,5,2.4677184,10.0,12.467718362808228
201,48,5,1.5833406,6.0,7.583340644836426
219,24,5,1.4128219,6.0,7.412821888923645
200,39,5,2.4717443,10.0,12.471744298934937
216,7,5,2.448773,10.0,12.44877290725708
203,6,5,2.4288998,10.0,12.428899765014648
212,44,5,2.5124078,10.0,12.512407779693604
206,5,5,1.1878648,4.0,5.187864780426025
207,23,5,1.5278125,6.0,7.527812480926514
217,23,5,1.0374539,4.0,5.037453889846802
202,7,5,1.4988306,6.0,7.498830556869507
213,24,5,2.4820092,10.0,12.482009172439575
214,41,5,1.0319898,4.0,5.031989812850952
220,37,5,1.3760008,6.0,7.376000761985779
206,7,5,2.5028875,10.0,12.502887487411499
212,15,5,1.5223966,6.0,7.522396564483643
199,22,5,1.4689994,6.0,7.46899938583374
203,7,5,2.456837,10.0,12.456836938858032
212,5,5,2.5041018,10.0,12.504101753234863
215,22,5,2.5052626,10.0,12.505262613296509
219,23,5,1.1038699,4.0,5.103869915008545
210,7,5,2.4947996,10.0,12.494799613952637
212,39,5,2.4640121,10.0,12.464012145996094
212,38,5,1.0055684,4.0,5.0055683851242065
200,21,5,1.035616,4.0,5.035616040229797
204,22,5,1.1278882,4.0,5.127888202667236
207,41,5,0.9215871,4.0,4.921587109565735
218,12,5,2.47994,10.0,12.479939937591553
205,24,5,1.588684,6.0,7.5886839628219604
200,22,5,2.4856982,10.0,12.485698223114014
219,41,5,2.5285997,10.0,12.528599739074707
218,22,5,1.0149834,4.0,5.014983415603638
204,37,5,0.9923478,4.0,4.992347776889801
211,48,5,2.4943848,10.0,12.494384765625
215,23,5,1.596334,6.0,7.596333980560303
208,43,5,1.6212275,10.0,11.621227502822876
204,38,5,1.4809976,6.0,7.480997562408447
201,44,5,1.5299542,6.0,7.529954195022583
216,21,5,2.4264286,10.0,12.42642855644226
204,21,5,2.440128,10.0,12.440128087997437
214,44,5,1.4014888,6.0,7.401488780975342
220,23,5,1.6908664,6.0,7.6908663511276245
199,37,5,2.516039,10.0,12.51603889465332
203,5,5,0.9898211,4.0,4.989821076393127
202,12,5,1.4641652,6.0,7.464165210723877
215,15,5,1.5148392,6.0,7.514839172363281
212,43,5,2.504159,10.0,12.504158973693848
199,21,5,1.424162,6.0,7.424162030220032
212,12,5,2.482799,10.0,12.482799053192139
203,43,5,1.4205691,6.0,7.420569062232971
217,21,5,2.5096438,10.0,12.509643793106079
211,7,5,1.4572045,6.0,7.457204461097717
200,41,5,1.0438452,4.0,5.043845176696777
216,44,5,2.6227207,10.0,12.622720718383789
220,22,5,1.6055617,6.0,7.60556173324585
210,39,5,1.5031776,6.0,7.503177642822266
206,24,5,1.1933321,6.0,7.193332076072693
211,38,5,1.0220609,4.0,5.022060871124268
217,24,5,1.5412927,6.0,7.541292667388916
209,4,5,1.6418633,10.0,11.641863346099854
213,4,5,1.0479611,4.0,5.047961115837097
205,20,5,1.5670158,6.0,7.567015767097473
216,6,5,1.4994226,6.0,7.499422550201416
207,44,5,2.4986205,10.0,12.498620510101318
207,4,5,1.4753128,6.0,7.475312829017639
219,22,5,2.4866083,10.0,12.486608266830444
200,43,5,0.968612,4.0,4.968612015247345
205,15,5,1.5361433,6.0,7.5361433029174805
201,43,5,1.5907321,6.0,7.590732097625732
220,38,5,1.5115538,6.0,7.511553764343262
206,12,5,2.4406102,10.0,12.44061017036438
210,41,5,2.2854652,10.0,12.285465240478516
209,43,5,1.2862314,4.0,5.2862313985824585
203,12,5,1.1123866,4.0,5.112386584281921
218,23,5,1.0430045,4.0,5.043004512786865
215,24,5,2.4248345,10.0,12.424834489822388
200,20,5,2.3377285,10.0,12.337728500366211
202,15,5,1.4498875,6.0,7.44988751411438
204,20,5,1.2992839,6.0,7.299283862113953
209,20,5,1.6103106,10.0,11.610310554504395
205,37,5,1.0134008,4.0,5.0134007930755615
219,43,5,1.070617,4.0,5.070616960525513
218,7,5,2.4762464,10.0,12.476246356964111
210,5,5,2.5071943,10.0,12.50719428062439
200,44,5,2.5135312,10.0,12.51353120803833
204,39,5,1.3335754,6.0,7.333575367927551
211,21,5,0.95514005,4.0,4.955140054225922
208,7,5,1.8937818,6.0,7.893781781196594
210,22,5,2.4791346,10.0,12.479134559631348
215,37,5,1.0392997,4.0,5.039299726486206
213,21,5,1.4749811,6.0,7.474981069564819
202,21,5,1.469687,6.0,7.469686985015869
207,6,5,0.9714466,4.0,4.9714465737342834
218,6,5,2.465231,10.0,12.465230941772461
208,20,5,1.7209258,10.0,11.72092580795288
205,38,5,2.4300518,10.0,12.430051803588867
219,44,5,2.5197206,10.0,12.519720554351807
203,15,5,1.5265042,6.0,7.526504158973694
203,20,5,2.373622,10.0,12.373621940612793
207,22,5,2.4589126,10.0,12.45891261100769
217,20,5,1.2365333,4.0,5.236533284187317
199,20,5,2.4728217,10.0,12.472821712493896
218,24,5,1.5352633,6.0,7.535263299942017
209,37,5,1.8343344,4.0,5.834334373474121
200,15,5,1.5429578,6.0,7.542957782745361
216,22,5,1.1207649,4.0,5.120764851570129
209,41,5,1.6906942,6.0,7.690694212913513
203,47,5,2.5546741,10.0,12.55467414855957
208,24,5,1.6594458,4.0,5.659445762634277
209,12,5,1.5992292,4.0,5.599229216575623
212,22,5,2.4934678,10.0,12.493467807769775
209,38,5,1.5759518,4.0,5.575951814651489
202,20,5,0.96882725,4.0,4.968827247619629
206,44,5,1.4266534,6.0,7.4266533851623535
212,21,5,1.1316396,6.0,7.13163959980011
209,22,5,1.6433042,10.0,11.643304228782654
219,21,5,2.4839296,10.0,12.483929634094238
214,6,5,1.0318111,4.0,5.0318111181259155
201,41,5,0.97045165,4.0,4.970451653003693
200,47,5,1.5140299,6.0,7.514029860496521
219,20,5,2.4940515,10.0,12.494051456451416
218,38,5,2.4926972,10.0,12.49269723892212
207,24,5,0.97381485,4.0,4.973814845085144
203,4,5,2.3872023,10.0,12.387202262878418
199,38,5,2.272548,10.0,12.272547960281372
206,2,5,2.5051322,10.0,12.50513219833374
206,4,5,1.3843035,6.0,7.384303450584412
204,15,5,1.1303442,4.0,5.1303441524505615
218,5,5,0.9974775,4.0,4.997477471828461
206,39,5,2.4716127,10.0,12.471612691879272
215,12,5,2.4452968,10.0,12.44529676437378
217,15,5,2.3115926,10.0,12.31159257888794
206,23,5,2.5193229,10.0,12.519322872161865
199,15,5,1.0533631,4.0,5.053363084793091
213,47,5,1.517697,6.0,7.517696976661682
203,41,5,2.4202123,10.0,12.420212268829346
218,37,5,2.5399375,10.0,12.539937496185303
209,5,5,1.8921514,6.0,7.892151355743408
205,12,5,1.0148859,4.0,5.014885902404785
213,2,5,1.5447681,6.0,7.5447680950164795
218,4,5,1.5020769,6.0,7.502076864242554
214,4,5,1.0357747,4.0,5.0357747077941895
219,48,5,1.4781096,6.0,7.47810959815979
200,12,5,1.0750957,4.0,5.0750956535339355
205,39,5,2.4491477,10.0,12.449147701263428
219,47,5,1.4124379,6.0,7.412437915802002
210,24,5,2.4682035,10.0,12.4682035446167
216,23,5,1.3345721,6.0,7.334572076797485
217,37,5,1.3676702,6.0,7.367670178413391
216,43,5,1.4797711,6.0,7.479771137237549
214,47,5,2.514493,10.0,12.514492988586426
220,21,5,1.5618562,6.0,7.561856150627136
199,39,5,1.0537544,4.0,5.053754448890686
203,48,5,2.3829174,10.0,12.382917404174805
215,7,5,2.4940996,10.0,12.494099617004395
214,15,5,1.641708,6.0,7.641708016395569
200,48,5,2.4985476,10.0,12.498547554016113
216,5,5,1.5178872,6.0,7.517887234687805
216,4,5,1.4719865,6.0,7.471986532211304
213,43,5,2.439486,10.0,12.439486026763916
220,41,5,0.94251525,4.0,4.942515254020691
210,43,5,1.5742573,6.0,7.574257254600525
220,39,5,1.0383432,4.0,5.038343191146851
217,2,5,1.138252,4.0,5.138252019882202
207,15,5,2.4925096,10.0,12.492509603500366
204,41,5,2.4803407,10.0,12.480340719223022
201,39,5,0.99474776,4.0,4.994747757911682
211,12,5,2.3603966,10.0,12.36039662361145
213,7,5,2.5034606,10.0,12.50346064567566
210,12,5,1.6081438,6.0,7.6081438064575195
207,47,5,1.2563932,6.0,7.256393194198608
215,38,5,2.459225,10.0,12.459224939346313
218,2,5,1.4976859,6.0,7.49768590927124
220,2,5,2.4890604,10.0,12.489060401916504
200,7,5,1.5383041,6.0,7.538304090499878
212,6,5,2.4299853,10.0,12.429985284805298
207,39,5,2.4272482,10.0,12.427248239517212
208,47,5,1.3881528,6.0,7.388152837753296
202,22,5,2.4593172,10.0,12.459317207336426
205,7,5,2.4435887,10.0,12.443588733673096
219,15,5,1.425824,6.0,7.425824046134949
218,39,5,2.4988313,10.0,12.498831272125244
201,38,5,2.4741073,10.0,12.474107265472412
201,2,5,1.5157672,6.0,7.515767216682434
213,12,5,2.4952054,10.0,12.495205402374268
214,12,5,2.4923525,10.0,12.492352485656738
216,2,5,1.0322106,4.0,5.0322105884552
201,37,5,1.0405253,4.0,5.040525317192078
203,2,5,1.4175438,6.0,7.4175437688827515
212,20,5,2.4597287,10.0,12.459728717803955
212,47,5,2.5256116,10.0,12.525611639022827
211,43,5,2.4716601,10.0,12.471660137176514
202,48,5,2.413806,10.0,12.413805961608887
202,23,5,1.257237,4.0,5.257236957550049
207,7,5,1.5242594,6.0,7.524259448051453
216,24,5,1.4775063,6.0,7.4775062799453735
211,47,5,1.0008823,4.0,5.000882267951965
211,44,5,0.9983852,4.0,4.998385190963745
213,37,5,2.4955082,10.0,12.495508193969727
211,24,5,0.97844446,4.0,4.978444457054138
215,6,5,2.4665716,10.0,12.466571569442749
200,5,5,1.6359359,6.0,7.63593590259552
200,6,5,1.5371464,6.0,7.53714644908905
214,21,5,1.6456032,6.0,7.645603179931641
206,38,5,2.5554066,10.0,12.55540657043457
204,12,5,1.4909801,6.0,7.49098014831543
209,47,5,1.7948743,10.0,11.79487431049347
211,39,5,2.5137305,10.0,12.513730525970459
208,38,5,1.7615471,4.0,5.761547088623047
214,39,5,1.5744818,6.0,7.574481844902039
214,38,5,1.0277302,4.0,5.027730226516724
209,7,5,1.6925164,10.0,11.692516446113586
203,39,5,1.0768259,4.0,5.076825857162476
208,6,5,1.7508752,4.0,5.750875234603882
219,12,5,1.6609406,6.0,7.660940647125244
217,48,5,2.4609263,10.0,12.460926294326782
217,38,5,1.0757239,4.0,5.075723886489868
211,2,5,2.516737,10.0,12.51673698425293
220,20,5,2.4667351,10.0,12.466735124588013
212,7,5,2.5026338,10.0,12.502633810043335
213,39,5,2.4601676,10.0,12.460167646408081
208,21,5,1.4645865,10.0,11.46458649635315
210,37,5,1.3705937,6.0,7.3705936670303345
205,41,5,2.4802208,10.0,12.480220794677734
201,4,5,2.4849129,10.0,12.484912872314453
213,20,5,1.014975,4.0,5.01497495174408
201,24,5,2.4677632,10.0,12.467763185501099
199,12,5,2.4906704,10.0,12.490670442581177
206,15,5,2.543127,10.0,12.543127059936523
203,21,5,2.4785419,10.0,12.478541851043701
212,2,5,2.4867487,10.0,12.486748695373535
200,4,5,0.9967724,4.0,4.996772408485413
205,43,5,2.4030857,10.0,12.403085708618164
202,24,5,2.3997447,10.0,12.399744749069214
202,38,5,2.3743315,10.0,12.3743314743042
220,4,5,1.5770477,6.0,7.57704770565033
211,5,5,2.5338626,10.0,12.533862590789795
204,7,5,2.500998,10.0,12.50099802017212
210,21,5,2.495811,10.0,12.495810985565186
212,37,5,1.6038913,6.0,7.6038912534713745
205,6,5,2.4505775,10.0,12.4505774974823
209,23,5,1.7974585,10.0,11.797458529472351
207,2,5,0.9947246,4.0,4.9947245717048645
218,41,5,1.0146738,4.0,5.014673829078674
219,7,5,2.515534,10.0,12.515533924102783
215,39,5,1.1171607,4.0,5.117160677909851
217,47,5,2.5086164,10.0,12.50861644744873
210,2,5,2.451933,10.0,12.451932907104492
217,39,5,1.5108504,6.0,7.510850429534912
205,48,5,1.055963,4.0,5.055963039398193
199,41,5,2.4100773,10.0,12.410077333450317
220,15,5,1.5431191,6.0,7.5431190729141235
202,47,5,1.223432,4.0,5.223431944847107
204,6,5,1.5208019,6.0,7.520801901817322
216,37,5,1.0519409,4.0,5.05194091796875
215,48,5,1.0260804,4.0,5.026080369949341
201,23,5,2.5084167,10.0,12.508416652679443
211,20,5,0.98789734,4.0,4.987897336483002
204,43,5,1.5157253,6.0,7.515725255012512
201,5,5,2.5201592,10.0,12.520159244537354
206,47,5,1.0998431,4.0,5.099843144416809
218,43,5,1.4732537,6.0,7.4732537269592285
204,44,5,1.3662846,6.0,7.366284608840942
215,4,5,1.486262,6.0,7.486261963844299
200,2,5,2.4584193,10.0,12.45841932296753
207,38,5,1.4614453,6.0,7.461445331573486
202,39,5,1.5014828,6.0,7.501482844352722
216,38,5,1.4937984,6.0,7.4937983751297
212,48,5,1.2864084,6.0,7.286408424377441
220,5,5,1.2623994,6.0,7.262399435043335
206,37,5,1.7274653,6.0,7.727465271949768
214,37,5,1.8414755,6.0,7.841475486755371
199,7,5,1.4968634,6.0,7.49686336517334
220,43,5,1.5416379,6.0,7.541637897491455
217,12,5,1.5814451,6.0,7.581445097923279
203,22,5,1.0045692,4.0,5.004569172859192
217,4,5,1.5110425,6.0,7.511042475700378
205,5,5,2.4343414,10.0,12.434341430664062
201,6,5,1.5073444,6.0,7.507344365119934
216,41,5,2.4599252,10.0,12.459925174713135
204,2,5,2.5316198,10.0,12.531619787216187
214,48,5,2.5030165,10.0,12.503016471862793
208,48,5,1.7723281,4.0,5.77232813835144
217,41,5,1.5121974,6.0,7.512197375297546
210,4,5,2.4295177,10.0,12.42951774597168
217,44,5,1.5687674,6.0,7.568767428398132
211,15,5,2.5283256,10.0,12.52832555770874
204,47,5,1.4840735,6.0,7.484073519706726
208,44,5,1.5831966,10.0,11.583196640014648
201,22,5,0.99952626,4.0,4.999526262283325
205,4,5,1.5319964,6.0,7.531996369361877
208,4,5,1.6482648,10.0,11.648264765739441
210,15,5,2.4866967,10.0,12.486696720123291
218,44,5,1.5099998,6.0,7.509999752044678
199,48,5,1.0457273,4.0,5.045727252960205
205,44,5,2.429886,10.0,12.429886102676392
214,2,5,1.4349293,6.0,7.434929251670837
204,5,5,1.49507,6.0,7.495069980621338
213,38,5,1.0014098,4.0,5.0014097690582275
220,6,5,2.4727688,10.0,12.472768783569336
211,4,5,2.4801664,10.0,12.4801664352417
215,5,5,0.97464246,4.0,4.97464245557785
209,15,5,1.7047528,6.0,7.704752802848816
211,41,5,2.5193772,10.0,12.5193772315979
208,39,5,2.18392,10.0,12.183919906616211
212,41,5,1.0417911,4.0,5.041791081428528
214,24,5,1.029886,4.0,5.02988600730896
207,20,5,1.022095,4.0,5.022094964981079
217,7,5,2.4918418,10.0,12.491841793060303
209,44,5,2.1984746,4.0,6.198474645614624
207,48,5,2.4982464,10.0,12.498246431350708
219,6,5,1.5427109,6.0,7.542710900306702
202,44,5,1.103822,4.0,5.1038219928741455
208,23,5,1.9089693,6.0,7.908969283103943
199,43,5,1.4484292,6.0,7.448429226875305
220,12,5,2.475585,10.0,12.475584983825684
207,12,5,1.6332998,6.0,7.633299827575684
217,43,5,2.4830008,10.0,12.483000755310059
208,41,5,1.7250159,10.0,11.725015878677368
205,2,5,1.5611583,6.0,7.561158299446106
209,24,5,1.8971676,6.0,7.8971675634384155
214,7,5,1.4573871,6.0,7.457387089729309
201,21,5,1.5461506,6.0,7.5461505651474
215,41,5,1.5950192,6.0,7.595019221305847
201,7,5,2.4962149,10.0,12.496214866638184
201,12,5,1.5985155,6.0,7.598515510559082
219,4,5,1.4256115,6.0,7.42561149597168
214,22,5,2.5017667,10.0,12.501766681671143
216,39,5,1.4662005,6.0,7.466200470924377
211,37,5,1.0100894,4.0,5.01008939743042
204,4,5,1.4930139,6.0,7.493013858795166
215,2,5,1.5233977,6.0,7.52339768409729
199,47,5,2.4888377,10.0,12.488837718963623
208,22,5,1.6719311,10.0,11.671931147575378
202,41,5,1.4542314,6.0,7.454231381416321
208,2,5,1.5583675,10.0,11.558367490768433
217,5,5,1.5494945,6.0,7.549494504928589
220,44,5,2.4952047,10.0,12.49520468711853
206,20,5,1.1699457,4.0,5.16994571685791
207,21,5,0.9768455,4.0,4.9768455028533936
219,2,5,1.418408,6.0,7.418408036231995
215,44,5,1.5295979,6.0,7.529597878456116
218,47,5,0.9886836,4.0,4.988683581352234
199,5,5,2.2097862,10.0,12.209786176681519
210,38,5,1.5385474,6.0,7.538547396659851
199,44,5,2.281396,10.0,12.28139591217041
209,39,5,1.5352427,4.0,5.535242676734924
202,43,5,1.2137613,4.0,5.213761329650879
205,47,5,1.4014674,6.0,7.401467442512512
220,7,5,1.5340141,6.0,7.534014105796814
215,47,5,1.4799613,6.0,7.479961276054382
199,6,5,1.0524776,4.0,5.052477598190308
212,4,5,1.5466352,6.0,7.546635150909424
215,43,5,1.4683808,6.0,7.468380808830261
210,20,5,2.459591,10.0,12.459590911865234
199,4,5,1.4608641,6.0,7.460864067077637
220,47,5,1.5499364,6.0,7.549936413764954
213,15,5,2.4626777,10.0,12.462677717208862
210,44,5,2.4599712,10.0,12.459971189498901
199,2,5,1.4573008,6.0,7.457300782203674
220,48,5,1.5571909,6.0,7.557190895080566
210,47,5,1.5109242,6.0,7.510924220085144
201,15,5,1.01754,4.0,5.017539978027344
220,48,6,1.5179899,7.5,9.017989873886108
210,44,6,2.4876385,12.5,14.987638473510742
199,4,6,1.4973292,7.5,8.997329235076904
206,21,6,1.5339705,7.5,9.033970475196838
206,22,6,2.520946,12.5,15.020946025848389
199,6,6,1.0238522,5.0,6.023852229118347
217,5,6,1.5192276,7.5,9.019227623939514
212,4,6,1.49842,7.5,8.998420000076294
206,48,6,2.3521535,12.5,14.852153539657593
210,20,6,2.4421928,12.5,14.942192792892456
220,47,6,1.4920897,7.5,8.992089748382568
207,37,6,1.560029,7.5,9.060029029846191
210,38,6,1.4986349,7.5,8.998634934425354
215,2,6,1.5193285,7.5,9.019328474998474
202,43,6,1.0678535,5.0,6.0678534507751465
205,47,6,1.4997779,7.5,8.999777913093567
199,44,6,2.497262,12.5,14.997262001037598
220,7,6,1.5103185,7.5,9.010318517684937
214,22,6,2.465231,12.5,14.965230941772461
216,39,6,1.489234,7.5,8.98923397064209
211,37,6,1.0228907,5.0,6.022890686988831
217,43,6,2.4731212,12.5,14.973121166229248
204,4,6,1.4999346,7.5,8.999934554100037
199,47,6,2.4928827,12.5,14.99288272857666
202,41,6,1.5076082,7.5,9.00760817527771
202,44,6,1.0230161,5.0,6.023016095161438
208,23,6,1.6804713,7.5,9.180471301078796
199,43,6,1.4935755,7.5,8.99357545375824
220,12,6,2.5243888,12.5,15.024388790130615
207,12,6,1.5193429,7.5,9.01934289932251
209,39,6,1.5433801,5.0,6.54338014125824
208,22,6,1.754,12.5,14.253999948501587
208,41,6,1.9213781,12.5,14.421378135681152
199,48,6,1.0388391,5.0,6.038839101791382
205,44,6,2.5019832,12.5,15.001983165740967
214,2,6,1.4887384,7.5,8.988738417625427
204,5,6,1.4764422,7.5,8.976442217826843
213,38,6,0.9950098,5.0,5.995009779930115
220,6,6,2.4596143,12.5,14.959614276885986
211,4,6,2.4718578,12.5,14.971857786178589
209,15,6,1.5842811,7.5,9.084281086921692
216,41,6,2.4888139,12.5,14.988813877105713
214,48,6,2.4817567,12.5,14.981756687164307
208,48,6,1.4448891,5.0,6.444889068603516
217,41,6,1.4853022,7.5,8.985302209854126
210,4,6,2.4254012,12.5,14.925401210784912
217,44,6,1.5280197,7.5,9.028019666671753
215,5,6,0.98557353,5.0,5.9855735301971436
215,4,6,1.4947662,7.5,8.994766235351562
200,2,6,2.4758024,12.5,14.975802421569824
207,38,6,1.476304,7.5,8.976304054260254
202,39,6,1.5101599,7.5,9.010159850120544
216,38,6,1.5066996,7.5,9.006699562072754
212,48,6,1.5188488,7.5,9.018848776817322
206,37,6,1.6579461,7.5,9.157946109771729
217,47,6,2.4889865,12.5,14.988986492156982
210,2,6,2.4689708,12.5,14.968970775604248
205,48,6,1.0170705,5.0,6.017070531845093
199,41,6,2.4871082,12.5,14.98710823059082
220,15,6,1.5240272,7.5,9.024027228355408
202,47,6,0.9929322,5.0,5.992932200431824
204,6,6,1.5037322,7.5,9.003732204437256
216,37,6,1.0283016,5.0,6.0283015966415405
220,5,6,1.4938,7.5,8.993800044059753
200,4,6,1.0183797,5.0,6.0183796882629395
215,6,6,2.4474711,12.5,14.947471141815186
205,43,6,2.4863224,12.5,14.986322402954102
202,24,6,2.4394863,12.5,14.939486265182495
202,38,6,2.4439292,12.5,14.943929195404053
220,4,6,1.4969954,7.5,8.996995449066162
211,5,6,2.4946532,12.5,14.994653224945068
204,7,6,2.4886389,12.5,14.988638877868652
202,48,6,2.4426064,12.5,14.942606449127197
217,38,6,1.0258682,5.0,6.02586817741394
211,2,6,2.4814396,12.5,14.981439590454102
220,20,6,2.457746,12.5,14.957746028900146
212,7,6,2.488585,12.5,14.988584995269775
204,2,6,2.5004218,12.5,15.00042176246643
213,39,6,2.4662993,12.5,14.966299295425415
217,48,6,2.4650774,12.5,14.96507740020752
208,21,6,1.4592298,12.5,13.959229826927185
210,37,6,1.5283353,7.5,9.028335332870483
205,41,6,2.4949746,12.5,14.994974613189697
211,47,6,1.0082147,5.0,6.008214712142944
213,37,6,2.5005937,12.5,15.000593662261963
211,24,6,1.0109043,5.0,6.010904312133789
200,5,6,1.5029634,7.5,9.002963423728943
200,6,6,1.5155385,7.5,9.015538454055786
214,21,6,1.4980435,7.5,8.998043537139893
204,12,6,1.4797606,7.5,8.979760646820068
203,2,6,1.4973077,7.5,8.997307658195496
212,20,6,2.4389594,12.5,14.93895936012268
212,47,6,2.487866,12.5,14.987865924835205
211,43,6,2.4600353,12.5,14.96003532409668
217,39,6,1.5232735,7.5,9.023273468017578
202,23,6,1.0198855,5.0,6.019885540008545
207,7,6,1.4905574,7.5,8.990557432174683
216,24,6,1.500692,7.5,9.000692009925842
218,2,6,1.5223848,7.5,9.022384762763977
211,44,6,1.0173043,5.0,6.017304301261902
206,38,6,2.435181,12.5,14.935180902481079
220,2,6,2.4893832,12.5,14.989383220672607
212,6,6,2.4399242,12.5,14.939924240112305
207,39,6,2.4499564,12.5,14.94995641708374
208,47,6,1.5007485,7.5,9.00074851512909
202,22,6,2.4491646,12.5,14.949164628982544
217,37,6,1.5480162,7.5,9.04801619052887
220,21,6,1.5141497,7.5,9.01414966583252
199,39,6,1.0324605,5.0,6.032460451126099
203,48,6,2.4186733,12.5,14.918673276901245
215,7,6,2.4865947,12.5,14.986594676971436
200,7,6,1.5281162,7.5,9.028116226196289
218,4,6,1.5090761,7.5,9.009076118469238
214,4,6,1.0106398,5.0,6.010639786720276
213,2,6,1.5330712,7.5,9.033071160316467
219,48,6,1.5229756,7.5,9.02297556400299
205,39,6,2.4988804,12.5,14.998880386352539
200,12,6,1.0373446,5.0,6.037344574928284
219,47,6,1.4937348,7.5,8.99373483657837
210,24,6,2.4397676,12.5,14.939767599105835
216,23,6,1.4355136,7.5,8.935513615608215
212,22,6,2.4770088,12.5,14.977008819580078
207,24,6,1.0173347,5.0,6.017334699630737
203,4,6,2.462431,12.5,14.962430953979492
209,12,6,1.5186939,5.0,6.518693923950195
199,38,6,2.4875665,12.5,14.987566471099854
206,2,6,2.5048304,12.5,15.004830360412598
204,15,6,1.0246893,5.0,6.024689316749573
218,5,6,0.99925804,5.0,5.999258041381836
202,21,6,1.5050999,7.5,9.005099892616272
206,39,6,2.458117,12.5,14.958117008209229
215,12,6,2.4783363,12.5,14.978336334228516
205,38,6,2.477478,12.5,14.97747802734375
200,15,6,1.530305,7.5,9.030305027961731
217,24,6,1.5403401,7.5,9.040340065956116
209,41,6,1.6463234,7.5,9.146323442459106
210,39,6,1.4846492,7.5,8.984649181365967
208,24,6,1.3216865,5.0,6.321686506271362
214,47,6,2.4909775,12.5,14.99097752571106
206,4,6,1.5703241,7.5,9.070324063301086
216,43,6,1.4761195,7.5,8.97611951828003
216,22,6,1.0528598,5.0,6.052859783172607
209,38,6,1.5398034,5.0,6.539803385734558
202,20,6,0.9606056,5.0,5.960605621337891
207,6,6,0.9900613,5.0,5.990061283111572
218,6,6,2.457625,12.5,14.957624912261963
208,20,6,1.7079962,12.5,14.207996249198914
219,44,6,2.499931,12.5,14.99993109703064
200,20,6,2.4389915,12.5,14.93899154663086
202,15,6,1.4922795,7.5,8.992279529571533
204,20,6,1.5033435,7.5,9.00334346294403
209,20,6,1.5537635,12.5,14.053763508796692
205,37,6,1.0362823,5.0,6.036282300949097
218,7,6,2.4595172,12.5,14.959517240524292
210,5,6,2.4773712,12.5,14.977371215820312
216,44,6,2.5004377,12.5,15.00043773651123
220,22,6,1.5191163,7.5,9.019116282463074
206,24,6,1.5148532,7.5,9.014853239059448
211,38,6,1.02367,5.0,6.023669958114624
209,4,6,1.5767751,12.5,14.076775074005127
219,43,6,1.0164847,5.0,6.01648473739624
213,4,6,1.0232327,5.0,6.023232698440552
216,21,6,2.46554,12.5,14.965539932250977
204,21,6,2.4823565,12.5,14.982356548309326
218,12,6,2.516396,12.5,15.016396045684814
213,48,6,2.4674788,12.5,14.96747875213623
214,44,6,1.5078815,7.5,9.00788152217865
220,23,6,1.5144074,7.5,9.014407396316528
199,37,6,2.5318942,12.5,15.031894207000732
203,47,6,2.4900122,12.5,14.990012168884277
203,5,6,0.9961975,5.0,5.996197521686554
213,41,6,1.4762664,7.5,8.976266384124756
203,44,6,2.501637,12.5,15.001636981964111
202,12,6,1.4926378,7.5,8.992637753486633
215,15,6,1.5107503,7.5,9.01075029373169
212,39,6,2.482372,12.5,14.982372045516968
212,38,6,1.0124776,5.0,6.01247763633728
200,21,6,1.0063744,5.0,6.006374359130859
214,5,6,2.4919734,12.5,14.991973400115967
213,24,6,2.4813943,12.5,14.981394290924072
207,41,6,0.9931681,5.0,5.993168115615845
205,24,6,1.5186383,7.5,9.018638253211975
219,41,6,2.5005655,12.5,15.000565528869629
200,22,6,2.4978282,12.5,14.997828245162964
203,6,6,2.4495268,12.5,14.9495267868042
206,23,6,2.450356,12.5,14.950356006622314
212,44,6,2.5032039,12.5,15.003203868865967
206,5,6,1.0832951,5.0,6.083295106887817
207,23,6,1.5013927,7.5,9.001392722129822
202,7,6,1.5131763,7.5,9.013176321983337
200,23,6,1.5406557,7.5,9.040655732154846
215,20,6,0.9804143,5.0,5.980414271354675
202,6,6,1.4990506,7.5,8.999050617218018
205,23,6,1.0579169,5.0,6.057916879653931
208,15,6,1.919207,12.5,14.419206976890564
213,5,6,2.482017,12.5,14.982017040252686
216,20,6,2.45752,12.5,14.957520008087158
204,22,6,1.0338229,5.0,6.0338228940963745
211,23,6,1.5133606,7.5,9.013360619544983
210,48,6,2.448278,12.5,14.948277950286865
220,24,6,1.4875923,7.5,8.987592339515686
199,24,6,1.4971746,7.5,8.997174620628357
206,6,6,2.4353817,12.5,14.935381650924683
217,23,6,1.0237484,5.0,6.023748397827148
211,22,6,2.4881463,12.5,14.988146305084229
209,21,6,1.8097079,5.0,6.809707880020142
211,6,6,1.5161151,7.5,9.016115069389343
219,39,6,2.4989119,12.5,14.99891185760498
202,5,6,1.4745554,7.5,8.974555373191833
218,15,6,2.5018334,12.5,15.001833438873291
200,24,6,2.4826472,12.5,14.982647180557251
214,20,6,2.4602225,12.5,14.960222482681274
218,20,6,1.5001321,7.5,9.000132083892822
204,23,6,2.477871,12.5,14.97787094116211
206,41,6,1.4822713,7.5,8.982271313667297
205,22,6,2.483197,12.5,14.98319697380066
219,38,6,1.51629,7.5,9.016289949417114
216,12,6,1.5178246,7.5,9.017824649810791
213,23,6,2.460746,12.5,14.960746049880981
212,23,6,1.5229251,7.5,9.02292513847351
217,22,6,1.0451033,5.0,6.045103311538696
209,48,6,1.5672811,5.0,6.567281126976013
214,43,6,2.4860244,12.5,14.986024379730225
207,43,6,1.0117418,5.0,6.011741757392883
213,22,6,2.5276551,12.5,15.027655124664307
215,21,6,1.0014836,5.0,6.0014835596084595
209,6,6,1.6547346,12.5,14.15473461151123
200,37,6,0.9959363,5.0,5.995936274528503
202,4,6,1.0120766,5.0,6.0120766162872314
210,6,6,1.5045687,7.5,9.004568696022034
203,7,6,2.4863,12.5,14.986299991607666
216,48,6,2.4442306,12.5,14.944230556488037
208,37,6,2.3042963,12.5,14.804296255111694
199,23,6,2.5028608,12.5,15.00286078453064
214,23,6,2.4990115,12.5,14.999011516571045
216,47,6,1.4833797,7.5,8.98337972164154
207,5,6,2.4657824,12.5,14.965782403945923
205,21,6,1.4921125,7.5,8.992112517356873
213,6,6,2.4655223,12.5,14.965522289276123
208,12,6,1.8690963,12.5,14.369096279144287
202,2,6,2.4693296,12.5,14.969329595565796
218,21,6,1.0241657,5.0,6.024165749549866
204,24,6,1.5182967,7.5,9.018296718597412
210,23,6,1.5049219,7.5,9.004921913146973
219,37,6,2.4895644,12.5,14.989564418792725
200,38,6,2.4600673,12.5,14.96006727218628
212,24,6,2.4456563,12.5,14.945656299591064
201,47,6,2.4837627,12.5,14.983762741088867
201,48,6,1.4992428,7.5,8.999242782592773
219,24,6,1.5086006,7.5,9.00860059261322
216,7,6,2.4811685,12.5,14.981168508529663
220,37,6,1.5570636,7.5,9.057063579559326
206,7,6,2.4694953,12.5,14.969495296478271
212,15,6,1.5054324,7.5,9.005432367324829
199,22,6,1.5043519,7.5,9.00435185432434
212,5,6,2.498013,12.5,14.998013019561768
215,23,6,1.5131667,7.5,9.013166666030884
215,22,6,2.4885855,12.5,14.988585472106934
200,39,6,2.4982002,12.5,14.998200178146362
219,23,6,1.0371531,5.0,6.037153124809265
210,7,6,2.4740279,12.5,14.974027872085571
218,22,6,1.0059559,5.0,6.005955934524536
204,37,6,1.0266793,5.0,6.026679277420044
211,48,6,2.4721856,12.5,14.972185611724854
208,43,6,1.6129174,12.5,14.112917423248291
204,38,6,1.4949881,7.5,8.994988083839417
201,44,6,1.5177875,7.5,9.017787456512451
199,21,6,1.5000759,7.5,9.000075936317444
212,12,6,2.4773788,12.5,14.977378845214844
203,43,6,1.4836457,7.5,8.983645677566528
217,21,6,2.5107987,12.5,15.010798692703247
211,7,6,1.5230657,7.5,9.023065686225891
200,41,6,1.0110029,5.0,6.011002898216248
216,6,6,1.4997116,7.5,8.999711632728577
216,5,6,1.49945,7.5,8.999449968338013
207,44,6,2.480882,12.5,14.980881929397583
207,4,6,1.4881008,7.5,8.98810076713562
205,20,6,1.5128862,7.5,9.01288616657257
219,22,6,2.4840925,12.5,14.984092473983765
200,43,6,1.0032777,5.0,6.003277659416199
201,43,6,1.4929731,7.5,8.99297308921814
214,41,6,1.0056982,5.0,6.005698204040527
220,38,6,1.5013223,7.5,9.001322269439697
210,41,6,2.4825602,12.5,14.982560157775879
209,43,6,1.2719909,5.0,6.271990895271301
203,12,6,1.0457139,5.0,6.045713901519775
218,23,6,1.0269905,5.0,6.026990532875061
205,15,6,1.5088109,7.5,9.008810877799988
215,24,6,2.4508758,12.5,14.950875759124756
209,37,6,1.8285594,5.0,6.828559398651123
204,39,6,1.5038286,7.5,9.003828644752502
211,21,6,1.0029858,5.0,6.002985835075378
208,7,6,1.8091718,7.5,9.309171795845032
210,22,6,2.498556,12.5,14.998555898666382
215,37,6,1.0149114,5.0,6.014911413192749
205,12,6,1.0331756,5.0,6.033175587654114
214,15,6,1.5018059,7.5,9.001805901527405
213,21,6,1.4822603,7.5,8.982260346412659
217,20,6,1.0647523,5.0,6.0647523403167725
203,15,6,1.5150051,7.5,9.015005111694336
203,20,6,2.4626603,12.5,14.962660312652588
207,22,6,2.5141368,12.5,15.014136791229248
199,20,6,2.481701,12.5,14.981700897216797
218,24,6,1.6400187,7.5,9.140018701553345
212,21,6,1.5082562,7.5,9.008256196975708
209,22,6,1.5961188,12.5,14.096118807792664
219,21,6,2.4743128,12.5,14.974312782287598
214,6,6,1.0171989,5.0,6.017198920249939
201,41,6,0.9784472,5.0,5.978447198867798
200,44,6,2.492479,12.5,14.992479085922241
200,47,6,1.5214854,7.5,9.021485447883606
219,20,6,2.4685879,12.5,14.968587875366211
201,39,6,0.9914739,5.0,5.991473913192749
218,38,6,2.481342,12.5,14.981342077255249
217,15,6,2.4976304,12.5,14.99763035774231
206,12,6,2.393753,12.5,14.893753051757812
220,39,6,1.0259514,5.0,6.025951385498047
199,15,6,1.0189525,5.0,6.018952488899231
203,41,6,2.4700136,12.5,14.970013618469238
218,37,6,2.5264513,12.5,15.026451349258423
209,5,6,1.7347505,7.5,9.234750509262085
200,48,6,2.5077367,12.5,15.007736682891846
216,4,6,1.5116016,7.5,9.011601567268372
203,39,6,1.0385177,5.0,6.038517713546753
213,43,6,2.4598222,12.5,14.959822177886963
209,7,6,1.7977308,12.5,14.297730803489685
210,43,6,1.4817168,7.5,8.981716752052307
220,41,6,1.0072249,5.0,6.007224917411804
217,2,6,1.0720979,5.0,6.072097897529602
207,15,6,2.4887137,12.5,14.98871374130249
207,47,6,1.4716883,7.5,8.971688270568848
208,6,6,1.5482944,5.0,6.548294425010681
213,7,6,2.5064101,12.5,15.006410121917725
211,12,6,2.4904318,12.5,14.990431785583496
201,38,6,2.463929,12.5,14.963928937911987
210,12,6,1.5288409,7.5,9.028840899467468
215,38,6,2.5358887,12.5,15.035888671875
205,7,6,2.4870048,12.5,14.98700475692749
219,15,6,1.5163436,7.5,9.016343593597412
218,39,6,2.4936771,12.5,14.993677139282227
201,2,6,1.5239291,7.5,9.023929119110107
213,12,6,2.501072,12.5,15.00107192993164
206,44,6,1.5214154,7.5,9.02141535282135
214,12,6,2.5104399,12.5,15.0104398727417
212,2,6,2.4738066,12.5,14.973806619644165
216,2,6,1.0095651,5.0,6.009565114974976
209,47,6,1.8846442,12.5,14.384644150733948
211,39,6,2.4940658,12.5,14.994065761566162
208,38,6,1.4143605,5.0,6.414360523223877
214,39,6,1.5034124,7.5,9.003412365913391
214,38,6,1.0195367,5.0,6.019536733627319
201,37,6,1.0303855,5.0,6.030385494232178
204,41,6,2.4546494,12.5,14.954649448394775
219,12,6,1.5114572,7.5,9.011457204818726
201,4,6,2.4862673,12.5,14.986267328262329
213,20,6,1.0046972,5.0,6.004697203636169
201,24,6,2.458228,12.5,14.95822811126709
217,4,6,1.5016828,7.5,9.001682758331299
203,38,6,2.4702349,12.5,14.970234870910645
213,47,6,1.4612248,7.5,8.961224794387817
220,43,6,1.5196888,7.5,9.019688844680786
199,12,6,2.5147047,12.5,15.014704704284668
212,43,6,2.5012136,12.5,15.001213550567627
206,15,6,2.4833424,12.5,14.983342409133911
203,21,6,2.4630368,12.5,14.96303677558899
210,21,6,2.4869258,12.5,14.986925840377808
212,37,6,1.5607616,7.5,9.060761570930481
205,6,6,2.4604046,12.5,14.960404634475708
207,2,6,1.013995,5.0,6.013995051383972
218,41,6,0.99673533,5.0,5.996735334396362
209,23,6,1.8330926,12.5,14.33309257030487
215,39,6,1.0111748,5.0,6.01117479801178
215,48,6,0.994836,5.0,5.99483597278595
201,23,6,2.4904878,12.5,14.990487813949585
211,20,6,0.9970288,5.0,5.997028827667236
204,43,6,1.4974985,7.5,8.997498512268066
219,7,6,2.49153,12.5,14.991529941558838
201,5,6,2.4981058,12.5,14.998105764389038
206,47,6,1.0438296,5.0,6.043829560279846
218,43,6,1.5073217,7.5,9.00732171535492
199,7,6,1.5403876,7.5,9.040387630462646
217,12,6,1.5255419,7.5,9.02554190158844
203,22,6,1.0133293,5.0,6.013329267501831
205,5,6,2.501511,12.5,15.001511096954346
201,6,6,1.5099303,7.5,9.00993025302887
211,15,6,2.5031085,12.5,15.003108501434326
204,47,6,1.4739473,7.5,8.973947286605835
207,48,6,2.4857259,12.5,14.98572587966919
208,44,6,1.6634057,12.5,14.163405656814575
201,22,6,1.0073317,5.0,6.007331728935242
205,4,6,1.5001293,7.5,9.000129342079163
208,4,6,1.6142725,12.5,14.114272475242615
210,15,6,2.4789636,12.5,14.978963613510132
218,44,6,1.5042139,7.5,9.00421392917633
211,41,6,2.4921582,12.5,14.99215817451477
208,39,6,2.0393062,12.5,14.539306163787842
212,41,6,1.0118319,5.0,6.011831879615784
214,24,6,0.9794728,5.0,5.979472815990448
207,20,6,1.0354948,5.0,6.035494804382324
204,44,6,1.4965353,7.5,8.996535301208496
219,6,6,1.5014368,7.5,9.001436829566956
205,2,6,1.5291051,7.5,9.029105067253113
209,24,6,1.7955841,7.5,9.295584082603455
214,7,6,1.5155517,7.5,9.015551686286926
201,21,6,1.4854585,7.5,8.985458493232727
215,41,6,1.5246603,7.5,9.024660348892212
201,7,6,2.4734106,12.5,14.973410606384277
208,2,6,1.7563927,12.5,14.25639271736145
210,47,6,1.4966874,7.5,8.996687412261963
220,44,6,2.4978194,12.5,14.997819423675537
214,37,6,1.5162736,7.5,9.016273617744446
206,20,6,1.0670524,5.0,6.067052364349365
207,21,6,0.97378767,5.0,5.9737876653671265
209,44,6,2.0336425,5.0,7.033642530441284
217,7,6,2.4863465,12.5,14.98634648323059
219,4,6,1.4927564,7.5,8.992756366729736
219,2,6,1.4900736,7.5,8.990073561668396
201,12,6,1.5323119,7.5,9.032311916351318
215,43,6,1.4780986,7.5,8.978098630905151
215,44,6,1.4982941,7.5,8.998294115066528
218,47,6,1.0067527,5.0,6.0067527294158936
215,47,6,1.4907414,7.5,8.99074137210846
203,37,6,1.5011393,7.5,9.001139283180237
217,6,6,2.4610863,12.5,14.96108627319336
203,24,6,1.4882219,7.5,8.988221883773804
203,23,6,2.4833868,12.5,14.983386754989624
213,44,6,2.490887,12.5,14.990886926651001
213,15,6,2.4851098,12.5,14.985109806060791
201,15,6,1.003915,5.0,6.003914952278137
218,48,6,1.5007411,7.5,9.000741124153137
201,20,6,1.010437,5.0,6.01043701171875
204,48,6,1.5000037,7.5,9.000003695487976
209,2,6,1.7893507,12.5,14.289350748062134
199,2,6,1.5030837,7.5,9.0030837059021
199,5,6,2.5018864,12.5,15.001886367797852
206,21,7,1.5231652,9.0,10.523165225982666
206,22,7,2.5543556,15.0,17.55435562133789
203,24,7,1.4942179,9.0,10.494217872619629
203,37,7,1.5074017,9.0,10.507401704788208
217,6,7,2.452149,15.0,17.452148914337158
199,5,7,2.4957285,15.0,17.495728492736816
208,39,7,2.2472606,15.0,17.247260570526123
199,4,7,1.4949794,9.0,10.49497938156128
199,24,7,1.5038357,9.0,10.503835678100586
206,6,7,2.4659603,15.0,17.465960264205933
218,5,7,1.0946109,6.0,7.094610929489136
216,23,7,1.4947225,9.0,10.494722485542297
204,15,7,1.0193284,6.0,7.019328355789185
207,39,7,2.4822133,15.0,17.482213258743286
218,6,7,2.4664574,15.0,17.46645736694336
209,38,7,1.5747507,6.0,7.574750661849976
205,39,7,2.4972463,15.0,17.497246265411377
200,12,7,1.2066624,6.0,7.20666241645813
219,47,7,1.4888941,9.0,10.48889410495758
210,24,7,2.4440339,15.0,17.44403386116028
215,12,7,2.4970913,15.0,17.49709129333496
205,38,7,2.4767118,15.0,17.476711750030518
217,5,7,1.5148126,9.0,10.514812588691711
209,2,7,2.1769428,15.0,17.176942825317383
210,44,7,2.4987507,15.0,17.498750686645508
219,48,7,1.5248513,9.0,10.524851322174072
213,2,7,1.4985682,9.0,10.498568177223206
210,47,7,1.477963,9.0,10.477962970733643
214,37,7,1.5144771,9.0,10.514477133750916
206,20,7,1.0148046,6.0,7.0148046016693115
203,23,7,2.4784265,15.0,17.478426456451416
220,47,7,1.4878844,9.0,10.487884402275085
215,15,7,1.5014447,9.0,10.501444697380066
212,38,7,1.0111799,6.0,7.0111799240112305
200,21,7,0.98247325,6.0,6.982473254203796
205,24,7,1.5220956,9.0,10.522095561027527
206,39,7,2.4979563,15.0,17.49795627593994
219,41,7,2.4912043,15.0,17.491204261779785
203,39,7,1.0335453,6.0,7.033545255661011
213,43,7,2.4534304,15.0,17.45343041419983
203,21,7,2.4804971,15.0,17.480497121810913
217,12,7,1.5223559,9.0,10.522355914115906
203,22,7,1.0110325,6.0,7.011032462120056
217,4,7,1.4920505,9.0,10.492050528526306
209,20,7,1.9231082,15.0,16.923108220100403
211,6,7,1.5079949,9.0,10.507994890213013
211,5,7,2.49284,15.0,17.492840051651
219,43,7,1.0005778,6.0,7.000577807426453
210,23,7,1.5027951,9.0,10.502795100212097
215,20,7,1.1264331,6.0,7.1264331340789795
205,23,7,1.0528482,6.0,7.052848219871521
208,15,7,2.2182918,15.0,17.218291759490967
209,21,7,1.4303153,6.0,7.430315256118774
200,5,7,1.4797534,9.0,10.479753375053406
200,6,7,1.5136951,9.0,10.513695120811462
214,21,7,1.4962975,9.0,10.496297478675842
206,38,7,2.390575,15.0,17.39057493209839
200,22,7,2.4906893,15.0,17.490689277648926
200,23,7,1.5270902,9.0,10.527090191841125
214,24,7,0.99969876,6.0,6.999698758125305
212,15,7,1.5054057,9.0,10.50540566444397
199,7,7,1.5368643,9.0,10.536864280700684
203,20,7,2.5044096,15.0,17.504409551620483
207,20,7,1.0130816,6.0,7.0130815505981445
210,37,7,1.5322758,9.0,10.532275795936584
205,41,7,2.4930425,15.0,17.493042469024658
219,38,7,1.5061525,9.0,10.506152510643005
215,21,7,1.149141,6.0,7.149140954017639
219,39,7,2.5041199,15.0,17.504119873046875
200,24,7,2.4637125,15.0,17.463712453842163
214,20,7,2.4668543,15.0,17.466854333877563
205,22,7,2.5334857,15.0,17.533485651016235
213,5,7,2.4747195,15.0,17.474719524383545
220,4,7,1.5009522,9.0,10.500952243804932
217,20,7,1.0594237,6.0,7.0594236850738525
203,15,7,1.5081123,9.0,10.50811231136322
217,2,7,1.0381896,6.0,7.038189649581909
217,15,7,2.5023775,15.0,17.5023775100708
212,41,7,0.99606985,6.0,6.996069848537445
220,44,7,2.496314,15.0,17.49631404876709
219,24,7,1.5094376,9.0,10.509437561035156
212,5,7,2.4931846,15.0,17.493184566497803
215,22,7,2.5361037,15.0,17.53610372543335
200,39,7,2.497511,15.0,17.49751091003418
220,5,7,1.4974874,9.0,10.497487425804138
200,37,7,0.9965321,6.0,6.996532082557678
205,21,7,1.5043567,9.0,10.504356741905212
213,6,7,2.4396694,15.0,17.439669370651245
208,12,7,2.005405,15.0,17.005404949188232
219,37,7,2.5241287,15.0,17.524128675460815
209,43,7,1.2308704,6.0,7.230870366096497
203,12,7,1.0401226,6.0,7.040122628211975
207,22,7,2.508987,15.0,17.508986949920654
207,15,7,2.4944875,15.0,17.494487524032593
203,41,7,2.4699955,15.0,17.469995498657227
208,21,7,1.8597572,15.0,16.8597571849823
211,7,7,1.5179425,9.0,10.517942547798157
200,41,7,1.016745,6.0,7.01674497127533
215,23,7,1.5104222,9.0,10.510422229766846
205,20,7,1.489529,9.0,10.489529013633728
200,4,7,1.0371385,6.0,7.03713846206665
215,6,7,2.4385898,15.0,17.438589811325073
215,5,7,0.9760016,6.0,6.976001620292664
219,23,7,1.0208127,6.0,7.020812749862671
214,15,7,1.4907835,9.0,10.490783452987671
220,41,7,1.0067793,6.0,7.006779313087463
199,12,7,2.5123658,15.0,17.51236581802368
212,43,7,2.4905686,15.0,17.4905686378479
206,15,7,2.4733605,15.0,17.473360538482666
209,47,7,2.1260638,15.0,17.12606382369995
217,21,7,2.5032105,15.0,17.50321054458618
200,38,7,2.530698,15.0,17.53069806098938
205,43,7,2.4817262,15.0,17.48172616958618
208,7,7,1.6217206,9.0,10.621720552444458
210,22,7,2.4817343,15.0,17.48173427581787
206,41,7,1.493306,9.0,10.493306040763855
219,22,7,2.4794607,15.0,17.47946071624756
200,43,7,1.0048616,6.0,7.00486159324646
205,15,7,1.5027832,9.0,10.502783179283142
215,24,7,2.4427145,15.0,17.44271445274353
213,7,7,2.491342,15.0,17.491342067718506
200,2,7,2.4766967,15.0,17.476696729660034
212,23,7,1.5167695,9.0,10.516769528388977
203,7,7,2.4816413,15.0,17.48164129257202
216,48,7,1.8077176,15.0,16.8077175617218
211,39,7,2.4943798,15.0,17.49437975883484
220,43,7,1.5079865,9.0,10.507986545562744
208,43,7,2.0741563,15.0,17.074156284332275
219,20,7,2.4727495,15.0,17.47274947166443
200,48,7,2.4857621,15.0,17.485762119293213
208,6,7,1.5715679,6.0,7.571567893028259
215,37,7,1.0422629,6.0,7.04226291179657
205,12,7,1.0389851,6.0,7.0389851331710815
209,22,7,1.8146884,15.0,16.814688444137573
219,21,7,2.4759355,15.0,17.475935459136963
200,44,7,2.4895575,15.0,17.48955750465393
217,23,7,1.0241311,6.0,7.0241310596466064
203,6,7,2.4466689,15.0,17.44666886329651
217,22,7,1.0711915,6.0,7.0711915493011475
209,48,7,1.4440519,6.0,7.4440518617630005
203,43,7,1.4781567,9.0,10.478156685829163
216,47,7,1.2990999,9.0,10.299099922180176
212,48,7,1.4987746,9.0,10.498774647712708
206,37,7,1.5268682,9.0,10.526868224143982
201,2,7,1.51368,9.0,10.51367998123169
213,12,7,2.499368,15.0,17.4993679523468
209,5,7,1.9628365,9.0,10.962836503982544
206,44,7,1.522048,9.0,10.522047996520996
220,6,7,2.4486246,15.0,17.44862461090088
211,4,7,2.4643104,15.0,17.46431040763855
209,15,7,1.579332,9.0,10.579331994056702
211,12,7,2.4777293,15.0,17.477729320526123
215,38,7,2.5318117,15.0,17.531811714172363
208,38,7,1.5510385,6.0,7.551038503646851
214,38,7,1.0120914,6.0,7.012091398239136
209,7,7,2.0681608,15.0,17.06816077232361
207,23,7,1.4932886,9.0,10.49328863620758
213,48,7,2.4628217,15.0,17.46282172203064
213,47,7,1.45455,9.0,10.45455002784729
200,47,7,1.5080633,9.0,10.508063316345215
212,37,7,1.5227815,9.0,10.522781491279602
214,12,7,2.494224,15.0,17.494224071502686
219,12,7,1.5122085,9.0,10.512208461761475
201,4,7,2.485837,15.0,17.48583698272705
210,21,7,2.4957612,15.0,17.495761156082153
205,6,7,2.448515,15.0,17.448514938354492
212,21,7,1.5052284,9.0,10.505228400230408
208,22,7,2.0137863,15.0,17.01378631591797
203,47,7,2.4864485,15.0,17.486448526382446
217,24,7,1.5350463,9.0,10.535046339035034
203,5,7,0.9966425,6.0,6.996642470359802
213,41,7,1.4727798,9.0,10.472779750823975
203,44,7,2.4995384,15.0,17.49953842163086
216,44,7,1.7818956,15.0,16.781895637512207
205,7,7,2.481184,15.0,17.481184005737305
219,15,7,1.5236968,9.0,10.523696780204773
211,15,7,2.4960718,15.0,17.496071815490723
205,4,7,1.4971362,9.0,10.497136235237122
199,44,7,2.4952044,15.0,17.49520444869995
215,39,7,1.0164385,6.0,7.0164384841918945
219,7,7,2.4684048,15.0,17.46840476989746
201,5,7,2.4932284,15.0,17.493228435516357
219,6,7,1.4993267,9.0,10.499326705932617
206,47,7,1.0007538,6.0,7.00075376033783
207,24,7,0.9923334,6.0,6.99233341217041
203,4,7,2.45467,15.0,17.454669952392578
211,38,7,1.0132278,6.0,7.013227820396423
209,41,7,1.6401922,9.0,10.640192151069641
208,41,7,2.3460274,15.0,17.346027374267578
199,48,7,1.0470104,6.0,7.04701042175293
215,4,7,1.4947618,9.0,10.49476182460785
205,44,7,2.4987624,15.0,17.498762369155884
215,41,7,1.5176144,9.0,10.517614364624023
201,7,7,2.4716372,15.0,17.47163724899292
219,2,7,1.4934897,9.0,10.493489742279053
201,12,7,1.5240417,9.0,10.524041652679443
215,43,7,1.4815049,9.0,10.481504917144775
220,7,7,1.5149474,9.0,10.514947414398193
214,22,7,2.4864786,15.0,17.486478567123413
199,47,7,2.4888263,15.0,17.488826274871826
208,4,7,1.8277407,15.0,16.82774066925049
219,4,7,1.4926314,9.0,10.492631435394287
210,43,7,1.4805723,9.0,10.48057234287262
206,12,7,2.402683,15.0,17.40268301963806
220,39,7,1.0219328,6.0,7.02193284034729
217,37,7,1.5368993,9.0,10.536899328231812
205,5,7,2.4855137,15.0,17.48551368713379
201,6,7,1.4969696,9.0,10.49696958065033
201,20,7,0.9990256,6.0,6.999025583267212
220,12,7,2.5130708,15.0,17.513070821762085
210,38,7,1.47901,9.0,10.479009985923767
215,44,7,1.5081941,9.0,10.508194088935852
213,15,7,2.4873567,15.0,17.487356662750244
201,15,7,1.0075624,6.0,7.0075623989105225
206,48,7,2.3836684,15.0,17.383668422698975
209,23,7,2.1305861,15.0,17.13058614730835
210,20,7,2.4415686,15.0,17.441568613052368
211,43,7,2.4809518,15.0,17.48095178604126
217,38,7,1.017934,6.0,7.017933964729309
202,48,7,2.4474292,15.0,17.447429180145264
207,12,7,1.5222319,9.0,10.522231936454773
216,43,7,1.3712056,9.0,10.371205568313599
203,2,7,1.500559,9.0,10.500558972358704
205,2,7,1.4958616,9.0,10.495861649513245
210,15,7,2.4816878,15.0,17.481687784194946
201,21,7,1.4818382,9.0,10.48183822631836
215,2,7,1.4933593,9.0,10.493359327316284
205,47,7,1.4682778,9.0,10.46827781200409
218,47,7,0.98371994,6.0,6.9837199449539185
208,44,7,2.1765692,15.0,17.17656922340393
209,24,7,1.8254912,9.0,10.825491189956665
214,41,7,1.0073466,6.0,7.0073466300964355
214,39,7,1.4958383,9.0,10.495838284492493
220,38,7,1.500213,9.0,10.500213027000427
213,39,7,2.4583316,15.0,17.45833158493042
210,2,7,2.46975,15.0,17.469749927520752
203,48,7,2.4162245,15.0,17.416224479675293
218,48,7,1.5053878,9.0,10.505387783050537
204,48,7,1.4823227,9.0,10.482322692871094
212,4,7,1.4947872,9.0,10.494787216186523
218,43,7,1.5048287,9.0,10.504828691482544
207,2,7,1.0186481,6.0,7.018648147583008
220,15,7,1.5259389,9.0,10.525938868522644
214,48,7,2.4813678,15.0,17.481367826461792
208,23,7,1.5447906,9.0,10.544790625572205
199,43,7,1.4877293,9.0,10.48772931098938
218,44,7,1.5010804,9.0,10.501080393791199
204,44,7,1.499451,9.0,10.499451041221619
217,39,7,1.5204995,9.0,10.520499467849731
202,47,7,0.9859355,6.0,6.9859355092048645
216,41,7,1.9402065,15.0,16.94020652770996
199,15,7,1.0127532,6.0,7.012753248214722
199,20,7,2.522337,15.0,17.522336959838867
215,47,7,1.4859415,9.0,10.485941529273987
208,2,7,1.930009,15.0,16.93000900745392
214,7,7,1.4989628,9.0,10.498962759971619
211,2,7,2.4846568,15.0,17.484656810760498
212,7,7,2.4865317,15.0,17.486531734466553
215,48,7,1.0096067,6.0,7.009606719017029
201,23,7,2.4830894,15.0,17.483089447021484
211,20,7,0.9937397,6.0,6.993739724159241
204,43,7,1.4706296,9.0,10.470629572868347
218,41,7,0.99701226,6.0,6.997012257575989
213,20,7,1.0027109,6.0,7.002710938453674
202,43,7,1.0045155,6.0,7.004515528678894
204,2,7,2.4840932,15.0,17.484093189239502
207,37,7,1.5573936,9.0,10.557393550872803
217,41,7,1.4981786,9.0,10.498178601264954
202,44,7,1.0224562,6.0,7.022456169128418
204,47,7,1.4778594,9.0,10.477859377861023
207,48,7,2.483007,15.0,17.483006954193115
201,22,7,1.017566,6.0,7.017565965652466
201,38,7,2.4647102,15.0,17.464710235595703
216,4,7,1.7586851,9.0,10.758685111999512
207,47,7,1.5026664,9.0,10.502666354179382
210,12,7,1.4997121,9.0,10.499712109565735
205,48,7,1.0199577,6.0,7.019957661628723
199,41,7,2.486518,15.0,17.486517906188965
201,37,7,1.1084878,6.0,7.108487844467163
204,41,7,2.4700742,15.0,17.47007417678833
209,39,7,1.490823,6.0,7.490823030471802
211,37,7,1.0316001,6.0,7.031600117683411
217,43,7,2.4742148,15.0,17.474214792251587
216,39,7,1.6147413,9.0,10.614741325378418
204,4,7,1.4993654,9.0,10.499365448951721
201,24,7,2.4388762,15.0,17.438876152038574
212,2,7,2.4752927,15.0,17.475292682647705
216,2,7,1.2754157,6.0,7.275415658950806
213,21,7,1.4929512,9.0,10.492951154708862
218,24,7,1.4743719,9.0,10.474371910095215
204,39,7,1.5063274,9.0,10.506327390670776
211,21,7,0.99752396,6.0,6.9975239634513855
201,39,7,0.99905515,6.0,6.9990551471710205
218,37,7,2.5136409,15.0,17.513640880584717
214,6,7,1.0056629,6.0,7.00566291809082
201,41,7,0.98307323,6.0,6.9830732345581055
220,20,7,2.4718142,15.0,17.471814155578613
209,6,7,2.0706894,15.0,17.07068943977356
210,41,7,2.486793,15.0,17.486793041229248
199,21,7,1.5031922,9.0,10.50319218635559
212,12,7,2.4785995,15.0,17.478599548339844
202,41,7,1.5428251,9.0,10.542825102806091
218,39,7,2.4909987,15.0,17.4909987449646
218,38,7,2.5214517,15.0,17.521451711654663
201,44,7,1.5037225,9.0,10.503722548484802
208,24,7,1.4187601,6.0,7.418760061264038
199,38,7,2.4799585,15.0,17.479958534240723
201,43,7,1.4886867,9.0,10.488686680793762
212,24,7,2.4430723,15.0,17.44307231903076
216,6,7,1.6836692,9.0,10.683669209480286
216,5,7,1.3803447,9.0,10.38034474849701
207,44,7,2.4786801,15.0,17.47868013381958
208,48,7,1.3827316,6.0,7.382731556892395
214,2,7,1.4878047,9.0,10.487804651260376
204,5,7,1.4532338,9.0,10.45323383808136
213,38,7,0.99890274,6.0,6.99890273809433
217,44,7,1.5229598,9.0,10.52295982837677
212,20,7,2.4383588,15.0,17.438358783721924
212,47,7,2.481111,15.0,17.4811110496521
199,39,7,1.0199769,6.0,7.019976854324341
216,7,7,2.1118565,15.0,17.11185646057129
201,47,7,2.489589,15.0,17.489588975906372
201,48,7,1.5044321,9.0,10.504432082176208
206,2,7,2.461694,15.0,17.46169400215149
220,21,7,1.5166917,9.0,10.5166916847229
210,7,7,2.469421,15.0,17.469420909881592
218,22,7,1.0176436,6.0,7.017643570899963
214,43,7,2.4805691,15.0,17.4805691242218
206,7,7,2.4705453,15.0,17.470545291900635
199,22,7,1.5108688,9.0,10.510868787765503
207,38,7,1.4733024,9.0,10.473302364349365
202,39,7,1.5061449,9.0,10.506144881248474
216,38,7,1.4522301,9.0,10.452230095863342
218,23,7,1.0388616,6.0,7.038861632347107
207,4,7,1.4794669,9.0,10.479466915130615
204,38,7,1.4899385,9.0,10.489938497543335
202,4,7,1.0118906,6.0,7.011890649795532
210,6,7,1.4888569,9.0,10.48885691165924
207,5,7,2.4666138,15.0,17.46661376953125
216,12,7,1.6655244,9.0,10.665524363517761
207,43,7,1.0074136,6.0,7.007413625717163
210,39,7,1.4971744,9.0,10.497174382209778
214,47,7,2.482911,15.0,17.482911109924316
206,4,7,1.5213054,9.0,10.521305441856384
202,2,7,2.4711678,15.0,17.47116780281067
218,21,7,1.0062873,6.0,7.006287336349487
202,38,7,2.4537003,15.0,17.453700304031372
217,47,7,2.4885297,15.0,17.488529682159424
204,6,7,1.504735,9.0,10.504734992980957
216,37,7,1.7748555,6.0,7.7748554944992065
220,37,7,1.5576857,9.0,10.557685732841492
204,37,7,1.0256672,6.0,7.025667190551758
211,22,7,2.480506,15.0,17.48050594329834
199,37,7,2.5436838,15.0,17.543683767318726
220,22,7,1.5136307,9.0,10.513630747795105
213,22,7,2.568842,15.0,17.5688419342041
218,20,7,1.4992248,9.0,10.499224781990051
204,23,7,2.4810522,15.0,17.48105216026306
202,5,7,1.4744347,9.0,10.474434733390808
218,15,7,2.4931054,15.0,17.49310541152954
207,7,7,1.480486,9.0,10.480486035346985
216,24,7,1.6353939,9.0,10.635393857955933
213,37,7,2.503532,15.0,17.50353193283081
204,7,7,2.4695532,15.0,17.469553232192993
217,48,7,2.466611,15.0,17.4666109085083
202,24,7,2.4291658,15.0,17.429165840148926
204,24,7,1.5100856,9.0,10.510085582733154
209,37,7,1.8144481,6.0,7.814448118209839
211,47,7,1.0079893,6.0,7.007989287376404
214,5,7,2.489089,15.0,17.489089012145996
213,24,7,2.4795322,15.0,17.47953224182129
207,41,7,0.98243755,6.0,6.982437551021576
206,24,7,1.5282778,9.0,10.52827775478363
209,12,7,1.4815524,6.0,7.481552362442017
213,23,7,2.454532,15.0,17.45453190803528
202,6,7,1.494901,9.0,10.494900941848755
199,23,7,2.4935827,15.0,17.493582725524902
214,23,7,2.4863956,15.0,17.486395597457886
210,48,7,2.4402223,15.0,17.44022226333618
202,23,7,1.0480713,6.0,7.048071265220642
210,4,7,2.4195192,15.0,17.419519186019897
218,12,7,2.5137665,15.0,17.513766527175903
216,20,7,1.8798832,15.0,16.87988317012787
204,22,7,1.0254003,6.0,7.025400280952454
207,6,7,0.9872252,6.0,6.98722517490387
216,21,7,1.5836141,15.0,16.583614110946655
204,21,7,2.4922793,15.0,17.492279291152954
202,12,7,1.4972795,9.0,10.497279524803162
218,7,7,2.4524817,15.0,17.452481746673584
206,23,7,2.4946313,15.0,17.49463129043579
212,44,7,2.5015528,15.0,17.50155282020569
212,39,7,2.4921813,15.0,17.492181301116943
202,22,7,2.456855,15.0,17.456855058670044
218,2,7,1.5164015,9.0,10.516401529312134
211,44,7,1.0218506,6.0,7.0218505859375
204,12,7,1.5228457,9.0,10.52284574508667
209,4,7,1.7522693,15.0,16.75226926803589
208,37,7,2.5078535,15.0,17.507853507995605
202,7,7,1.507748,9.0,10.507748007774353
211,48,7,2.4711375,15.0,17.471137523651123
202,20,7,0.94677216,6.0,6.9467721581459045
220,24,7,1.4849638,9.0,10.484963774681091
212,22,7,2.4727397,15.0,17.472739696502686
204,20,7,1.4886888,9.0,10.488688826560974
202,15,7,1.5060575,9.0,10.506057500839233
208,47,7,1.8757288,9.0,10.875728845596313
216,22,7,1.5677255,6.0,7.5677255392074585
202,21,7,1.5175256,9.0,10.517525553703308
211,24,7,1.0373477,6.0,7.037347674369812
211,23,7,1.4908733,9.0,10.490873336791992
218,4,7,1.5056733,9.0,10.505673289299011
214,4,7,0.9810731,6.0,6.981073081493378
206,5,7,1.0670447,6.0,7.067044734954834
214,44,7,1.5107011,9.0,10.510701060295105
220,23,7,1.5102175,9.0,10.510217547416687
210,5,7,2.4733272,15.0,17.473327159881592
213,4,7,1.0262663,6.0,7.02626633644104
220,2,7,2.5182853,15.0,17.518285274505615
212,6,7,2.4439836,15.0,17.443983554840088
215,7,7,2.4825263,15.0,17.482526302337646
200,7,7,1.5180001,9.0,10.51800012588501
219,44,7,2.5007915,15.0,17.500791549682617
200,20,7,2.4560642,15.0,17.456064224243164
200,15,7,1.5144926,9.0,10.514492630958557
208,20,7,1.9431789,15.0,16.94317889213562
205,37,7,1.0448074,6.0,7.044807434082031
203,38,7,2.4609518,15.0,17.460951805114746
207,21,7,0.98382103,6.0,6.9838210344314575
209,44,7,2.0276556,6.0,8.027655601501465
217,7,7,2.481513,15.0,17.481513023376465
211,41,7,2.4834778,15.0,17.48347783088684
199,6,7,1.0108349,6.0,7.0108349323272705
220,48,7,1.5167096,9.0,10.516709566116333
199,2,7,1.4918946,9.0,10.491894602775574
213,44,7,2.490231,15.0,17.490231037139893
217,6,8,2.447148,17.5,19.947148084640503
220,47,8,1.4846451,10.5,11.984645128250122
210,20,8,2.4512765,17.5,19.951276540756226
209,23,8,2.4914296,17.5,19.991429567337036
206,48,8,2.398171,17.5,19.898170948028564
213,15,8,2.4848387,17.5,19.984838724136353
215,44,8,1.5084548,10.5,12.0084547996521
210,38,8,1.4707972,10.5,11.970797181129456
220,12,8,2.4827938,17.5,19.9827938079834
212,4,8,1.4932078,10.5,11.993207812309265
204,48,8,1.4924233,10.5,11.992423295974731
201,15,8,1.0047324,7.0,8.004732370376587
218,48,8,1.4907211,10.5,11.990721106529236
203,48,8,2.415756,17.5,19.91575598716736
210,2,8,2.4626393,17.5,19.962639331817627
213,39,8,2.4423895,17.5,19.942389488220215
211,41,8,2.4837732,17.5,19.983773231506348
217,7,8,2.4772663,17.5,19.977266311645508
209,44,8,1.0430306,7.0,8.043030619621277
207,21,8,0.9808626,7.0,7.980862617492676
218,6,8,2.4980223,17.5,19.998022317886353
207,39,8,2.4796195,17.5,19.97961950302124
204,15,8,1.0395069,7.0,8.039506912231445
216,23,8,1.4096366,10.5,11.909636616706848
218,5,8,1.1478252,7.0,8.147825241088867
206,6,8,2.4911091,17.5,19.991109132766724
206,5,8,1.0482639,7.0,8.048263907432556
214,37,8,1.4445764,10.5,11.944576382637024
206,22,8,2.5091782,17.5,20.009178161621094
206,20,8,0.967355,7.0,7.967355012893677
208,39,8,2.2925668,17.5,19.792566776275635
203,24,8,1.5001694,10.5,12.000169396400452
218,4,8,1.505953,10.5,12.005952954292297
211,23,8,1.4874873,10.5,11.987487316131592
211,24,8,1.0576912,7.0,8.057691216468811
202,21,8,1.4973899,10.5,11.997389912605286
215,15,8,1.521258,10.5,12.021257996559143
200,20,8,2.4482338,17.5,19.94823384284973
219,44,8,2.5005584,17.5,20.000558376312256
200,7,8,1.5179951,10.5,12.017995119094849
212,6,8,2.4808378,17.5,19.98083782196045
220,2,8,2.535038,17.5,20.035037994384766
213,4,8,1.008971,7.0,8.008970975875854
219,43,8,1.0186276,7.0,8.018627643585205
211,5,8,2.4909348,17.5,19.9909348487854
216,22,8,1.5010027,7.0,8.501002669334412
208,47,8,1.264393,10.5,11.764392971992493
202,15,8,1.5005885,10.5,12.000588536262512
207,41,8,0.9863919,7.0,7.98639190196991
207,6,8,0.97736704,7.0,7.977367043495178
218,7,8,2.4368775,17.5,19.936877489089966
210,5,8,2.4639475,17.5,19.963947534561157
220,23,8,1.5272604,10.5,12.027260422706604
211,6,8,1.5016667,10.5,12.00166666507721
209,20,8,2.5233192,17.5,20.023319244384766
217,4,8,1.485458,10.5,11.985458016395569
203,22,8,1.0078483,7.0,8.007848262786865
217,12,8,1.5304396,10.5,12.030439615249634
203,21,8,2.4802988,17.5,19.9802987575531
213,43,8,2.4641533,17.5,19.964153289794922
214,44,8,1.5053257,10.5,12.005325675010681
199,24,8,1.5351913,10.5,12.035191297531128
204,12,8,1.4991466,10.5,11.999146580696106
214,4,8,0.9970374,7.0,7.997037410736084
200,21,8,0.9851397,7.0,7.985139727592468
207,20,8,1.0212076,7.0,8.021207571029663
203,20,8,2.5039332,17.5,20.00393319129944
199,7,8,1.5097668,10.5,12.009766817092896
212,15,8,1.501868,10.5,12.00186800956726
214,24,8,1.0086778,7.0,8.00867784023285
202,7,8,1.4935523,10.5,11.993552327156067
208,37,8,2.474268,17.5,19.974267959594727
211,44,8,1.0210913,7.0,8.021091341972351
218,2,8,1.5166061,10.5,12.016606092453003
202,22,8,2.4583282,17.5,19.958328247070312
212,39,8,2.4859428,17.5,19.985942840576172
212,44,8,2.4994383,17.5,19.999438285827637
202,12,8,2.057047,10.5,12.557046890258789
204,21,8,2.4974406,17.5,19.997440576553345
216,21,8,1.375395,17.5,18.87539505958557
206,24,8,1.4898621,10.5,11.989862084388733
213,24,8,2.5186133,17.5,20.01861333847046
211,47,8,1.0109748,7.0,8.010974764823914
211,48,8,2.4631665,17.5,19.96316647529602
220,44,8,2.4912152,17.5,19.991215229034424
200,22,8,2.493817,17.5,19.99381709098816
219,41,8,2.4985423,17.5,19.998542308807373
205,39,8,2.4971814,17.5,19.99718141555786
215,7,8,2.4632797,17.5,19.963279724121094
206,38,8,2.3355622,17.5,19.835562229156494
214,21,8,1.502828,10.5,12.002828001976013
200,23,8,1.5467031,10.5,12.046703100204468
209,21,8,1.0516167,7.0,8.051616668701172
205,41,8,2.4912167,17.5,19.9912166595459
206,39,8,2.4841788,17.5,19.9841787815094
205,24,8,1.5146837,10.5,12.014683723449707
218,12,8,2.4984741,17.5,19.99847412109375
204,22,8,1.0178387,7.0,8.017838716506958
216,20,8,1.736222,17.5,19.2362220287323
218,15,8,2.4919186,17.5,19.991918563842773
210,4,8,2.4254081,17.5,19.925408124923706
202,23,8,0.9888842,7.0,7.988884210586548
209,4,8,2.4250839,17.5,19.925083875656128
210,48,8,2.4311218,17.5,19.931121826171875
214,23,8,2.4964952,17.5,19.996495246887207
206,23,8,2.490035,17.5,19.99003505706787
199,23,8,2.4941638,17.5,19.994163751602173
214,5,8,2.4856591,17.5,19.98565912246704
202,6,8,1.4856824,10.5,11.985682368278503
211,22,8,2.4758985,17.5,19.975898504257202
213,23,8,2.4712508,17.5,19.971250772476196
209,12,8,1.345137,7.0,8.345137000083923
215,21,8,1.1511637,7.0,8.151163697242737
219,38,8,1.5050702,10.5,12.005070209503174
202,5,8,1.4875283,10.5,11.987528324127197
204,23,8,2.4632592,17.5,19.96325922012329
218,20,8,1.4926485,10.5,11.992648482322693
207,43,8,0.99573135,7.0,7.995731353759766
220,22,8,1.5088409,10.5,12.008840918540955
199,37,8,2.538961,17.5,20.038960933685303
208,15,8,1.9162318,17.5,19.416231751441956
205,23,8,1.0407143,7.0,8.040714263916016
215,20,8,1.0959066,7.0,8.095906615257263
210,23,8,1.5072486,10.5,12.007248640060425
217,15,8,2.5124886,17.5,20.01248860359192
203,39,8,1.0293826,7.0,8.029382586479187
217,2,8,1.0474048,7.0,8.047404766082764
203,15,8,1.5106243,10.5,12.010624289512634
210,6,8,1.4857816,10.5,11.98578155040741
202,4,8,1.0047562,7.0,8.004756212234497
209,37,8,1.0111735,7.0,8.011173486709595
204,24,8,1.5100901,10.5,12.010090112686157
217,48,8,2.4682288,17.5,19.968228816986084
204,7,8,2.4684079,17.5,19.96840786933899
213,37,8,2.5003748,17.5,20.000374794006348
216,24,8,1.538367,10.5,12.03836703300476
217,20,8,1.0607631,7.0,8.060763120651245
203,41,8,2.466214,17.5,19.966213941574097
213,5,8,2.4728808,17.5,19.972880840301514
205,22,8,2.526102,17.5,20.02610206604004
214,20,8,2.465517,17.5,19.965517044067383
208,12,8,2.2606077,17.5,19.760607719421387
200,24,8,2.5167484,17.5,20.016748428344727
219,39,8,2.4919953,17.5,19.991995334625244
200,39,8,2.4857664,17.5,19.985766410827637
202,24,8,2.4866772,17.5,19.986677169799805
218,21,8,1.0085312,7.0,8.008531212806702
202,2,8,2.4642754,17.5,19.964275360107422
206,4,8,1.4951631,10.5,11.995163083076477
214,47,8,2.498692,17.5,19.99869203567505
210,39,8,1.4966023,10.5,11.996602296829224
216,12,8,1.6858486,10.5,12.185848593711853
207,5,8,2.4578853,17.5,19.957885265350342
210,37,8,1.5160064,10.5,12.016006350517273
208,21,8,1.3877746,17.5,18.88777458667755
220,4,8,1.5136377,10.5,12.013637661933899
207,15,8,2.480426,17.5,19.98042607307434
207,22,8,2.503408,17.5,20.003407955169678
203,12,8,1.0249431,7.0,8.024943113327026
209,43,8,0.95893985,7.0,7.958939850330353
204,6,8,1.4937925,10.5,11.993792533874512
217,47,8,2.5054245,17.5,20.00542449951172
202,38,8,2.4503303,17.5,19.95033025741577
215,22,8,2.528411,17.5,20.02841091156006
212,5,8,2.4927669,17.5,19.992766857147217
219,24,8,1.5082649,10.5,12.008264899253845
200,38,8,2.5255895,17.5,20.02558946609497
219,37,8,2.52511,17.5,20.025110006332397
217,21,8,2.513048,17.5,20.01304793357849
209,47,8,2.4987807,17.5,19.998780727386475
211,39,8,2.4871192,17.5,19.98711919784546
206,15,8,2.4756622,17.5,19.975662231445312
199,12,8,2.502544,17.5,20.002543926239014
213,6,8,2.437674,17.5,19.937674045562744
205,21,8,1.4958794,10.5,11.995879411697388
200,37,8,0.98097736,7.0,7.980977356433868
201,48,8,1.4946091,10.5,11.994609117507935
201,47,8,2.4973588,17.5,19.997358798980713
216,7,8,1.9307836,17.5,19.43078362941742
220,41,8,0.99137217,7.0,7.991372168064117
214,15,8,1.4927003,10.5,11.992700338363647
219,23,8,1.0320027,7.0,8.032002687454224
215,5,8,0.97851574,7.0,7.9785157442092896
215,6,8,2.429604,17.5,19.929604053497314
200,4,8,1.0215528,7.0,8.021552801132202
220,5,8,1.4919378,10.5,11.991937756538391
205,20,8,1.49265,10.5,11.992650032043457
215,23,8,1.5202519,10.5,12.020251870155334
214,6,8,1.0036259,7.0,8.003625869750977
216,6,8,1.6597253,10.5,12.159725308418274
204,37,8,1.0296907,7.0,8.029690742492676
220,37,8,1.5162429,10.5,12.016242861747742
203,7,8,2.4745772,17.5,19.97457718849182
217,22,8,1.0577061,7.0,8.057706117630005
207,4,8,1.4845057,10.5,11.984505653381348
218,23,8,1.0346711,7.0,8.034671068191528
202,39,8,1.4956925,10.5,11.995692491531372
207,38,8,1.4717399,10.5,11.971739888191223
216,37,8,1.8519262,7.0,8.85192620754242
199,22,8,1.513872,10.5,12.013872027397156
214,43,8,2.4998932,17.5,19.999893188476562
213,22,8,2.5742612,17.5,20.07426118850708
218,22,8,1.0153258,7.0,8.015325784683228
210,7,8,2.4678676,17.5,19.967867612838745
201,44,8,1.5201521,10.5,12.02015209197998
220,21,8,1.5164708,10.5,12.016470789909363
206,2,8,2.4679377,17.5,19.967937707901
199,38,8,2.4878244,17.5,19.98782444000244
219,22,8,2.4823623,17.5,19.982362270355225
206,41,8,1.4922957,10.5,11.992295742034912
208,7,8,1.5926374,10.5,12.092637419700623
205,43,8,2.5011187,17.5,20.001118659973145
207,44,8,2.477098,17.5,19.977097988128662
216,5,8,1.3922043,10.5,11.892204284667969
212,24,8,2.4434354,17.5,19.943435430526733
201,43,8,1.498383,10.5,11.998383045196533
211,21,8,0.9993298,7.0,7.9993298053741455
208,24,8,1.4238318,7.0,8.423831820487976
204,38,8,1.4941045,10.5,11.994104504585266
200,41,8,1.0064752,7.0,8.00647521018982
211,7,8,1.5082767,10.5,12.00827670097351
208,43,8,1.7542839,17.5,19.254283905029297
220,43,8,1.5344441,10.5,12.034444093704224
216,48,8,1.6617815,17.5,19.161781549453735
209,48,8,0.9659384,7.0,7.9659383893013
203,6,8,2.441041,17.5,19.941040992736816
217,23,8,1.0207038,7.0,8.020703792572021
213,47,8,1.4498686,10.5,11.949868559837341
212,47,8,2.518521,17.5,20.018521070480347
209,6,8,2.4794388,17.5,19.97943878173828
213,38,8,0.9844577,7.0,7.9844576716423035
214,2,8,1.4982337,10.5,11.998233675956726
208,48,8,1.3681638,7.0,8.368163824081421
204,5,8,1.5007455,10.5,12.00074553489685
216,38,8,1.3732628,10.5,11.873262763023376
212,23,8,1.4976164,10.5,11.997616410255432
213,7,8,2.4736037,17.5,19.97360372543335
205,15,8,1.5147171,10.5,12.014717102050781
215,24,8,2.4503827,17.5,19.950382709503174
200,43,8,1.0050657,7.0,8.005065679550171
212,20,8,2.4418423,17.5,19.941842317581177
208,6,8,1.3936417,7.0,8.393641710281372
200,48,8,2.480441,17.5,19.980441093444824
210,41,8,2.4845266,17.5,19.98452663421631
220,20,8,2.4665592,17.5,19.966559171676636
201,41,8,0.99082077,7.0,7.9908207654953
201,39,8,0.99413943,7.0,7.9941394329071045
218,37,8,2.511146,17.5,20.011146068572998
218,24,8,1.4862366,10.5,11.986236572265625
204,39,8,1.4982221,10.5,11.99822211265564
213,21,8,1.4896703,10.5,11.989670276641846
206,37,8,1.5510576,10.5,12.051057577133179
212,48,8,1.4906967,10.5,11.990696668624878
200,2,8,2.4721498,17.5,19.97214984893799
216,47,8,1.38914,10.5,11.889140009880066
203,43,8,1.4699163,10.5,11.969916343688965
208,38,8,1.349183,7.0,8.349182963371277
216,4,8,1.7674801,10.5,12.26748013496399
201,38,8,2.4619603,17.5,19.961960315704346
218,38,8,2.511279,17.5,20.011279106140137
218,39,8,2.4839575,17.5,19.983957529067993
202,41,8,1.5306361,10.5,12.030636072158813
217,44,8,1.5229789,10.5,12.022978901863098
199,21,8,1.5000615,10.5,12.000061511993408
206,7,8,2.455045,17.5,19.955044984817505
212,12,8,2.478147,17.5,19.97814702987671
200,44,8,2.4867136,17.5,19.986713647842407
219,21,8,2.4684534,17.5,19.968453407287598
210,22,8,2.467984,17.5,19.967983961105347
205,12,8,1.0568595,7.0,8.056859493255615
215,37,8,1.0287352,7.0,8.028735160827637
209,22,8,2.4638984,17.5,19.963898420333862
220,6,8,2.488624,17.5,19.988624095916748
209,5,8,1.5307684,10.5,12.030768394470215
213,12,8,2.4965763,17.5,19.9965763092041
204,41,8,2.4692655,17.5,19.969265460968018
201,37,8,1.1452887,7.0,8.145288705825806
201,24,8,2.4520125,17.5,19.952012538909912
199,41,8,2.4808736,17.5,19.980873584747314
205,48,8,1.0194688,7.0,8.019468784332275
212,7,8,2.4748523,17.5,19.974852323532104
210,12,8,1.5033077,10.5,12.003307700157166
207,47,8,1.5243529,10.5,12.02435290813446
200,47,8,1.544561,10.5,12.04456102848053
219,20,8,2.4686968,17.5,19.96869683265686
213,48,8,2.4583085,17.5,19.958308458328247
207,23,8,1.4916171,10.5,11.9916170835495
214,38,8,1.0137751,7.0,8.013775110244751
211,37,8,1.024492,7.0,8.024492025375366
207,7,8,1.4712577,10.5,11.97125768661499
209,39,8,0.9938925,7.0,7.9938924908638
201,2,8,1.5142492,10.5,12.014249205589294
219,15,8,1.525564,10.5,12.025563955307007
205,7,8,2.4731572,17.5,19.973157167434692
212,43,8,2.51936,17.5,20.019360065460205
203,44,8,2.4928918,17.5,19.992891788482666
213,41,8,1.4611704,10.5,11.961170434951782
203,5,8,1.000363,7.0,8.000362992286682
217,24,8,1.4570296,10.5,11.957029581069946
216,44,8,1.672203,17.5,19.172202944755554
215,38,8,2.5309277,17.5,20.030927658081055
211,12,8,2.4897413,17.5,19.989741325378418
209,15,8,1.4980288,10.5,11.998028755187988
211,4,8,2.4640882,17.5,19.964088201522827
212,37,8,1.6002023,10.5,12.100202322006226
212,21,8,2.1247435,10.5,12.624743461608887
205,44,8,2.4939442,17.5,19.99394416809082
218,41,8,0.9966707,7.0,7.996670722961426
211,20,8,0.9938917,7.0,7.993891716003418
204,43,8,1.5248827,10.5,12.024882674217224
201,23,8,2.4807096,17.5,19.980709552764893
215,48,8,1.0071633,7.0,8.007163286209106
211,2,8,2.4732609,17.5,19.9732608795166
199,39,8,1.0133333,7.0,8.013333320617676
216,2,8,1.3806647,7.0,8.380664706230164
212,2,8,2.4687338,17.5,19.96873378753662
213,20,8,1.0054219,7.0,8.005421876907349
204,4,8,1.5142571,10.5,12.014257073402405
216,39,8,1.5900878,10.5,12.09008777141571
217,43,8,2.508232,17.5,20.00823211669922
211,38,8,1.0199499,7.0,8.019949913024902
203,4,8,2.453075,17.5,19.95307493209839
207,24,8,1.028308,7.0,8.028308033943176
203,47,8,2.50558,17.5,20.005579948425293
207,48,8,2.4998288,17.5,19.999828815460205
204,47,8,1.4747609,10.5,11.974760890007019
202,44,8,1.0121934,7.0,8.012193441390991
217,41,8,1.501161,10.5,12.001160979270935
207,37,8,1.5526805,10.5,12.052680492401123
204,2,8,2.4730864,17.5,19.9730863571167
202,43,8,0.98772204,7.0,7.987722039222717
208,22,8,1.8527107,17.5,19.352710723876953
205,6,8,2.4404085,17.5,19.94040846824646
201,4,8,2.478301,17.5,19.97830104827881
219,12,8,1.5153537,10.5,12.015353679656982
210,21,8,2.4928188,17.5,19.99281883239746
207,2,8,1.0270131,7.0,8.027013063430786
218,43,8,1.5266765,10.5,12.026676535606384
201,22,8,1.0127268,7.0,8.012726783752441
206,47,8,1.0249164,7.0,8.024916410446167
219,6,8,1.5015396,10.5,12.001539587974548
201,5,8,2.4832754,17.5,19.983275413513184
219,7,8,2.4540353,17.5,19.95403528213501
215,39,8,0.9892098,7.0,7.989209771156311
205,5,8,2.4903274,17.5,19.99032735824585
199,44,8,2.4942048,17.5,19.99420475959778
214,12,8,2.4642658,17.5,19.964265823364258
205,4,8,1.4973602,10.5,11.997360229492188
215,4,8,1.4878628,10.5,11.987862825393677
199,48,8,1.0157158,7.0,8.015715837478638
208,41,8,2.1103039,17.5,19.61030387878418
209,41,8,1.4824469,10.5,11.982446908950806
206,12,8,2.40984,17.5,19.90984010696411
218,47,8,0.99470437,7.0,7.994704365730286
208,2,8,2.1768656,17.5,19.676865577697754
215,47,8,1.488584,10.5,11.988584041595459
199,20,8,2.5326116,17.5,20.03261160850525
199,15,8,1.0187666,7.0,8.018766641616821
216,41,8,1.6520729,17.5,19.15207290649414
211,43,8,2.4808116,17.5,19.980811595916748
202,47,8,0.9944391,7.0,7.994439125061035
217,39,8,1.503905,10.5,12.003905057907104
204,44,8,1.4958954,10.5,11.995895385742188
218,44,8,1.5003428,10.5,12.000342845916748
199,43,8,1.488337,10.5,11.98833703994751
208,23,8,1.4150869,10.5,11.91508686542511
214,48,8,2.511488,17.5,20.01148796081543
220,15,8,1.5234618,10.5,12.023461818695068
199,47,8,2.5089903,17.5,20.00899028778076
214,22,8,2.4783134,17.5,19.978313446044922
220,7,8,1.5261629,10.5,12.02616286277771
201,12,8,1.5133479,10.5,12.013347864151001
208,44,8,1.6657546,17.5,19.165754556655884
201,20,8,1.0037308,7.0,8.003730773925781
205,47,8,1.4917356,10.5,11.991735577583313
215,2,8,1.4874823,10.5,11.98748230934143
201,21,8,1.4819459,10.5,11.981945872306824
210,15,8,2.4837565,17.5,19.98375654220581
214,7,8,1.4897245,10.5,11.989724516868591
211,15,8,2.4927087,17.5,19.992708683013916
201,6,8,1.499186,10.5,11.999186038970947
217,37,8,1.5366129,10.5,12.036612868309021
203,2,8,1.4783661,10.5,11.978366136550903
220,39,8,1.0189253,7.0,8.018925309181213
220,38,8,1.4994941,10.5,11.999494075775146
214,39,8,1.4957957,10.5,11.995795726776123
214,41,8,1.0082443,7.0,8.008244276046753
209,24,8,1.4885131,10.5,11.988513112068176
219,2,8,1.4896141,10.5,11.989614129066467
201,7,8,2.4613655,17.5,19.961365461349487
215,41,8,1.4972508,10.5,11.99725079536438
205,2,8,1.492677,10.5,11.992676973342896
209,7,8,2.4443023,17.5,19.944302320480347
216,43,8,1.4829907,10.5,11.982990741729736
207,12,8,1.5222118,10.5,12.022211790084839
202,48,8,2.4064257,17.5,19.906425714492798
217,38,8,1.0333803,7.0,8.033380270004272
210,43,8,1.4808962,10.5,11.980896234512329
219,4,8,1.4970473,10.5,11.997047305107117
208,4,8,1.8615155,17.5,19.361515522003174
204,20,8,1.4981198,10.5,11.998119831085205
212,22,8,2.4635692,17.5,19.963569164276123
220,24,8,1.510536,10.5,12.010535955429077
202,20,8,0.984043,7.0,7.984043002128601
209,38,8,1.0214667,7.0,8.021466732025146
203,38,8,2.4597392,17.5,19.959739208221436
200,6,8,1.5039637,10.5,12.003963708877563
205,37,8,1.0522777,7.0,8.052277684211731
208,20,8,1.9276452,17.5,19.427645206451416
212,38,8,1.0057024,7.0,8.005702376365662
200,15,8,1.5127343,10.5,12.012734293937683
205,38,8,2.4843357,17.5,19.98433566093445
210,24,8,2.4523907,17.5,19.952390670776367
219,47,8,1.4921074,10.5,11.992107391357422
200,12,8,1.0680127,7.0,8.068012714385986
199,6,8,1.0079696,7.0,8.007969617843628
213,44,8,2.4877024,17.5,19.98770236968994
203,37,8,1.5258423,10.5,12.025842308998108
199,2,8,1.4949749,10.5,11.994974851608276
199,5,8,2.4954405,17.5,19.99544048309326
212,41,8,1.0128963,7.0,8.012896299362183
199,4,8,1.4976811,10.5,11.997681140899658
220,48,8,1.5014992,10.5,12.00149917602539
215,12,8,2.502782,17.5,20.002782106399536
217,5,8,1.5160066,10.5,12.016006588935852
209,2,8,2.5051742,17.5,20.005174160003662
210,44,8,2.4789097,17.5,19.978909730911255
219,48,8,1.5163404,10.5,12.016340374946594
213,2,8,1.4963659,10.5,11.996365904808044
210,47,8,1.458511,10.5,11.958510994911194
203,23,8,2.4778168,17.5,19.977816820144653
210,47,9,1.4931185,12.0,13.493118524551392
199,6,9,1.0091591,8.0,9.009159088134766
213,2,9,1.5105202,12.0,13.510520219802856
219,48,9,1.5129122,12.0,13.512912154197693
210,44,9,2.4793618,20.0,22.47936177253723
209,2,9,2.5155115,20.0,22.515511512756348
217,5,9,1.506964,12.0,13.506963968276978
203,24,9,1.5096908,12.0,13.509690761566162
215,12,9,2.4744759,20.0,22.474475860595703
199,4,9,1.4979184,12.0,13.497918367385864
199,2,9,1.4988443,12.0,13.498844265937805
203,37,9,1.5214002,12.0,13.521400213241577
213,44,9,2.470493,20.0,22.47049307823181
199,5,9,2.485955,20.0,22.485954999923706
220,47,9,1.4852945,12.0,13.485294461250305
216,41,9,1.7163391,20.0,21.716339111328125
209,23,9,2.484345,20.0,22.484344959259033
212,4,9,1.4945331,12.0,13.494533061981201
206,48,9,2.3897371,20.0,22.389737129211426
213,15,9,2.4825711,20.0,22.482571125030518
215,44,9,1.5083637,12.0,13.508363723754883
220,12,9,2.4895768,20.0,22.489576816558838
204,48,9,1.479774,12.0,13.479773998260498
201,15,9,1.0069647,8.0,9.006964683532715
218,48,9,1.4948593,12.0,13.494859337806702
203,48,9,2.412354,20.0,22.412353992462158
213,39,9,2.4420073,20.0,22.442007303237915
213,48,9,2.4712095,20.0,22.47120952606201
214,39,9,1.4946374,12.0,13.494637370109558
201,7,9,2.4800076,20.0,22.480007648468018
205,2,9,1.4976877,12.0,13.497687697410583
219,4,9,1.4951439,12.0,13.49514389038086
216,43,9,1.4264393,12.0,13.42643928527832
207,12,9,1.5184908,12.0,13.5184907913208
202,48,9,2.446382,20.0,22.44638204574585
217,38,9,1.0445211,8.0,9.04452109336853
209,7,9,2.4350893,20.0,22.435089349746704
208,4,9,1.7033626,20.0,21.703362584114075
210,20,9,2.458885,20.0,22.458884954452515
199,47,9,2.5072832,20.0,22.507283210754395
214,22,9,2.4717956,20.0,22.471795558929443
220,7,9,1.5022548,12.0,13.502254843711853
199,44,9,2.4901242,20.0,22.490124225616455
201,12,9,1.6146905,12.0,13.61469054222107
219,2,9,1.4866602,12.0,13.486660242080688
214,7,9,1.5005312,12.0,13.500531196594238
208,44,9,1.5631006,20.0,21.563100576400757
201,20,9,1.0071573,8.0,9.007157325744629
205,47,9,1.4792541,12.0,13.479254126548767
215,2,9,1.4844584,12.0,13.484458446502686
210,38,9,1.4996902,12.0,13.499690175056458
201,21,9,1.4794445,12.0,13.47944450378418
210,15,9,2.4792535,20.0,22.47925353050232
218,47,9,1.0182049,8.0,9.018204927444458
215,41,9,1.5379688,12.0,13.537968754768372
211,15,9,2.4937675,20.0,22.493767499923706
201,6,9,1.4890609,12.0,13.489060878753662
219,6,9,1.497655,12.0,13.497655034065247
203,2,9,1.4820516,12.0,13.482051610946655
217,37,9,1.5327537,12.0,13.532753705978394
220,39,9,1.0184821,8.0,9.018482089042664
206,12,9,2.4075122,20.0,22.407512187957764
214,24,9,1.0065209,8.0,9.006520867347717
210,43,9,1.4370013,12.0,13.437001347541809
208,2,9,2.1149063,20.0,22.114906311035156
215,47,9,1.4739864,12.0,13.473986387252808
199,20,9,2.5309443,20.0,22.530944347381592
199,15,9,1.0129775,8.0,9.012977480888367
211,43,9,2.5025148,20.0,22.502514839172363
202,47,9,0.9938663,8.0,8.993866324424744
217,39,9,1.5179893,12.0,13.51798927783966
218,44,9,1.5027246,12.0,13.502724647521973
199,43,9,1.4959769,12.0,13.49597692489624
214,48,9,2.4907057,20.0,22.490705728530884
220,15,9,1.5305114,12.0,13.530511379241943
207,2,9,1.024869,8.0,9.024868965148926
218,43,9,1.5499696,12.0,13.549969553947449
201,22,9,1.001515,8.0,9.0015150308609
206,47,9,1.0196891,8.0,9.019689083099365
201,5,9,2.4782608,20.0,22.47826075553894
215,39,9,0.9884013,8.0,8.988401293754578
205,5,9,2.4865427,20.0,22.48654270172119
210,21,9,2.4923391,20.0,22.49233913421631
214,12,9,2.479013,20.0,22.479012966156006
205,4,9,1.4985778,12.0,13.49857783317566
208,41,9,1.9821475,20.0,21.982147455215454
209,41,9,1.4909661,12.0,13.490966081619263
209,48,9,0.98724663,8.0,8.987246632575989
211,38,9,1.0181053,8.0,9.018105268478394
203,4,9,2.4654791,20.0,22.465479135513306
207,24,9,1.0154121,8.0,9.015412092208862
203,47,9,2.5079513,20.0,22.507951259613037
207,23,9,1.4595199,12.0,13.459519863128662
207,48,9,2.4922152,20.0,22.492215156555176
204,47,9,1.4534078,12.0,13.453407764434814
204,44,9,1.4967263,12.0,13.496726274490356
202,44,9,1.0128714,8.0,9.012871384620667
207,37,9,1.552559,12.0,13.55255901813507
204,2,9,2.5178156,20.0,22.517815589904785
217,41,9,1.4971292,12.0,13.497129201889038
202,43,9,1.020895,8.0,9.020895004272461
204,4,9,1.5130514,12.0,13.513051390647888
208,22,9,1.7815046,20.0,21.78150463104248
205,6,9,2.5026622,20.0,22.502662181854248
219,7,9,2.4748216,20.0,22.4748215675354
201,4,9,2.5135584,20.0,22.513558387756348
219,12,9,1.5163003,12.0,13.516300320625305
212,37,9,1.5229751,12.0,13.522975087165833
212,21,9,1.5052063,12.0,13.50520634651184
215,4,9,1.4941816,12.0,13.494181632995605
218,41,9,1.000556,8.0,9.000555992126465
211,20,9,1.0223093,8.0,9.022309303283691
204,43,9,1.5081112,12.0,13.508111238479614
201,23,9,2.4818547,20.0,22.481854677200317
215,48,9,1.0086994,8.0,9.008699417114258
211,2,9,2.5129411,20.0,22.512941122055054
199,39,9,1.0243375,8.0,9.024337530136108
216,2,9,1.3628769,8.0,9.362876892089844
209,24,9,1.4856145,12.0,13.485614538192749
212,2,9,2.467616,20.0,22.467616081237793
213,20,9,1.0089808,8.0,9.008980751037598
216,39,9,1.5233907,12.0,13.523390650749207
217,43,9,2.511294,20.0,22.51129388809204
211,37,9,1.0263227,8.0,9.026322722434998
207,7,9,1.479557,12.0,13.479557037353516
209,39,9,0.99130213,8.0,8.991302132606506
201,2,9,1.4788113,12.0,13.478811264038086
219,15,9,1.5325093,12.0,13.532509326934814
200,48,9,2.467938,20.0,22.46793794631958
203,44,9,2.4891176,20.0,22.48911762237549
213,41,9,1.4674901,12.0,13.467490077018738
217,24,9,1.5307459,12.0,13.53074586391449
216,44,9,1.7322866,20.0,21.73228657245636
212,43,9,2.5163696,20.0,22.516369581222534
215,38,9,2.5342596,20.0,22.534259557724
211,12,9,2.4854326,20.0,22.485432624816895
209,15,9,1.5142099,12.0,13.514209866523743
220,6,9,2.5014973,20.0,22.501497268676758
199,48,9,1.0088692,8.0,9.008869171142578
209,6,9,2.4767833,20.0,22.476783275604248
209,5,9,1.56027,12.0,13.560269951820374
213,12,9,2.4798043,20.0,22.479804277420044
204,41,9,2.4698386,20.0,22.469838619232178
201,37,9,1.2200809,8.0,9.220080852508545
218,39,9,2.474403,20.0,22.474402904510498
201,24,9,2.4908423,20.0,22.49084234237671
199,41,9,2.4877238,20.0,22.48772382736206
212,7,9,2.4669862,20.0,22.466986179351807
207,47,9,1.5286701,12.0,13.528670072555542
216,4,9,1.6720834,12.0,13.672083377838135
212,5,9,2.4869795,20.0,22.486979484558105
205,7,9,2.4688277,20.0,22.468827724456787
200,47,9,1.5559711,12.0,13.555971145629883
219,20,9,2.4651976,20.0,22.465197563171387
200,44,9,2.4794347,20.0,22.479434728622437
203,5,9,0.9893385,8.0,8.989338517189026
214,38,9,1.0106729,8.0,9.010672926902771
199,12,9,2.499867,20.0,22.49986696243286
212,41,9,1.0218658,8.0,9.021865844726562
208,38,9,1.4496228,8.0,9.449622750282288
201,38,9,2.4715285,20.0,22.47152853012085
218,38,9,2.5123754,20.0,22.512375354766846
210,2,9,2.506495,20.0,22.506494998931885
202,41,9,1.5223228,12.0,13.52232277393341
217,44,9,1.5172204,12.0,13.517220377922058
206,7,9,2.4659617,20.0,22.465961694717407
212,12,9,2.4706194,20.0,22.470619440078735
219,21,9,2.4643474,20.0,22.46434736251831
215,24,9,2.4456277,20.0,22.445627689361572
205,12,9,1.0403917,8.0,9.040391683578491
215,37,9,1.0246468,8.0,9.024646759033203
209,22,9,2.4617627,20.0,22.46176266670227
205,44,9,2.488165,20.0,22.4881649017334
208,6,9,1.3659759,8.0,9.365975856781006
210,41,9,2.486659,20.0,22.486659049987793
208,23,9,1.454593,12.0,13.454592943191528
220,20,9,2.4449852,20.0,22.444985151290894
204,39,9,1.4838891,12.0,13.483889102935791
201,39,9,1.0030367,8.0,9.003036737442017
218,37,9,2.5167308,20.0,22.516730785369873
210,12,9,1.4760588,12.0,13.476058840751648
213,21,9,1.4914681,12.0,13.491468071937561
206,37,9,1.5259598,12.0,13.525959849357605
200,2,9,2.5051494,20.0,22.505149364471436
212,48,9,1.4981252,12.0,13.498125195503235
203,43,9,1.4773229,12.0,13.477322936058044
203,6,9,2.4825149,20.0,22.48251485824585
217,23,9,1.0193388,8.0,9.019338846206665
213,47,9,1.4507723,12.0,13.450772285461426
201,41,9,0.9967361,8.0,8.996736109256744
212,47,9,2.52475,20.0,22.524749994277954
205,48,9,1.0099097,8.0,9.009909749031067
220,38,9,1.5017812,12.0,13.501781225204468
208,48,9,1.2777324,8.0,9.277732372283936
214,2,9,1.4950347,12.0,13.49503469467163
211,24,9,1.0245057,8.0,9.024505734443665
204,5,9,1.4997987,12.0,13.499798655509949
216,38,9,1.363409,12.0,13.363409042358398
216,47,9,1.3158128,12.0,13.315812826156616
211,4,9,2.4592552,20.0,22.45925521850586
200,43,9,1.0192558,8.0,9.019255757331848
219,22,9,2.4773626,20.0,22.477362632751465
213,6,9,2.488949,20.0,22.488949060440063
208,7,9,1.545403,12.0,13.545403003692627
213,7,9,2.4702358,20.0,22.47023582458496
211,48,9,2.4566333,20.0,22.45663332939148
216,5,9,1.3556654,12.0,13.355665445327759
212,24,9,2.4368658,20.0,22.43686580657959
201,43,9,1.5274163,12.0,13.527416348457336
218,24,9,1.4897445,12.0,13.489744544029236
211,21,9,1.0022768,8.0,9.00227677822113
208,24,9,1.3303643,8.0,9.330364346504211
214,23,9,2.4949527,20.0,22.49495267868042
204,38,9,1.4960965,12.0,13.49609649181366
200,41,9,1.0094211,8.0,9.009421110153198
205,20,9,1.4665712,12.0,13.46657121181488
206,41,9,1.4971923,12.0,13.49719226360321
214,15,9,1.4942342,12.0,13.494234204292297
199,7,9,1.5123129,12.0,13.512312889099121
216,48,9,1.6203293,20.0,21.62032926082611
203,7,9,2.4707022,20.0,22.470702171325684
217,22,9,1.0670906,8.0,9.067090630531311
212,23,9,1.5014606,12.0,13.501460552215576
207,4,9,1.4756373,12.0,13.475637316703796
218,23,9,1.0147176,8.0,9.01471757888794
207,44,9,2.4683635,20.0,22.468363523483276
202,39,9,1.4964103,12.0,13.496410250663757
216,37,9,1.8782544,8.0,9.878254413604736
214,41,9,1.0086938,8.0,9.008693814277649
214,43,9,2.5057225,20.0,22.505722522735596
220,37,9,1.5584618,12.0,13.558461785316467
218,22,9,1.0166667,8.0,9.016666650772095
210,7,9,2.4615948,20.0,22.461594820022583
201,44,9,1.5156347,12.0,13.515634655952454
206,2,9,2.476968,20.0,22.47696805000305
199,38,9,2.484167,20.0,22.484167098999023
201,48,9,1.494484,12.0,13.494483947753906
216,7,9,2.2043219,20.0,22.20432186126709
210,22,9,2.4603465,20.0,22.460346460342407
219,23,9,1.0180706,8.0,9.018070578575134
215,5,9,0.98399436,8.0,8.983994364738464
200,4,9,1.0258063,8.0,9.025806307792664
220,5,9,1.4985888,12.0,13.498588800430298
215,23,9,1.5268846,12.0,13.52688455581665
205,15,9,1.51884,12.0,13.518839955329895
214,6,9,1.0029285,8.0,9.002928495407104
216,6,9,1.4851046,12.0,13.48510456085205
204,37,9,1.003026,8.0,9.003026008605957
213,22,9,2.578821,20.0,22.578820943832397
199,21,9,1.5029774,12.0,13.50297737121582
204,6,9,1.488947,12.0,13.488947033882141
213,38,9,0.9878586,8.0,8.987858593463898
217,47,9,2.5157866,20.0,22.51578664779663
202,38,9,2.4577942,20.0,22.457794189453125
219,24,9,1.5198373,12.0,13.519837260246277
200,38,9,2.5179281,20.0,22.51792812347412
209,47,9,2.4985256,20.0,22.498525619506836
211,39,9,2.48279,20.0,22.482789993286133
206,15,9,2.4473672,20.0,22.447367191314697
220,41,9,1.0047921,8.0,9.004792094230652
203,41,9,2.4663587,20.0,22.46635866165161
217,21,9,2.5119743,20.0,22.511974334716797
205,21,9,1.4660392,12.0,13.466039180755615
215,22,9,2.5406451,20.0,22.540645122528076
208,43,9,1.7081716,20.0,21.708171606063843
211,6,9,1.5032711,12.0,13.503271102905273
211,7,9,1.5108821,12.0,13.510882139205933
219,37,9,2.536556,20.0,22.536556005477905
200,37,9,0.98701036,8.0,8.9870103597641
215,21,9,1.0747479,8.0,9.074747920036316
205,43,9,2.5069313,20.0,22.50693130493164
200,39,9,2.4849968,20.0,22.484996795654297
202,24,9,2.4741738,20.0,22.47417378425598
218,21,9,1.0276246,8.0,9.027624607086182
202,2,9,2.4988146,20.0,22.498814582824707
206,4,9,1.4726529,12.0,13.472652912139893
214,47,9,2.5068107,20.0,22.506810665130615
220,21,9,1.5228027,12.0,13.522802710533142
210,39,9,1.4893085,12.0,13.489308476448059
216,12,9,1.6565576,12.0,13.656557559967041
215,6,9,2.5030227,20.0,22.50302267074585
210,37,9,1.5230286,12.0,13.52302861213684
208,21,9,1.3804086,20.0,21.38040864467621
220,4,9,1.5073223,12.0,13.507322311401367
207,15,9,2.4874327,20.0,22.487432718276978
217,20,9,1.0552256,8.0,9.055225610733032
207,22,9,2.4967213,20.0,22.496721267700195
203,12,9,1.0202681,8.0,9.020268082618713
209,43,9,0.9820792,8.0,8.982079207897186
209,37,9,0.99060166,8.0,8.990601658821106
204,24,9,1.5242671,12.0,13.524267077445984
217,48,9,2.458391,20.0,22.458390951156616
204,7,9,2.4895558,20.0,22.489555835723877
213,24,9,2.5092573,20.0,22.509257316589355
213,37,9,2.505728,20.0,22.505728006362915
216,24,9,1.4668784,12.0,13.466878414154053
207,38,9,1.4753908,12.0,13.475390791893005
208,12,9,2.0838497,20.0,22.083849668502808
200,24,9,2.510439,20.0,22.510438919067383
219,39,9,2.4926553,20.0,22.492655277252197
200,23,9,1.5348647,12.0,13.534864664077759
219,38,9,1.5090439,12.0,13.50904393196106
213,5,9,2.4666865,20.0,22.466686487197876
202,5,9,1.4665682,12.0,13.466568231582642
204,23,9,2.468587,20.0,22.468586921691895
218,15,9,2.4909673,20.0,22.490967273712158
218,20,9,1.4871036,12.0,13.487103581428528
202,4,9,0.98500955,8.0,8.985009551048279
210,6,9,1.4902021,12.0,13.490202069282532
207,43,9,1.0139079,8.0,9.01390790939331
199,37,9,2.5337946,20.0,22.53379464149475
220,23,9,1.517491,12.0,13.517490983009338
218,12,9,2.491232,20.0,22.49123191833496
205,22,9,2.5181324,20.0,22.51813244819641
208,15,9,1.8029358,20.0,21.80293583869934
215,20,9,1.0056689,8.0,9.005668878555298
210,23,9,1.4997054,12.0,13.49970543384552
217,15,9,2.499556,20.0,22.499556064605713
203,39,9,1.0299077,8.0,9.029907703399658
217,2,9,1.0423739,8.0,9.042373895645142
203,15,9,1.5135177,12.0,13.51351773738861
204,22,9,1.0231138,8.0,9.02311384677887
210,4,9,2.423503,20.0,22.423502922058105
202,23,9,0.9757891,8.0,8.97578912973404
206,23,9,2.4929204,20.0,22.492920398712158
208,37,9,2.479148,20.0,22.479147911071777
202,6,9,1.4938459,12.0,13.49384593963623
211,22,9,2.4696705,20.0,22.46967053413391
213,23,9,2.471314,20.0,22.471313953399658
209,12,9,1.0077273,8.0,9.007727265357971
206,24,9,1.4471451,12.0,13.447145104408264
220,22,9,1.5164847,12.0,13.51648473739624
211,47,9,1.0177388,8.0,9.017738819122314
220,43,9,1.540837,12.0,13.540837049484253
220,44,9,2.4846258,20.0,22.484625816345215
200,22,9,2.461897,20.0,22.461896896362305
219,41,9,2.5026276,20.0,22.50262761116028
215,7,9,2.462243,20.0,22.46224308013916
214,21,9,1.502051,12.0,13.502050995826721
209,21,9,1.0496236,8.0,9.049623608589172
206,39,9,2.484002,20.0,22.484002113342285
205,24,9,1.5232716,12.0,13.523271560668945
205,23,9,1.036819,8.0,9.036818981170654
200,21,9,0.97767377,8.0,8.977673768997192
207,20,9,1.0081475,8.0,9.008147478103638
203,20,9,2.502672,20.0,22.50267195701599
212,15,9,1.4990315,12.0,13.49903154373169
216,20,9,1.7952311,20.0,21.795231103897095
204,21,9,2.4984956,20.0,22.49849557876587
202,7,9,1.4979552,12.0,13.497955203056335
207,5,9,2.4454632,20.0,22.445463180541992
214,5,9,2.4789605,20.0,22.478960514068604
212,44,9,2.496982,20.0,22.496982097625732
199,22,9,1.5171143,12.0,13.517114281654358
211,44,9,0.999745,8.0,8.99974501132965
218,2,9,1.5212051,12.0,13.521205067634583
202,22,9,2.4505873,20.0,22.450587272644043
204,12,9,1.4894274,12.0,13.48942744731903
202,12,9,1.5213928,12.0,13.521392822265625
216,21,9,1.3432171,20.0,21.343217134475708
207,41,9,0.99426645,8.0,8.99426645040512
218,7,9,2.4349394,20.0,22.43493938446045
210,5,9,2.4607856,20.0,22.460785627365112
214,44,9,1.5059099,12.0,13.50590991973877
200,20,9,2.4449692,20.0,22.444969177246094
209,20,9,2.540368,20.0,22.54036808013916
217,4,9,1.4909755,12.0,13.490975499153137
203,22,9,1.0061584,8.0,9.006158351898193
203,21,9,2.4504037,20.0,22.450403690338135
217,12,9,1.5208875,12.0,13.52088749408722
213,43,9,2.4826813,20.0,22.482681274414062
220,2,9,2.5246668,20.0,22.524666786193848
205,41,9,2.4872484,20.0,22.487248420715332
199,24,9,1.5038555,12.0,13.503855466842651
212,39,9,2.485354,20.0,22.48535394668579
214,4,9,1.0010004,8.0,9.00100040435791
209,4,9,2.4148622,20.0,22.414862155914307
218,4,9,1.5074575,12.0,13.507457494735718
211,23,9,1.4888268,12.0,13.488826751708984
202,21,9,1.4886231,12.0,13.488623142242432
216,22,9,1.5857425,8.0,9.585742473602295
219,44,9,2.4977226,20.0,22.497722625732422
200,7,9,1.5212108,12.0,13.521210789680481
212,6,9,2.486227,20.0,22.48622703552246
212,20,9,2.4299343,20.0,22.42993426322937
213,4,9,1.0049174,8.0,9.00491738319397
219,43,9,1.0356406,8.0,9.035640597343445
211,5,9,2.482001,20.0,22.482001066207886
218,6,9,2.519182,20.0,22.519181966781616
202,15,9,1.5017065,12.0,13.50170648097992
204,20,9,1.4767402,12.0,13.47674024105072
212,22,9,2.4609723,20.0,22.46097230911255
207,6,9,0.98532325,8.0,8.985323250293732
210,48,9,2.4470043,20.0,22.447004318237305
202,20,9,0.9574014,8.0,8.957401394844055
209,38,9,1.0060537,8.0,9.006053686141968
203,38,9,2.4692585,20.0,22.469258546829224
200,6,9,1.5095575,12.0,13.509557485580444
205,39,9,2.4875,20.0,22.487499952316284
206,38,9,2.424858,20.0,22.42485809326172
205,37,9,1.039341,8.0,9.03934097290039
200,15,9,1.532947,12.0,13.532946944236755
208,20,9,1.8506055,20.0,21.850605487823486
212,38,9,1.0151876,8.0,9.015187621116638
215,15,9,1.5058366,12.0,13.505836606025696
214,20,9,2.5045848,20.0,22.504584789276123
210,24,9,2.443208,20.0,22.44320797920227
219,47,9,1.5540073,12.0,13.554007291793823
200,12,9,1.0547148,8.0,9.054714798927307
205,38,9,2.47993,20.0,22.47992992401123
211,41,9,2.4918315,20.0,22.4918315410614
209,44,9,1.0517585,8.0,9.051758527755737
207,21,9,0.96642506,8.0,8.966425061225891
204,15,9,1.0383768,8.0,9.038376808166504
207,39,9,2.5148282,20.0,22.514828205108643
208,47,9,1.3445413,12.0,13.344541311264038
216,23,9,1.3891393,12.0,13.389139294624329
218,5,9,1.0070939,8.0,9.007093906402588
206,6,9,2.5024624,20.0,22.50246238708496
206,5,9,1.010263,8.0,9.010262966156006
199,23,9,2.4946866,20.0,22.494686603546143
220,24,9,1.5061027,12.0,13.506102681159973
214,37,9,1.5174315,12.0,13.517431497573853
206,22,9,2.5137575,20.0,22.513757467269897
206,20,9,0.95180935,8.0,8.951809346675873
217,7,9,2.4718282,20.0,22.47182822227478
208,39,9,2.4058926,20.0,22.405892610549927
203,23,9,2.479031,20.0,22.479031085968018
217,6,9,2.481808,20.0,22.481807947158813
220,48,9,1.5023808,12.0,13.502380847930908
220,48,10,1.5233282,13.5,15.023328185081482
208,39,10,2.2594514,22.5,24.759451389312744
220,47,10,1.492338,13.5,14.992337942123413
203,24,10,1.4903991,13.5,14.99039912223816
217,5,10,1.5155567,13.5,15.015556693077087
209,2,10,2.5288525,22.5,25.028852462768555
219,48,10,1.5106949,13.5,15.010694861412048
213,2,10,1.5005944,13.5,15.0005943775177
205,38,10,2.4713206,22.5,24.971320629119873
200,12,10,1.0378714,9.0,10.037871360778809
219,47,10,1.5515546,13.5,15.051554560661316
214,20,10,2.5097647,22.5,25.009764671325684
215,12,10,2.4630651,22.5,24.963065147399902
210,24,10,2.449613,22.5,24.949613094329834
212,38,10,1.0115405,9.0,10.011540532112122
208,20,10,1.8121208,22.5,24.31212079524994
200,15,10,1.5174465,13.5,15.017446517944336
205,37,10,1.0536097,9.0,10.053609728813171
206,38,10,2.4583433,22.5,24.958343267440796
205,39,10,2.481421,22.5,24.98142099380493
200,6,10,1.5124876,13.5,15.012487649917603
212,6,10,2.5054548,22.5,25.005454778671265
200,7,10,1.510651,13.5,15.010650992393494
219,44,10,2.494781,22.5,24.994781017303467
215,15,10,1.4929597,13.5,14.99295973777771
209,20,10,2.521263,22.5,25.021262884140015
200,20,10,2.447853,22.5,24.947853088378906
211,5,10,2.4817908,22.5,24.981790781021118
219,43,10,1.0035713,9.0,10.003571271896362
206,39,10,2.4823515,22.5,24.982351541519165
212,20,10,2.4228086,22.5,24.92280864715576
213,4,10,0.9915142,9.0,9.991514205932617
200,21,10,0.9970739,9.0,9.997073888778687
205,23,10,1.0244789,9.0,10.024478912353516
205,24,10,1.5244724,13.5,15.02447235584259
220,2,10,2.5204163,22.5,25.020416259765625
214,21,10,1.4921927,13.5,14.99219274520874
215,7,10,2.4611266,22.5,24.961126565933228
219,41,10,2.5021958,22.5,25.002195835113525
200,22,10,2.472053,22.5,24.972053050994873
210,23,10,1.5000994,13.5,15.000099420547485
215,20,10,1.134691,9.0,10.134690999984741
208,15,10,1.9378514,22.5,24.437851428985596
205,22,10,2.5320873,22.5,25.032087326049805
209,21,10,1.0445158,9.0,10.04451584815979
200,23,10,1.5268911,13.5,15.026891112327576
219,39,10,2.4851747,22.5,24.985174655914307
200,24,10,2.5042121,22.5,25.004212141036987
208,12,10,2.0084095,22.5,24.50840950012207
215,5,10,1.1015958,9.0,10.101595759391785
208,21,10,1.2827576,22.5,23.78275763988495
210,37,10,1.5130256,13.5,15.013025641441345
220,4,10,1.5058303,13.5,15.00583028793335
215,6,10,2.4999175,22.5,24.99991750717163
213,5,10,2.4598212,22.5,24.959821224212646
219,38,10,1.5107498,13.5,15.010749816894531
215,21,10,0.97522146,9.0,9.975221455097198
200,37,10,1.0055915,9.0,10.00559151172638
219,37,10,2.538482,22.5,25.038481950759888
211,7,10,1.5070493,13.5,15.007049322128296
211,6,10,1.5062922,13.5,15.006292223930359
208,43,10,1.8443236,22.5,24.34432363510132
215,22,10,2.5438917,22.5,25.043891668319702
205,21,10,1.4932295,13.5,14.993229508399963
200,38,10,2.4757283,22.5,24.975728273391724
219,24,10,1.5192225,13.5,15.019222497940063
205,43,10,2.5017633,22.5,25.001763343811035
220,5,10,1.4966663,13.5,14.996666312217712
200,4,10,1.00253,9.0,10.002529978752136
205,41,10,2.4586685,22.5,24.95866847038269
200,39,10,2.5019577,22.5,25.001957654953003
219,23,10,1.0171871,9.0,10.017187118530273
210,22,10,2.4600391,22.5,24.960039138793945
213,6,10,2.479476,22.5,24.97947597503662
214,15,10,1.4967091,13.5,14.996709108352661
206,41,10,1.4886565,13.5,14.988656520843506
205,20,10,1.4457104,13.5,14.94571042060852
200,41,10,1.0221149,9.0,10.022114872932434
205,15,10,1.5156363,13.5,15.015636324882507
215,23,10,1.5005077,13.5,15.000507712364197
219,22,10,2.4722626,22.5,24.972262620925903
200,43,10,1.0063175,9.0,10.006317496299744
211,4,10,2.4539223,22.5,24.953922271728516
212,48,10,1.5106676,13.5,15.010667562484741
200,2,10,2.529101,22.5,25.02910089492798
206,37,10,1.5102341,13.5,15.010234117507935
213,7,10,2.4778447,22.5,24.977844715118408
208,7,10,1.5299212,13.5,15.029921174049377
209,22,10,2.5075214,22.5,25.007521390914917
215,37,10,1.0199679,9.0,10.019967913627625
205,12,10,1.1077702,9.0,10.107770204544067
215,24,10,2.4451532,22.5,24.94515323638916
219,21,10,2.473982,22.5,24.973982095718384
200,44,10,2.4835143,22.5,24.983514308929443
219,20,10,2.461023,22.5,24.961023092269897
205,7,10,2.4655437,22.5,24.965543746948242
212,5,10,2.496267,22.5,24.996267080307007
200,47,10,1.5419363,13.5,15.0419362783432
205,44,10,2.485093,22.5,24.985093116760254
199,48,10,1.0160282,9.0,10.01602816581726
220,6,10,2.5185633,22.5,25.018563270568848
209,15,10,1.4949905,13.5,14.994990468025208
208,6,10,1.305424,9.0,10.305423974990845
211,12,10,2.482114,22.5,24.98211407661438
215,38,10,2.483179,22.5,24.983179092407227
200,48,10,2.478621,22.5,24.978621006011963
219,15,10,1.5317528,13.5,15.031752824783325
201,2,10,1.4880455,13.5,14.988045454025269
213,12,10,2.5163794,22.5,25.016379356384277
212,21,10,1.5167723,13.5,15.016772270202637
209,5,10,1.6198494,13.5,15.119849443435669
219,12,10,1.5117584,13.5,15.01175844669342
201,4,10,2.5303922,22.5,25.030392169952393
219,7,10,2.472815,22.5,24.97281503677368
205,6,10,2.5335078,22.5,25.033507823944092
199,47,10,2.5027912,22.5,25.002791166305542
208,22,10,1.8570812,22.5,24.357081174850464
215,4,10,1.5072807,13.5,15.007280707359314
212,37,10,1.5192226,13.5,15.019222617149353
210,21,10,2.4939084,22.5,24.993908405303955
205,5,10,2.4606273,22.5,24.96062731742859
215,39,10,1.0023296,9.0,10.002329587936401
201,5,10,2.4881372,22.5,24.988137245178223
206,47,10,1.0062758,9.0,10.0062757730484
219,6,10,1.4927301,13.5,14.992730140686035
201,6,10,1.488706,13.5,14.98870599269867
215,41,10,1.4940292,13.5,14.99402916431427
205,4,10,1.4986093,13.5,14.9986093044281
214,12,10,2.515449,22.5,25.015449047088623
211,15,10,2.5002813,22.5,25.00028133392334
199,44,10,2.4850101,22.5,24.985010147094727
209,6,10,2.494816,22.5,24.994816064834595
214,22,10,2.4679244,22.5,24.96792435646057
220,7,10,1.5043548,13.5,15.00435483455658
210,20,10,2.4547734,22.5,24.954773426055908
208,4,10,1.5976591,22.5,24.09765911102295
219,4,10,1.5034549,13.5,15.00345492362976
205,2,10,1.5011731,13.5,15.00117313861847
201,7,10,2.4821658,22.5,24.982165813446045
219,2,10,1.4868535,13.5,14.98685348033905
201,12,10,1.5202752,13.5,15.020275235176086
208,2,10,2.0117073,22.5,24.511707305908203
215,44,10,1.5008832,13.5,15.000883221626282
213,15,10,2.4919286,22.5,24.991928577423096
212,4,10,1.4943994,13.5,14.994399428367615
209,23,10,2.5461283,22.5,25.046128273010254
218,48,10,1.4919403,13.5,14.991940259933472
201,15,10,1.0103035,9.0,10.010303497314453
204,48,10,1.4849801,13.5,14.98498010635376
220,12,10,2.4961457,22.5,24.996145725250244
210,38,10,1.5070969,13.5,15.007096886634827
215,2,10,1.485262,13.5,14.985262036323547
205,47,10,1.4970286,13.5,14.997028589248657
201,20,10,1.0095716,9.0,10.009571552276611
214,7,10,1.4950253,13.5,14.995025277137756
215,47,10,1.4731625,13.5,14.973162531852722
208,44,10,1.6546139,22.5,24.154613852500916
218,47,10,0.9813862,9.0,9.981386184692383
206,48,10,2.387724,22.5,24.887723922729492
210,15,10,2.480661,22.5,24.980660915374756
199,41,10,2.4840605,22.5,24.984060525894165
220,15,10,1.532273,13.5,15.032273054122925
208,41,10,2.060978,22.5,24.560977935791016
214,48,10,2.4980278,22.5,24.998027801513672
199,43,10,1.4972428,13.5,14.99724280834198
201,21,10,1.4858135,13.5,14.98581349849701
218,44,10,1.5022064,13.5,15.002206444740295
215,48,10,0.998163,9.0,9.998162984848022
204,44,10,1.5022807,13.5,15.002280712127686
204,47,10,1.487585,13.5,14.987584948539734
207,48,10,2.5033803,22.5,25.003380298614502
201,22,10,1.002615,9.0,10.002614974975586
218,43,10,1.5298531,13.5,15.029853105545044
207,2,10,1.0284765,9.0,10.028476476669312
201,23,10,2.4788508,22.5,24.978850841522217
204,43,10,1.5019923,13.5,15.001992344856262
211,20,10,1.0205039,9.0,10.020503878593445
213,20,10,0.99534535,9.0,9.9953453540802
218,41,10,1.0042086,9.0,10.0042085647583
212,2,10,2.464984,22.5,24.96498394012451
209,24,10,1.4916228,13.5,14.991622805595398
216,2,10,1.3111815,9.0,10.311181545257568
199,39,10,1.0127307,9.0,10.012730717658997
211,2,10,2.5178986,22.5,25.017898559570312
212,7,10,2.4661322,22.5,24.966132164001465
201,24,10,2.4859583,22.5,24.985958337783813
218,39,10,2.4697819,22.5,24.96978187561035
201,37,10,1.1111937,9.0,10.111193656921387
204,41,10,2.4645002,22.5,24.964500188827515
218,38,10,2.5081525,22.5,25.0081524848938
201,38,10,2.467843,22.5,24.967843055725098
216,4,10,1.7210366,13.5,15.221036553382874
207,47,10,1.5321155,13.5,15.032115459442139
210,12,10,1.4831854,13.5,14.983185410499573
218,37,10,2.5231693,22.5,25.02316927909851
204,39,10,1.5013267,13.5,15.00132668018341
201,39,10,0.99694014,9.0,9.99694013595581
220,20,10,2.4597216,22.5,24.959721565246582
208,23,10,1.3858619,13.5,14.885861873626709
205,48,10,1.0014665,9.0,10.001466512680054
212,47,10,2.5211508,22.5,25.021150827407837
213,21,10,1.4799517,13.5,14.979951739311218
201,41,10,0.9943855,9.0,9.994385480880737
211,21,10,1.0277194,9.0,10.027719378471375
218,24,10,1.4804733,13.5,14.980473279953003
201,43,10,1.5277551,13.5,15.02775514125824
204,38,10,1.500333,13.5,15.000332951545715
216,5,10,1.3110172,13.5,14.811017155647278
211,48,10,2.456062,22.5,24.956062078475952
212,24,10,2.4419477,22.5,24.94194769859314
207,44,10,2.476087,22.5,24.97608709335327
218,23,10,1.0355718,9.0,10.035571813583374
207,4,10,1.4857955,13.5,14.985795497894287
214,23,10,2.4916005,22.5,24.991600513458252
208,24,10,1.3396852,9.0,10.339685201644897
199,38,10,2.4070406,22.5,24.9070405960083
206,2,10,2.511615,22.5,25.01161503791809
201,44,10,1.504929,13.5,15.004928946495056
210,7,10,2.459906,22.5,24.959906101226807
218,22,10,1.0269378,9.0,10.02693784236908
213,22,10,2.5539026,22.5,25.053902626037598
204,37,10,0.9980371,9.0,9.998037099838257
216,6,10,1.4375051,13.5,14.93750512599945
214,6,10,1.0108554,9.0,10.010855436325073
209,12,10,1.0037589,9.0,10.003758907318115
210,39,10,1.4918604,13.5,14.991860389709473
220,22,10,1.5174123,13.5,15.017412304878235
220,21,10,1.5295419,13.5,15.029541850090027
214,47,10,2.4688096,22.5,24.968809604644775
206,4,10,1.4872153,13.5,14.987215280532837
201,48,10,1.5597112,13.5,15.059711217880249
218,21,10,1.0103871,9.0,10.010387063026428
202,2,10,2.5143785,22.5,25.014378547668457
204,24,10,1.5085629,13.5,15.008562922477722
216,7,10,2.1273148,22.5,24.627314805984497
209,37,10,0.9827992,9.0,9.982799172401428
216,12,10,1.5896965,13.5,15.089696526527405
207,43,10,1.0162569,9.0,10.016256928443909
210,6,10,1.4875946,13.5,14.987594604492188
202,4,10,1.0145952,9.0,10.01459515094757
218,20,10,1.4927038,13.5,14.992703795433044
218,15,10,2.490263,22.5,24.990262985229492
204,23,10,2.4790428,22.5,24.979042768478394
202,5,10,1.6167698,13.5,15.116769790649414
204,22,10,1.0261829,9.0,10.026182889938354
218,12,10,2.4910817,22.5,24.991081714630127
220,23,10,1.5173337,13.5,15.017333745956421
199,37,10,2.532784,22.5,25.03278398513794
206,24,10,1.2432544,13.5,14.74325442314148
213,23,10,2.4548154,22.5,24.95481538772583
211,22,10,2.4571364,22.5,24.957136392593384
214,5,10,2.4747481,22.5,24.974748134613037
207,5,10,2.449603,22.5,24.94960308074951
211,47,10,1.0202819,9.0,10.020281910896301
202,6,10,1.4889269,13.5,14.988926887512207
202,7,10,1.4930105,13.5,14.993010520935059
204,21,10,2.5025778,22.5,25.002577781677246
216,20,10,1.9941365,22.5,24.494136452674866
207,41,10,0.9854096,9.0,9.985409617424011
216,21,10,1.5330042,22.5,24.03300416469574
202,12,10,1.5102983,13.5,15.010298252105713
212,39,10,2.47907,22.5,24.97906994819641
199,24,10,1.5064408,13.5,15.00644075870514
210,5,10,2.4553785,22.5,24.955378532409668
218,7,10,2.4607382,22.5,24.96073818206787
207,6,10,0.9796952,9.0,9.979695200920105
212,22,10,2.45796,22.5,24.9579598903656
204,20,10,1.4761406,13.5,14.97614061832428
202,15,10,1.5028138,13.5,15.002813816070557
218,6,10,2.5311356,22.5,25.03113555908203
216,22,10,1.4962542,9.0,10.496254205703735
208,47,10,1.2875087,13.5,14.787508726119995
207,39,10,2.5113022,22.5,25.01130223274231
204,15,10,1.0259943,9.0,10.025994300842285
209,38,10,1.0082257,9.0,10.008225679397583
210,48,10,2.4223943,22.5,24.922394275665283
220,24,10,1.4936703,13.5,14.993670344352722
199,23,10,2.4981651,22.5,24.998165130615234
214,44,10,1.5072725,13.5,15.007272481918335
206,5,10,1.0611713,9.0,10.061171293258667
202,20,10,0.9821695,9.0,9.982169508934021
218,5,10,1.0075357,9.0,10.007535696029663
216,23,10,1.3494105,13.5,14.84941053390503
202,21,10,1.4863931,13.5,14.986393094062805
211,23,10,1.4900885,13.5,14.99008846282959
218,4,10,1.5092236,13.5,15.009223580360413
213,24,10,2.514829,22.5,25.01482892036438
209,4,10,2.4371724,22.5,24.937172412872314
204,12,10,1.4873428,13.5,14.987342834472656
202,22,10,2.4537873,22.5,24.953787326812744
218,2,10,1.5179473,13.5,15.017947316169739
211,44,10,1.0031468,9.0,10.003146767616272
199,22,10,1.5144528,13.5,15.014452815055847
212,44,10,2.4962642,22.5,24.996264219284058
206,23,10,2.4965835,22.5,24.996583461761475
202,23,10,0.9842715,9.0,9.98427152633667
210,4,10,2.4103138,22.5,24.910313844680786
207,38,10,1.4714048,13.5,14.971404790878296
216,24,10,1.4556986,13.5,14.955698609352112
213,37,10,2.4936633,22.5,24.99366331100464
204,7,10,2.486847,22.5,24.986846923828125
214,4,10,0.99429923,9.0,9.994299232959747
217,48,10,2.4594188,22.5,24.959418773651123
202,24,10,2.4720588,22.5,24.97205877304077
202,38,10,2.4720278,22.5,24.97202777862549
217,47,10,2.5226946,22.5,25.02269458770752
213,38,10,0.9612752,9.0,9.961275219917297
199,21,10,1.5038757,13.5,15.003875732421875
220,37,10,1.5603282,13.5,15.060328245162964
214,43,10,2.5109675,22.5,25.01096749305725
206,6,10,2.474463,22.5,24.97446298599243
214,41,10,1.0094844,9.0,10.00948441028595
216,37,10,1.4097773,9.0,10.409777283668518
204,6,10,1.4903425,13.5,14.990342497825623
202,39,10,1.4912516,13.5,14.991251587867737
216,38,10,1.2941821,13.5,14.794182062149048
204,5,10,1.5004793,13.5,15.000479340553284
211,24,10,1.0247415,9.0,10.024741530418396
207,7,10,1.4716966,13.5,14.971696615219116
214,2,10,1.4838941,13.5,14.983894109725952
208,48,10,1.2455444,9.0,10.24554443359375
220,38,10,1.5035712,13.5,15.003571152687073
208,37,10,2.3812537,22.5,24.881253719329834
210,41,10,2.4793863,22.5,24.97938632965088
212,12,10,2.4584756,22.5,24.958475589752197
206,7,10,2.4987574,22.5,24.998757362365723
217,44,10,1.5197189,13.5,15.019718885421753
202,41,10,1.5334716,13.5,15.033471584320068
210,2,10,2.5097504,22.5,25.009750366210938
209,39,10,1.0087373,9.0,10.008737325668335
211,37,10,1.0177999,9.0,10.017799854278564
217,43,10,2.5113072,22.5,25.01130723953247
216,39,10,1.4915704,13.5,14.991570353507996
204,4,10,1.5126525,13.5,15.012652516365051
202,43,10,1.0161192,9.0,10.016119241714478
217,41,10,1.5089035,13.5,15.008903503417969
204,2,10,2.5251722,22.5,25.025172233581543
207,37,10,1.5495224,13.5,15.049522399902344
202,44,10,1.0095038,9.0,10.009503841400146
217,39,10,1.5091313,13.5,15.0091313123703
202,47,10,0.996444,9.0,9.9964439868927
211,43,10,2.4988234,22.5,24.998823404312134
199,15,10,1.0239574,9.0,10.023957371711731
199,20,10,2.5263066,22.5,25.026306629180908
214,39,10,1.4890646,13.5,14.989064574241638
213,48,10,2.4539018,22.5,24.953901767730713
213,39,10,2.4434633,22.5,24.94346332550049
203,48,10,2.4105299,22.5,24.910529851913452
216,41,10,1.6247972,22.5,24.124797224998474
217,38,10,1.0213885,9.0,10.021388530731201
207,12,10,1.5190362,13.5,15.019036173820496
216,43,10,1.4002314,13.5,14.90023136138916
202,48,10,2.4433446,22.5,24.943344593048096
210,43,10,1.4815248,13.5,14.98152482509613
214,24,10,0.9943937,9.0,9.994393706321716
206,12,10,2.3850951,22.5,24.88509511947632
220,39,10,1.0213093,9.0,10.02130925655365
217,37,10,1.522266,13.5,15.022266030311584
203,2,10,1.4777552,13.5,14.977755188941956
207,23,10,1.4948465,13.5,14.99484646320343
203,47,10,2.5056896,22.5,25.00568962097168
207,24,10,1.1233581,9.0,10.123358130455017
203,4,10,2.5156069,22.5,25.01560688018799
211,38,10,0.9934393,9.0,9.993439316749573
209,48,10,0.98317206,9.0,9.983172059059143
209,41,10,1.4874125,13.5,14.987412452697754
216,44,10,1.7265207,22.5,24.226520657539368
217,24,10,1.5389214,13.5,15.038921356201172
203,44,10,2.485944,22.5,24.985944032669067
212,43,10,2.399707,22.5,24.899707078933716
208,38,10,1.1007942,9.0,10.100794196128845
212,41,10,1.022881,9.0,10.022881031036377
199,12,10,2.4995985,22.5,24.999598503112793
214,38,10,0.9779923,9.0,9.977992296218872
213,41,10,1.4595006,13.5,14.959500551223755
203,5,10,0.9924513,9.0,9.992451310157776
213,47,10,1.4557917,13.5,14.955791711807251
217,23,10,1.0147741,9.0,10.014774084091187
203,6,10,2.4871335,22.5,24.987133502960205
203,43,10,1.4836826,13.5,14.983682632446289
216,47,10,1.5198845,13.5,15.019884467124939
212,23,10,1.4991473,13.5,14.999147295951843
217,22,10,1.0635495,9.0,10.063549518585205
203,7,10,2.4663067,22.5,24.966306686401367
209,43,10,1.009182,9.0,10.00918197631836
216,48,10,1.5547035,22.5,24.0547034740448
203,41,10,2.4701629,22.5,24.970162868499756
199,7,10,1.5103673,13.5,15.010367274284363
220,41,10,1.0032454,9.0,10.00324535369873
209,7,10,2.436048,22.5,24.93604803085327
206,15,10,2.4526725,22.5,24.952672481536865
211,39,10,2.4808788,22.5,24.980878829956055
209,47,10,2.4866266,22.5,24.986626625061035
217,21,10,2.5058525,22.5,25.005852460861206
203,12,10,1.0283362,9.0,10.02833616733551
207,22,10,2.496712,22.5,24.99671196937561
217,20,10,1.0704596,9.0,10.070459604263306
207,15,10,2.4953575,22.5,24.995357513427734
203,15,10,1.5108093,13.5,15.010809302330017
217,2,10,1.0439394,9.0,10.043939352035522
203,39,10,1.0172099,9.0,10.017209887504578
217,15,10,2.518921,22.5,25.0189208984375
206,20,10,0.9924696,9.0,9.992469608783722
220,44,10,2.4816122,22.5,24.98161220550537
220,43,10,1.4876138,13.5,14.987613797187805
212,15,10,1.5154973,13.5,15.015497326850891
203,20,10,2.4975438,22.5,24.997543811798096
207,21,10,0.9857346,9.0,9.985734581947327
207,20,10,1.025309,9.0,10.025308966636658
213,43,10,2.4753659,22.5,24.97536587715149
217,12,10,1.5145534,13.5,15.014553427696228
203,21,10,2.4870777,22.5,24.987077713012695
217,4,10,1.502245,13.5,15.00224494934082
203,38,10,2.457648,22.5,24.957648038864136
203,22,10,1.0152361,9.0,10.015236139297485
209,44,10,1.042025,9.0,10.042024970054626
203,37,10,1.5117863,13.5,15.011786341667175
211,41,10,2.4993825,22.5,24.999382495880127
199,5,10,2.4835472,22.5,24.98354721069336
210,47,10,1.4949319,13.5,14.994931936264038
199,6,10,1.0155084,9.0,10.01550841331482
214,37,10,1.5138433,13.5,15.013843297958374
217,7,10,2.4781966,22.5,24.978196620941162
203,23,10,2.4850616,22.5,24.985061645507812
217,6,10,2.4963484,22.5,24.99634838104248
213,44,10,2.4791927,22.5,24.97919273376465
210,44,10,2.478828,22.5,24.978827953338623
199,2,10,1.4978504,13.5,14.99785041809082
206,22,10,2.5091789,22.5,25.00917887687683
199,4,10,1.5000691,13.5,15.00006914138794
199,5,11,2.482261,25.0,27.482260942459106
203,47,11,2.5029602,25.0,27.502960205078125
216,44,11,2.1686792,25.0,27.168679237365723
209,41,11,1.4834734,15.0,16.483473420143127
216,39,11,1.3697599,15.0,16.369759917259216
204,2,11,2.5261056,25.0,27.526105642318726
213,48,11,2.460877,25.0,27.460876941680908
200,22,11,2.472218,25.0,27.47221803665161
219,41,11,2.4936984,25.0,27.493698358535767
200,23,11,1.545846,15.0,16.545845985412598
210,23,11,1.5085568,15.0,16.508556842803955
208,15,11,2.0220761,25.0,27.02207612991333
211,43,11,2.4992511,25.0,27.499251127243042
216,41,11,2.140454,25.0,27.140454053878784
203,48,11,2.4048269,25.0,27.404826879501343
207,12,11,1.5207225,15.0,16.52072250843048
207,47,11,1.5261774,15.0,16.526177406311035
201,38,11,2.4493086,25.0,27.44930863380432
220,39,11,1.0147691,10.0,11.014769077301025
199,12,11,2.490857,25.0,27.490856885910034
208,38,11,1.1051857,10.0,11.105185747146606
210,44,11,2.475315,25.0,27.47531509399414
220,48,11,1.492969,15.0,16.492969036102295
199,4,11,1.5015236,15.0,16.50152361392975
209,7,11,2.4579718,25.0,27.457971811294556
214,38,11,0.98085856,10.0,10.980858564376831
214,37,11,1.5148174,15.0,16.514817357063293
212,15,11,1.5278432,15.0,16.527843236923218
220,47,11,1.4943395,15.0,16.49433946609497
206,22,11,2.487865,25.0,27.48786497116089
208,39,11,2.1880732,25.0,27.18807315826416
206,20,11,0.9915036,10.0,10.991503596305847
207,44,11,2.4714336,25.0,27.471433639526367
212,24,11,2.3940485,25.0,27.39404845237732
212,43,11,2.5335367,25.0,27.533536672592163
208,37,11,2.4277182,25.0,27.42771816253662
214,43,11,2.4914422,25.0,27.49144220352173
206,5,11,1.0513585,10.0,11.051358461380005
214,44,11,1.5066037,15.0,16.506603717803955
209,12,11,0.99428344,10.0,10.994283437728882
206,24,11,1.3690574,15.0,16.369057416915894
218,38,11,2.5097206,25.0,27.50972056388855
201,37,11,1.0278603,10.0,11.027860283851624
218,39,11,2.4615095,25.0,27.461509466171265
201,41,11,0.9966723,10.0,10.99667227268219
213,21,11,1.4852523,15.0,16.485252261161804
211,20,11,1.0038593,10.0,11.003859281539917
218,41,11,0.9865628,10.0,10.98656278848648
201,21,11,1.4757643,15.0,16.475764274597168
209,6,11,2.5144577,25.0,27.51445770263672
205,44,11,2.4843132,25.0,27.484313249588013
215,4,11,1.48085,15.0,16.480849981307983
206,2,11,2.4924371,25.0,27.49243712425232
205,48,11,1.0038357,10.0,11.003835678100586
220,37,11,1.5456301,15.0,16.54563009738922
199,21,11,1.5067375,15.0,16.50673747062683
210,41,11,2.484571,25.0,27.48457098007202
218,43,11,1.5313321,15.0,16.5313321352005
201,22,11,1.0093856,10.0,11.009385585784912
207,48,11,2.4941049,25.0,27.494104862213135
218,22,11,1.0049376,10.0,11.004937648773193
210,7,11,2.4647079,25.0,27.464707851409912
201,44,11,1.4999259,15.0,16.4999258518219
218,23,11,1.0203437,10.0,11.020343661308289
202,4,11,1.0135751,10.0,11.013575077056885
210,6,11,1.4833137,15.0,16.48331367969513
215,6,11,2.5197105,25.0,27.519710540771484
205,39,11,2.4690757,25.0,27.469075679779053
212,7,11,2.4615176,25.0,27.461517572402954
214,48,11,2.49228,25.0,27.49228000640869
205,47,11,1.5048567,15.0,16.50485670566559
215,2,11,1.4876025,15.0,16.487602472305298
214,22,11,2.4635277,25.0,27.46352767944336
201,43,11,1.5445892,15.0,16.544589161872864
218,24,11,1.4763508,15.0,16.476350784301758
211,21,11,1.0237262,10.0,11.023726224899292
218,21,11,1.0149117,10.0,11.014911651611328
201,48,11,1.4932765,15.0,16.493276476860046
213,22,11,2.5531223,25.0,27.5531222820282
218,44,11,1.5116475,15.0,16.51164746284485
218,48,11,1.4942241,15.0,16.494224071502686
212,6,11,2.5108428,25.0,27.51084280014038
215,7,11,2.4582164,25.0,27.458216428756714
205,38,11,2.4888985,25.0,27.488898515701294
209,15,11,1.4908006,15.0,16.490800619125366
205,43,11,2.5074172,25.0,27.50741720199585
214,21,11,1.499562,15.0,16.49956202507019
206,37,11,1.5270855,15.0,16.527085542678833
215,5,11,0.9798471,10.0,10.979847073554993
205,41,11,2.4560246,25.0,27.456024646759033
210,15,11,2.479577,25.0,27.47957706451416
218,47,11,0.98361063,10.0,10.9836106300354
208,44,11,1.8049383,25.0,26.804938316345215
218,12,11,2.5165224,25.0,27.51652240753174
202,5,11,1.6099417,15.0,16.609941720962524
218,15,11,2.4874537,25.0,27.48745369911194
210,20,11,2.4547982,25.0,27.454798221588135
220,22,11,1.5153933,15.0,16.515393257141113
199,24,11,1.4961057,15.0,16.496105670928955
220,23,11,1.4716111,15.0,16.47161114215851
199,23,11,2.4922047,25.0,27.492204666137695
220,24,11,1.490586,15.0,16.490586042404175
210,48,11,2.4443724,25.0,27.444372415542603
212,44,11,2.5042522,25.0,27.504252195358276
199,22,11,1.5171047,15.0,16.517104744911194
207,43,11,1.0142416,10.0,11.014241576194763
218,20,11,1.4902129,15.0,16.49021291732788
202,2,11,2.5101132,25.0,27.51011323928833
213,23,11,2.4626098,25.0,27.46260976791382
207,41,11,0.9918764,10.0,10.991876423358917
201,20,11,0.991608,10.0,10.991608023643494
201,15,11,0.9968128,10.0,10.99681282043457
218,6,11,2.5266309,25.0,27.526630878448486
202,15,11,1.5148994,15.0,16.514899373054504
206,39,11,2.46673,25.0,27.46673011779785
205,24,11,1.4888995,15.0,16.48889946937561
205,23,11,1.0248227,10.0,11.02482271194458
215,12,11,2.4587648,25.0,27.458764791488647
214,20,11,2.5077715,25.0,27.507771492004395
206,38,11,2.4472647,25.0,27.447264671325684
210,39,11,1.493254,15.0,16.49325394630432
199,37,11,2.5328255,25.0,27.532825469970703
213,15,11,2.4919395,25.0,27.491939544677734
208,2,11,2.128082,25.0,27.128082036972046
201,12,11,1.511585,15.0,16.511584997177124
219,2,11,1.488305,15.0,16.48830497264862
201,7,11,2.525261,25.0,27.52526092529297
219,4,11,1.5000529,15.0,16.50005292892456
213,24,11,2.5137196,25.0,27.51371955871582
218,4,11,1.5072341,15.0,16.5072340965271
215,22,11,2.545064,25.0,27.545063972473145
205,20,11,1.4992024,15.0,16.499202370643616
206,41,11,1.484975,15.0,16.48497498035431
212,39,11,2.4651608,25.0,27.465160846710205
205,37,11,1.0497743,10.0,11.049774289131165
215,15,11,1.4930472,15.0,16.49304723739624
209,20,11,2.5164714,25.0,27.51647138595581
212,20,11,2.4473426,25.0,27.44734263420105
202,7,11,1.4978442,15.0,16.497844219207764
202,6,11,1.4876502,15.0,16.487650156021118
211,22,11,2.5064297,25.0,27.50642967224121
202,20,11,0.9627867,10.0,10.962786674499512
207,39,11,2.5037627,25.0,27.50376272201538
208,47,11,1.5037688,15.0,16.503768801689148
201,6,11,1.489091,15.0,16.48909103870392
219,6,11,1.4978094,15.0,16.497809410095215
215,23,11,1.5053072,15.0,16.5053071975708
205,15,11,1.520189,15.0,16.52018904685974
215,24,11,2.4973297,25.0,27.497329711914062
215,20,11,0.98310935,10.0,10.98310935497284
209,21,11,1.0637956,10.0,11.063795566558838
205,22,11,2.5300345,25.0,27.53003454208374
215,21,11,0.9724008,10.0,10.972400784492493
205,21,11,1.4969163,15.0,16.4969162940979
210,5,11,2.4547162,25.0,27.454716205596924
202,12,11,1.4610292,15.0,16.461029171943665
218,7,11,2.455218,25.0,27.455218076705933
202,23,11,0.9700424,10.0,10.970042407512665
218,2,11,1.5204767,15.0,16.520476698875427
202,22,11,2.45025,25.0,27.450249910354614
213,12,11,2.508615,25.0,27.508615016937256
199,39,11,1.0220332,10.0,11.022033214569092
212,47,11,2.529046,25.0,27.529046058654785
208,23,11,1.548948,15.0,16.548948049545288
214,15,11,1.4937906,15.0,16.49379062652588
220,20,11,2.4565778,25.0,27.45657777786255
199,38,11,2.479144,25.0,27.47914409637451
208,24,11,1.3169198,10.0,11.316919803619385
220,21,11,1.5285178,15.0,16.528517842292786
211,23,11,1.4857187,15.0,16.485718727111816
202,21,11,1.4915892,15.0,16.491589188575745
218,5,11,1.0027785,10.0,11.00277853012085
217,48,11,2.4589243,25.0,27.458924293518066
207,38,11,1.4715943,15.0,16.47159433364868
210,4,11,2.408819,25.0,27.40881896018982
211,15,11,2.4975195,25.0,27.497519493103027
211,24,11,1.0223444,10.0,11.02234435081482
205,6,11,2.526998,25.0,27.526998043060303
215,39,11,1.0233734,10.0,11.023373365402222
205,5,11,2.4816418,25.0,27.48164176940918
205,12,11,1.0432372,10.0,11.043237209320068
209,22,11,2.5039392,25.0,27.503939151763916
220,15,11,1.506863,15.0,16.506862998008728
199,41,11,2.4810967,25.0,27.481096744537354
211,2,11,2.5134187,25.0,27.513418674468994
201,5,11,2.4554503,25.0,27.455450296401978
208,4,11,1.8172376,25.0,26.817237615585327
212,37,11,1.511167,15.0,16.51116704940796
202,38,11,2.5167868,25.0,27.516786813735962
219,7,11,2.4956214,25.0,27.4956214427948
201,4,11,2.527019,25.0,27.527019023895264
213,7,11,2.472402,25.0,27.472402095794678
220,12,11,2.4823978,25.0,27.48239779472351
199,43,11,1.4982823,15.0,16.498282313346863
208,41,11,2.133731,25.0,27.1337308883667
215,41,11,1.4995406,15.0,16.49954056739807
212,5,11,2.493073,25.0,27.493072986602783
215,37,11,1.0119195,10.0,11.011919498443604
205,7,11,2.4623737,25.0,27.462373733520508
215,38,11,2.4845033,25.0,27.484503269195557
209,5,11,1.5266132,15.0,16.526613235473633
219,12,11,1.5043933,15.0,16.504393339157104
217,47,11,2.5220037,25.0,27.522003650665283
202,24,11,2.4873629,25.0,27.4873628616333
202,41,11,1.6251813,15.0,16.625181317329407
217,44,11,1.5000956,15.0,16.50009560585022
207,37,11,1.5470675,15.0,16.547067523002625
208,48,11,1.2137157,10.0,11.213715672492981
204,48,11,1.4746194,15.0,16.474619388580322
215,47,11,1.4876579,15.0,16.48765790462494
214,7,11,1.5101442,15.0,16.510144233703613
205,4,11,1.4988368,15.0,16.498836755752563
214,12,11,2.5121088,25.0,27.51210880279541
220,7,11,1.5064535,15.0,16.50645351409912
199,44,11,2.4877207,25.0,27.487720727920532
210,38,11,1.511344,15.0,16.511343955993652
202,39,11,1.4943076,15.0,16.49430763721466
213,37,11,2.4797654,25.0,27.47976541519165
213,38,11,0.9678775,10.0,10.967877507209778
211,37,11,1.0187637,10.0,11.018763661384583
202,47,11,0.99077314,10.0,10.990773141384125
217,39,11,1.5108844,15.0,16.510884404182434
202,44,11,0.9986341,10.0,10.998634099960327
217,41,11,1.514119,15.0,16.514119029045105
220,6,11,2.5295067,25.0,27.52950668334961
208,22,11,1.8895142,25.0,26.889514207839966
199,47,11,2.4995584,25.0,27.499558448791504
205,2,11,1.500373,15.0,16.500373005867004
215,44,11,1.500938,15.0,16.500938057899475
209,23,11,2.492762,25.0,27.492762088775635
212,4,11,1.4802599,15.0,16.480259895324707
206,47,11,1.0262575,10.0,11.026257514953613
202,43,11,1.0084121,10.0,11.00841212272644
210,2,11,2.5019755,25.0,27.501975536346436
217,43,11,2.502001,25.0,27.5020010471344
207,24,11,0.98991096,10.0,10.989910960197449
213,39,11,2.4442465,25.0,27.444246530532837
201,2,11,1.4855496,15.0,16.485549569129944
219,15,11,1.5347788,15.0,16.534778833389282
200,48,11,2.4903011,25.0,27.49030113220215
200,44,11,2.4780524,25.0,27.478052377700806
204,43,11,1.540063,15.0,16.5400630235672
216,2,11,1.3420652,10.0,11.342065215110779
209,24,11,1.4731958,15.0,16.473195791244507
206,48,11,2.398788,25.0,27.39878797531128
212,2,11,2.5080214,25.0,27.508021354675293
211,4,11,2.4515738,25.0,27.451573848724365
199,48,11,1.0399687,10.0,11.039968729019165
210,21,11,2.4960093,25.0,27.496009349822998
211,12,11,2.4754677,25.0,27.475467681884766
208,6,11,1.2912346,10.0,11.291234612464905
217,24,11,1.5330894,15.0,16.53308939933777
209,48,11,0.99237525,10.0,10.992375254631042
211,38,11,0.9855757,10.0,10.985575675964355
207,23,11,1.4993572,15.0,16.499357223510742
203,2,11,1.476699,15.0,16.476698994636536
203,7,11,2.4735856,25.0,27.473585605621338
220,5,11,1.4952384,15.0,16.495238423347473
200,2,11,2.5121973,25.0,27.512197256088257
212,48,11,1.4856656,15.0,16.485665559768677
204,47,11,1.4926283,15.0,16.49262833595276
204,44,11,1.4778687,15.0,16.477868676185608
215,48,11,1.0036434,10.0,11.00364339351654
212,21,11,1.5092618,15.0,16.50926184654236
207,2,11,1.0260595,10.0,11.02605950832367
217,37,11,1.5096244,15.0,16.509624361991882
202,48,11,2.4888072,25.0,27.488807201385498
217,38,11,0.98788595,10.0,10.98788595199585
203,5,11,0.9736545,10.0,10.973654508590698
213,41,11,1.4727076,15.0,16.472707629203796
200,47,11,1.5555727,15.0,16.555572748184204
219,20,11,2.508548,25.0,27.50854802131653
219,22,11,2.467328,25.0,27.46732807159424
204,37,11,1.0054748,10.0,11.00547480583191
209,37,11,0.99075574,10.0,10.99075573682785
216,7,11,2.3848815,25.0,27.384881496429443
204,41,11,2.4448323,25.0,27.44483232498169
216,4,11,1.7518461,15.0,16.751846075057983
204,39,11,1.5072592,15.0,16.507259249687195
200,4,11,1.0062379,10.0,11.006237864494324
220,4,11,1.4999443,15.0,16.49994432926178
219,21,11,2.459925,25.0,27.459924936294556
208,7,11,1.6125969,15.0,16.61259686946869
203,4,11,2.507915,25.0,27.507915019989014
203,12,11,1.021134,10.0,11.02113401889801
209,47,11,2.5008845,25.0,27.500884532928467
211,39,11,2.4703267,25.0,27.4703266620636
217,21,11,2.5102735,25.0,27.510273456573486
207,21,11,0.9885324,10.0,10.988532423973083
220,2,11,2.5278451,25.0,27.52784514427185
210,37,11,1.5100598,15.0,16.51005983352661
208,21,11,1.6099253,25.0,26.609925270080566
211,48,11,2.4797716,25.0,27.479771614074707
216,5,11,1.5192065,15.0,16.519206523895264
204,38,11,1.4909222,15.0,16.490922212600708
214,6,11,1.005733,10.0,11.005733013153076
216,6,11,1.5224974,15.0,16.522497415542603
217,22,11,1.0603375,10.0,11.060337543487549
203,6,11,2.4929395,25.0,27.492939472198486
217,23,11,1.0146143,10.0,11.014614343643188
217,20,11,1.0526769,10.0,11.052676916122437
207,22,11,2.4926536,25.0,27.492653608322144
211,7,11,1.5076904,15.0,16.5076904296875
200,43,11,1.0234379,10.0,11.023437857627869
219,23,11,1.0179505,10.0,11.017950534820557
200,39,11,2.4946682,25.0,27.49466824531555
216,20,11,2.383295,25.0,27.3832950592041
204,21,11,2.4770129,25.0,27.477012872695923
216,21,11,1.8682108,25.0,26.868210792541504
204,24,11,1.5048255,15.0,16.504825472831726
216,12,11,1.6137935,15.0,16.6137934923172
207,4,11,1.4961236,15.0,16.496123552322388
200,7,11,1.5141245,15.0,16.514124512672424
200,6,11,1.5267235,15.0,16.526723504066467
200,41,11,1.0288465,10.0,11.028846502304077
213,6,11,2.4884167,25.0,27.48841667175293
217,7,11,2.4754465,25.0,27.475446462631226
203,21,11,2.4748862,25.0,27.474886178970337
217,12,11,1.5132632,15.0,16.51326322555542
213,43,11,2.4870484,25.0,27.487048387527466
217,5,11,1.5175239,15.0,16.517523884773254
216,23,11,1.4370315,15.0,16.437031507492065
204,12,11,1.5145167,15.0,16.514516711235046
209,4,11,2.454002,25.0,27.454001903533936
204,23,11,2.4853017,25.0,27.485301733016968
204,22,11,1.0295123,10.0,11.029512286186218
211,47,11,1.0475163,10.0,11.047516345977783
207,5,11,2.4444396,25.0,27.44443964958191
214,5,11,2.4702945,25.0,27.47029447555542
203,20,11,2.499871,25.0,27.499871015548706
217,15,11,2.5061197,25.0,27.50611972808838
203,15,11,1.501991,15.0,16.501991033554077
209,44,11,1.0568025,10.0,11.05680251121521
213,44,11,2.4727643,25.0,27.472764253616333
203,22,11,1.0200539,10.0,11.02005386352539
210,22,11,2.4590468,25.0,27.459046840667725
219,37,11,2.5342011,25.0,27.53420114517212
219,48,11,1.5179741,15.0,16.517974138259888
211,44,11,0.99916446,10.0,10.999164462089539
216,24,11,1.5811841,15.0,16.581184148788452
204,20,11,1.5022149,15.0,16.502214908599854
212,22,11,2.4571652,25.0,27.457165241241455
216,22,11,1.5994565,10.0,11.599456548690796
209,38,11,0.9970913,10.0,10.997091293334961
204,15,11,0.994274,10.0,10.994274020195007
219,24,11,1.5100513,15.0,16.510051250457764
200,38,11,2.4777741,25.0,27.477774143218994
208,43,11,2.0520167,25.0,27.052016735076904
217,4,11,1.5118531,15.0,16.511853098869324
211,41,11,2.4961174,25.0,27.49611735343933
203,37,11,1.2340516,15.0,16.23405158519745
209,2,11,2.5168939,25.0,27.51689386367798
209,43,11,0.9862174,10.0,10.986217379570007
216,37,11,1.4747598,10.0,11.474759817123413
204,5,11,1.4986751,15.0,16.498675107955933
216,38,11,1.3997025,15.0,16.399702548980713
210,24,11,2.4538972,25.0,27.45389723777771
219,47,11,1.5496529,15.0,16.549652934074402
200,12,11,1.0291911,10.0,11.029191136360168
213,2,11,1.5017693,15.0,16.501769304275513
208,20,11,1.8576311,25.0,26.85763108730316
203,24,11,1.4917727,15.0,16.491772651672363
217,6,11,2.5035925,25.0,27.503592491149902
203,23,11,2.4820597,25.0,27.482059717178345
212,23,11,1.4950824,15.0,16.49508237838745
207,20,11,1.0111738,10.0,11.011173844337463
203,38,11,2.457909,25.0,27.457909107208252
211,6,11,1.5003767,15.0,16.50037670135498
219,39,11,2.4792733,25.0,27.479273319244385
212,38,11,0.9892796,10.0,10.989279627799988
209,39,11,1.0137663,10.0,11.013766288757324
204,4,11,1.5105177,15.0,16.510517716407776
214,2,11,1.4897037,15.0,16.48970365524292
207,6,11,0.98056865,10.0,10.980568647384644
214,4,11,0.99237347,10.0,10.9923734664917
204,7,11,2.5151138,25.0,27.515113830566406
204,6,11,1.4924581,15.0,16.49245810508728
200,37,11,1.0063318,10.0,11.00633180141449
213,5,11,2.4618123,25.0,27.461812257766724
208,12,11,1.8833306,25.0,26.883330583572388
216,47,11,1.4915886,15.0,16.491588592529297
203,43,11,1.482745,15.0,16.482745051383972
203,41,11,2.4747586,25.0,27.474758625030518
216,48,11,1.9205507,25.0,26.92055070400238
216,43,11,1.6018184,15.0,16.601818442344666
200,21,11,1.0054376,10.0,11.00543761253357
213,4,11,1.003723,10.0,11.00372302532196
219,43,11,1.0119348,10.0,11.011934757232666
207,7,11,1.4715763,15.0,16.47157633304596
211,5,11,2.4987965,25.0,27.498796463012695
200,20,11,2.4514747,25.0,27.45147466659546
219,44,11,2.4839737,25.0,27.483973741531372
200,15,11,1.5169355,15.0,16.51693546772003
207,15,11,2.4947505,25.0,27.494750499725342
203,39,11,1.0282536,10.0,11.028253555297852
217,2,11,1.0396326,10.0,11.039632558822632
203,44,11,2.4842365,25.0,27.484236478805542
213,47,11,1.4529744,15.0,16.452974438667297
200,24,11,2.5060463,25.0,27.506046295166016
219,38,11,1.5107692,15.0,16.510769248008728
201,23,11,2.4717693,25.0,27.471769332885742
214,23,11,2.487733,25.0,27.487732887268066
206,4,11,1.4968361,15.0,16.496836066246033
214,47,11,2.5056295,25.0,27.505629539489746
214,41,11,1.0076764,10.0,11.007676362991333
206,6,11,2.4942079,25.0,27.494207859039307
206,23,11,2.485345,25.0,27.485344886779785
220,38,11,1.5019641,15.0,16.50196409225464
199,20,11,2.519961,25.0,27.51996111869812
199,15,11,0.99442756,10.0,10.994427561759949
214,39,11,1.4956464,15.0,16.495646357536316
206,7,11,2.478683,25.0,27.47868299484253
212,12,11,2.452558,25.0,27.452558040618896
201,39,11,1.0021346,10.0,11.002134561538696
218,37,11,2.5293932,25.0,27.529393196105957
210,12,11,1.4936233,15.0,16.49362325668335
199,2,11,1.5001514,15.0,16.50015139579773
213,20,11,0.98279816,10.0,10.982798159122467
201,24,11,2.4908323,25.0,27.490832328796387
214,24,11,0.99493766,10.0,10.994937658309937
206,12,11,2.4020133,25.0,27.402013301849365
212,41,11,0.9925896,10.0,10.992589592933655
199,6,11,1.0154568,10.0,11.015456795692444
220,43,11,1.4904813,15.0,16.49048125743866
199,7,11,1.5134324,15.0,16.513432383537292
220,41,11,1.0022037,10.0,11.002203702926636
210,43,11,1.4869473,15.0,16.486947298049927
210,47,11,1.494013,15.0,16.49401295185089
220,44,11,2.4795501,25.0,27.47955012321472
206,15,11,2.4716053,25.0,27.47160530090332
199,5,12,2.4819963,27.5,29.981996297836304
220,44,12,2.481423,27.5,29.981422901153564
210,47,12,1.5005177,16.5,18.00051772594452
220,41,12,1.0103145,11.0,12.010314464569092
199,7,12,1.5061212,16.5,18.006121158599854
220,43,12,1.4869037,16.5,17.98690366744995
199,6,12,1.020168,11.0,12.02016794681549
212,41,12,1.0051955,11.0,12.005195498466492
206,12,12,2.3615928,27.5,29.861592769622803
214,24,12,1.0006459,11.0,12.000645875930786
212,15,12,1.5041503,16.5,18.00415027141571
214,39,12,1.4839712,16.5,17.98397123813629
201,24,12,2.508813,27.5,30.00881290435791
213,20,12,1.0927172,11.0,12.092717170715332
211,20,12,1.0131692,11.0,12.013169169425964
220,48,12,1.4817213,16.5,17.98172128200531
206,20,12,1.0160365,11.0,12.01603651046753
216,44,12,2.4712224,27.5,29.971222400665283
209,41,12,1.4814836,16.5,17.981483578681946
203,44,12,2.4844654,27.5,29.98446536064148
204,2,12,2.5237749,27.5,30.02377486228943
213,48,12,2.437135,27.5,29.937134981155396
200,22,12,2.4596815,27.5,29.959681510925293
219,41,12,2.497817,27.5,29.997817039489746
200,21,12,1.002624,11.0,12.002624034881592
200,23,12,1.5393326,16.5,18.039332628250122
210,23,12,1.5067104,16.5,18.006710410118103
208,15,12,2.3146415,27.5,29.81464147567749
216,41,12,2.4732544,27.5,29.973254442214966
203,48,12,2.4001908,27.5,29.900190830230713
207,12,12,1.5120364,16.5,18.012036442756653
216,43,12,1.492886,16.5,17.992885947227478
203,47,12,2.50148,27.5,30.001480102539062
213,4,12,1.0097084,11.0,12.009708404541016
219,43,12,1.0119995,11.0,12.011999487876892
211,43,12,2.5104485,27.5,30.010448455810547
211,5,12,2.4948301,27.5,29.99483013153076
200,20,12,2.443538,27.5,29.943537950515747
219,44,12,2.4835129,27.5,29.98351287841797
200,15,12,1.5224626,16.5,18.022462606430054
212,38,12,0.99386424,11.0,11.993864238262177
203,39,12,1.0287313,11.0,12.028731346130371
217,2,12,1.0264508,11.0,12.026450753211975
212,23,12,1.4977176,16.5,17.99771761894226
203,43,12,1.4927045,16.5,17.99270451068878
213,47,12,1.4538484,16.5,17.953848361968994
200,24,12,2.5123081,27.5,30.01230812072754
219,38,12,1.5143977,16.5,18.014397740364075
219,39,12,2.4676528,27.5,29.967652797698975
209,39,12,0.9987716,11.0,11.998771607875824
204,4,12,1.4999908,16.5,17.999990820884705
216,39,12,1.4892691,16.5,17.989269137382507
214,2,12,1.4873945,16.5,17.98739445209503
207,6,12,0.984456,11.0,11.98445600271225
214,4,12,0.9979349,11.0,11.997934877872467
204,6,12,1.4991947,16.5,17.999194741249084
216,37,12,1.0174264,11.0,12.017426371574402
213,5,12,2.4630876,27.5,29.963087558746338
208,12,12,1.9246475,27.5,29.424647450447083
217,4,12,1.5938836,16.5,18.093883633613586
216,47,12,1.4493079,16.5,17.949307918548584
203,41,12,2.4846659,27.5,29.984665870666504
216,48,12,2.435983,27.5,29.935982942581177
209,43,12,1.055316,11.0,12.055315971374512
207,15,12,2.4872417,27.5,29.987241744995117
204,5,12,1.4954985,16.5,17.995498538017273
216,38,12,1.5023576,16.5,18.002357602119446
207,7,12,1.4615744,16.5,17.96157443523407
210,24,12,2.4235573,27.5,29.92355728149414
219,47,12,1.5538689,16.5,18.053868889808655
200,12,12,1.0226526,11.0,12.022652626037598
208,20,12,2.0352213,27.5,29.535221338272095
219,48,12,1.5054072,16.5,18.005407214164734
217,6,12,2.5028508,27.5,30.002850770950317
203,23,12,2.4828486,27.5,29.982848644256592
209,44,12,1.0564256,11.0,12.05642557144165
207,20,12,1.0170957,11.0,12.017095685005188
203,38,12,2.4564981,27.5,29.95649814605713
211,6,12,1.5013193,16.5,18.00131928920746
219,37,12,2.5341034,27.5,30.034103393554688
200,37,12,0.9913909,11.0,11.991390883922577
204,7,12,2.5187345,27.5,30.018734455108643
211,44,12,1.0083224,11.0,12.008322358131409
216,24,12,1.4956299,16.5,17.995629906654358
204,20,12,1.5011187,16.5,18.001118659973145
212,22,12,2.4569569,27.5,29.95695686340332
216,22,12,1.0326761,11.0,12.032676100730896
209,38,12,1.0017344,11.0,12.001734375953674
204,15,12,0.99461746,11.0,11.994617462158203
219,24,12,1.5142887,16.5,18.014288663864136
200,38,12,2.464798,27.5,29.964797973632812
208,43,12,2.3231308,27.5,29.82313084602356
203,37,12,1.1524981,16.5,17.65249812602997
211,41,12,2.498722,27.5,29.998722076416016
209,2,12,2.5127366,27.5,30.012736558914185
217,5,12,1.5227692,16.5,18.02276921272278
203,24,12,1.4931681,16.5,17.993168115615845
216,23,12,1.4952403,16.5,17.995240330696106
204,12,12,1.5011096,16.5,18.00110960006714
209,4,12,2.511572,27.5,30.011571884155273
216,12,12,1.4771851,16.5,17.977185130119324
204,22,12,1.0295557,11.0,12.029555678367615
211,47,12,1.0133889,11.0,12.013388872146606
207,5,12,2.443568,27.5,29.943567991256714
214,5,12,2.4840002,27.5,29.984000205993652
203,20,12,2.4880414,27.5,29.988041400909424
217,15,12,2.5092232,27.5,30.009223222732544
203,15,12,1.5089145,16.5,18.008914470672607
213,44,12,2.485465,27.5,29.985465049743652
203,22,12,1.0180517,11.0,12.018051743507385
210,22,12,2.4500213,27.5,29.950021266937256
200,39,12,2.4930184,27.5,29.99301838874817
216,20,12,2.5074296,27.5,30.007429599761963
204,21,12,2.4661286,27.5,29.96612858772278
216,21,12,2.447567,27.5,29.947566986083984
207,4,12,1.5118306,16.5,18.0118305683136
204,23,12,2.4878225,27.5,29.98782253265381
200,7,12,1.5129412,16.5,18.012941241264343
200,6,12,1.4980234,16.5,17.99802339076996
220,2,12,2.5241387,27.5,30.024138689041138
200,41,12,1.020822,11.0,12.020822048187256
219,23,12,1.0205473,11.0,12.020547270774841
213,6,12,2.484077,27.5,29.984076976776123
203,12,12,1.0311935,11.0,12.031193494796753
217,7,12,2.45423,27.5,29.954230070114136
203,21,12,2.4860508,27.5,29.986050844192505
217,12,12,1.5037763,16.5,18.00377631187439
213,43,12,2.4849346,27.5,29.98493456840515
207,21,12,0.99878156,11.0,11.998781561851501
210,37,12,1.506761,16.5,18.006760954856873
208,21,12,1.9473304,27.5,29.447330355644226
213,2,12,1.4978389,16.5,17.997838854789734
211,48,12,2.5095205,27.5,30.009520530700684
204,38,12,1.4954058,16.5,17.995405793190002
214,6,12,1.0016981,11.0,12.00169813632965
216,6,12,1.4855535,16.5,17.9855535030365
204,37,12,1.0008335,11.0,12.000833511352539
203,6,12,2.4938548,27.5,29.993854761123657
217,23,12,1.0163884,11.0,12.016388416290283
203,5,12,0.9810183,11.0,11.981018304824829
217,20,12,1.0651737,11.0,12.065173745155334
207,22,12,2.488371,27.5,29.988370895385742
211,7,12,1.4854416,16.5,17.98544156551361
200,43,12,1.0000851,11.0,12.00008511543274
219,22,12,2.468265,27.5,29.968265056610107
209,37,12,0.9682087,11.0,11.96820867061615
216,7,12,2.4619455,27.5,29.96194553375244
204,24,12,1.4946344,16.5,17.99463438987732
216,4,12,1.5219882,16.5,18.02198815345764
204,39,12,1.5007951,16.5,18.000795125961304
200,4,12,1.0074484,11.0,12.007448434829712
220,4,12,1.5009967,16.5,18.000996708869934
220,5,12,1.4959971,16.5,17.995997071266174
219,21,12,2.4597816,27.5,29.959781646728516
208,7,12,1.5782121,16.5,18.07821214199066
217,24,12,1.5261987,16.5,18.026198744773865
209,47,12,2.4963412,27.5,29.996341228485107
211,39,12,2.489404,27.5,29.98940396308899
217,21,12,2.5180478,27.5,30.01804780960083
203,7,12,2.4429526,27.5,29.942952632904053
217,22,12,1.0488615,11.0,12.048861503601074
200,2,12,2.527645,27.5,30.027645111083984
212,48,12,1.4642535,16.5,17.964253544807434
216,5,12,1.4787927,16.5,17.978792667388916
204,44,12,1.4779199,16.5,17.977919936180115
215,48,12,1.0020623,11.0,12.002062320709229
212,21,12,1.5048218,16.5,18.00482177734375
207,2,12,1.0206592,11.0,12.02065920829773
204,43,12,1.5380611,16.5,18.038061141967773
202,48,12,2.5265007,27.5,30.026500701904297
217,38,12,1.0084494,11.0,12.00844943523407
207,24,12,0.9942877,11.0,11.994287729263306
213,41,12,1.467645,16.5,17.967645049095154
203,4,12,2.5046847,27.5,30.004684686660767
200,47,12,1.5517589,16.5,18.051758885383606
219,20,12,2.5147529,27.5,30.014752864837646
200,44,12,2.4859548,27.5,29.985954761505127
216,2,12,0.9930153,11.0,11.99301528930664
209,24,12,1.4841075,16.5,17.984107494354248
204,41,12,2.4683037,27.5,29.968303680419922
206,48,12,2.4087577,27.5,29.90875768661499
212,2,12,2.5087085,27.5,30.008708477020264
204,47,12,1.4911908,16.5,17.991190791130066
211,4,12,2.4692461,27.5,29.96924614906311
199,48,12,1.0135001,11.0,12.013500094413757
220,6,12,2.5295348,27.5,30.029534816741943
211,12,12,2.467458,27.5,29.96745800971985
208,6,12,1.5033237,11.0,12.503323674201965
211,37,12,1.0262715,11.0,12.02627146244049
209,48,12,0.98035824,11.0,11.980358242988586
211,38,12,0.98808265,11.0,11.988082647323608
207,23,12,1.5065646,16.5,18.006564617156982
203,2,12,1.486572,16.5,17.98657202720642
217,37,12,1.5149966,16.5,18.014996647834778
199,47,12,2.4957724,27.5,29.99577236175537
208,22,12,2.068425,27.5,29.568424940109253
220,7,12,1.4968541,16.5,17.996854066848755
205,2,12,1.5009692,16.5,18.000969171524048
209,23,12,2.5068302,27.5,30.0068302154541
212,4,12,1.4762175,16.5,17.97621750831604
206,47,12,1.0243895,11.0,12.024389505386353
215,44,12,1.5055938,16.5,18.00559377670288
210,2,12,2.5068016,27.5,30.00680160522461
217,43,12,2.5011551,27.5,30.001155138015747
202,41,12,1.5190079,16.5,18.019007921218872
213,39,12,2.4293752,27.5,29.929375171661377
201,2,12,1.4898772,16.5,17.989877223968506
219,15,12,1.537566,16.5,18.03756594657898
200,48,12,2.5383546,27.5,30.038354635238647
210,21,12,2.4956324,27.5,29.99563241004944
204,48,12,1.4817915,16.5,17.981791496276855
215,47,12,1.4819415,16.5,17.98194146156311
214,7,12,1.4937882,16.5,17.993788242340088
214,12,12,2.5098295,27.5,30.0098295211792
215,41,12,1.4955742,16.5,17.995574235916138
199,44,12,2.4828062,27.5,29.98280620574951
210,38,12,1.5052049,16.5,18.005204916000366
220,12,12,2.4796205,27.5,29.979620456695557
213,37,12,2.467214,27.5,29.967214107513428
213,38,12,0.9635068,11.0,11.963506817817688
202,38,12,2.5184004,27.5,30.01840043067932
202,47,12,0.99317527,11.0,11.993175268173218
217,39,12,1.5212984,16.5,18.0212984085083
202,44,12,1.012844,11.0,12.01284396648407
217,41,12,1.5088515,16.5,18.008851528167725
202,43,12,1.0003769,11.0,12.00037693977356
199,43,12,1.5007378,16.5,18.00073778629303
208,41,12,2.4059834,27.5,29.905983448028564
215,37,12,1.1446706,11.0,12.144670605659485
205,7,12,2.4427722,27.5,29.942772150039673
215,38,12,2.48363,27.5,29.983629941940308
205,6,12,2.5161805,27.5,30.016180515289307
209,5,12,1.5194887,16.5,18.01948869228363
217,47,12,2.5163813,27.5,30.01638126373291
202,24,12,2.4884453,27.5,29.988445281982422
217,48,12,2.4427314,27.5,29.942731380462646
217,44,12,1.5048001,16.5,18.00480008125305
207,37,12,1.548064,16.5,18.04806399345398
208,48,12,1.186176,11.0,12.18617594242096
202,39,12,1.4773666,16.5,17.97736656665802
211,24,12,1.0101624,11.0,12.010162353515625
215,39,12,1.0049789,11.0,12.004978895187378
205,5,12,2.4798656,27.5,29.979865550994873
205,4,12,1.5019224,16.5,18.001922369003296
205,12,12,1.0264661,11.0,12.026466131210327
209,22,12,2.5219002,27.5,30.021900177001953
220,15,12,1.5097954,16.5,18.009795427322388
199,41,12,2.480588,27.5,29.98058795928955
211,2,12,2.5204077,27.5,30.020407676696777
201,5,12,2.4830508,27.5,29.98305082321167
208,4,12,1.9401922,27.5,29.440192222595215
212,37,12,1.5005869,16.5,18.00058686733246
219,7,12,2.4772062,27.5,29.977206230163574
201,4,12,2.5238647,27.5,30.02386474609375
213,7,12,2.458624,27.5,29.9586238861084
213,12,12,2.4881852,27.5,29.988185167312622
219,12,12,1.4989377,16.5,17.998937726020813
199,39,12,1.0053961,11.0,12.005396127700806
208,23,12,1.5236157,16.5,18.02361571788788
212,5,12,2.4190922,27.5,29.919092178344727
220,20,12,2.4995704,27.5,29.99957036972046
199,38,12,2.4814925,27.5,29.981492519378662
208,24,12,1.4045613,11.0,12.404561281204224
212,47,12,2.526197,27.5,30.02619695663452
220,21,12,1.5298562,16.5,18.029856204986572
211,23,12,1.4931617,16.5,17.99316167831421
202,21,12,1.491244,16.5,17.991243958473206
218,5,12,0.999179,11.0,11.999179005622864
210,4,12,2.4139888,27.5,29.913988828659058
207,38,12,1.478098,16.5,17.978098034858704
201,6,12,1.4917531,16.5,17.991753101348877
219,6,12,1.5035492,16.5,18.003549218177795
215,23,12,1.5219144,16.5,18.02191436290741
205,15,12,1.5267565,16.5,18.026756525039673
215,24,12,2.501039,27.5,30.001039028167725
209,21,12,1.0614495,11.0,12.061449527740479
205,22,12,2.5346155,27.5,30.034615516662598
215,21,12,0.9890909,11.0,11.989090919494629
205,21,12,1.4984838,16.5,17.998483777046204
215,22,12,2.5434654,27.5,30.04346537590027
210,5,12,2.4587343,27.5,29.958734273910522
202,12,12,1.486179,16.5,17.986178994178772
218,7,12,2.46527,27.5,29.965270042419434
202,23,12,0.9942671,11.0,11.994267106056213
218,2,12,1.5146742,16.5,18.014674186706543
202,22,12,2.4433017,27.5,29.943301677703857
218,4,12,1.5094707,16.5,18.00947070121765
213,24,12,2.5096874,27.5,30.009687423706055
205,20,12,1.4988344,16.5,17.998834371566772
206,41,12,1.4773241,16.5,17.97732412815094
214,15,12,1.5009209,16.5,18.00092089176178
205,37,12,1.0137099,11.0,12.013709902763367
215,15,12,1.498309,16.5,17.998309016227722
209,20,12,2.5163465,27.5,30.01634645462036
212,20,12,2.4448476,27.5,29.944847583770752
206,39,12,2.4599895,27.5,29.959989547729492
202,6,12,1.4905636,16.5,17.99056363105774
211,22,12,2.5115376,27.5,30.011537551879883
213,23,12,2.470048,27.5,29.97004795074463
202,20,12,0.9597545,11.0,11.959754526615143
207,39,12,2.4818323,27.5,29.981832265853882
208,47,12,1.5160376,16.5,18.016037583351135
218,6,12,2.5276828,27.5,30.027682781219482
202,15,12,1.5143664,16.5,18.014366388320923
205,24,12,1.5142008,16.5,18.014200806617737
205,23,12,1.0330774,11.0,12.033077359199524
215,20,12,0.9848366,11.0,11.98483657836914
214,20,12,2.5076003,27.5,30.0076003074646
206,38,12,2.453163,27.5,29.953162908554077
210,39,12,1.4757333,16.5,17.975733280181885
199,37,12,2.5313435,27.5,30.031343460083008
220,22,12,1.5197346,16.5,18.019734621047974
201,12,12,1.490241,16.5,17.990241050720215
213,15,12,2.498818,27.5,29.998817920684814
208,2,12,2.3736427,27.5,29.873642683029175
219,2,12,1.4914682,16.5,17.99146819114685
201,7,12,2.5346613,27.5,30.034661293029785
219,4,12,1.5026665,16.5,18.002666473388672
210,20,12,2.451943,27.5,29.951942920684814
211,15,12,2.497034,27.5,29.997034072875977
202,7,12,1.4766986,16.5,17.976698637008667
199,24,12,1.4913707,16.5,17.991370677947998
220,23,12,1.5183626,16.5,18.018362641334534
212,39,12,2.465954,27.5,29.965954065322876
199,23,12,2.4922051,27.5,29.992205142974854
220,24,12,1.4841771,16.5,17.984177112579346
210,48,12,2.443488,27.5,29.943487882614136
212,44,12,2.507761,27.5,30.007761001586914
199,22,12,1.5184265,16.5,18.018426537513733
218,20,12,1.4880227,16.5,17.988022685050964
202,2,12,2.5159621,27.5,30.01596212387085
218,21,12,1.0100737,11.0,12.0100736618042
207,41,12,0.99443996,11.0,11.994439959526062
218,12,12,2.5204756,27.5,30.02047562599182
201,20,12,0.9934063,11.0,11.993406295776367
201,15,12,0.98099434,11.0,11.98099434375763
218,48,12,1.4797893,16.5,17.97978925704956
215,7,12,2.4413216,27.5,29.94132161140442
205,38,12,2.476966,27.5,29.97696590423584
215,12,12,2.4439344,27.5,29.943934440612793
205,43,12,2.480874,27.5,29.980874061584473
206,37,12,1.5141364,16.5,18.01413643360138
215,5,12,0.9845707,11.0,11.984570682048798
205,41,12,2.4830685,27.5,29.983068466186523
218,47,12,0.9862788,11.0,11.986278772354126
208,44,12,2.1386914,27.5,29.638691425323486
218,22,12,1.0082769,11.0,12.00827693939209
202,5,12,1.6115096,16.5,18.111509561538696
218,15,12,2.4924173,27.5,29.992417335510254
202,4,12,1.0140668,11.0,12.014066815376282
210,6,12,1.4862912,16.5,17.98629117012024
207,43,12,1.0115578,11.0,12.011557817459106
215,6,12,2.516448,27.5,30.01644802093506
205,39,12,2.4698787,27.5,29.969878673553467
214,21,12,1.5062834,16.5,18.006283402442932
212,6,12,2.4977236,27.5,29.99772357940674
214,48,12,2.5208151,27.5,30.020815134048462
205,47,12,1.5039458,16.5,18.00394582748413
215,2,12,1.4906496,16.5,17.990649580955505
214,22,12,2.4610038,27.5,29.96100378036499
209,6,12,2.5113893,27.5,30.01138925552368
201,43,12,1.5928773,16.5,18.0928772687912
218,24,12,1.4726617,16.5,17.97266173362732
211,21,12,1.0150506,11.0,12.015050649642944
201,48,12,1.4867257,16.5,17.986725687980652
213,22,12,2.5500798,27.5,30.050079822540283
218,44,12,1.5132241,16.5,18.013224124908447
201,21,12,1.4934257,16.5,17.993425726890564
210,15,12,2.479751,27.5,29.979751110076904
205,44,12,2.472109,27.5,29.972109079360962
215,4,12,1.4884896,16.5,17.988489627838135
209,15,12,1.4902885,16.5,17.990288496017456
205,48,12,1.0101478,11.0,12.0101478099823
206,24,12,1.4478241,16.5,17.947824120521545
220,37,12,1.5326806,16.5,18.0326806306839
199,21,12,1.5236408,16.5,18.023640751838684
210,41,12,2.4804697,27.5,29.980469703674316
218,43,12,1.5331237,16.5,18.03312373161316
201,22,12,1.0048537,11.0,12.00485372543335
207,48,12,2.5264106,27.5,30.026410579681396
210,7,12,2.4452257,27.5,29.945225715637207
201,44,12,1.467303,16.5,17.967303037643433
218,23,12,1.0285213,11.0,12.028521299362183
212,24,12,2.4796462,27.5,29.9796462059021
212,43,12,2.5305524,27.5,30.03055238723755
208,37,12,2.4884682,27.5,29.988468170166016
220,38,12,1.5054984,16.5,18.00549840927124
212,7,12,2.470278,27.5,29.970278024673462
214,43,12,2.479104,27.5,29.979104042053223
206,5,12,1.0325792,11.0,12.032579183578491
214,44,12,1.4951227,16.5,17.99512267112732
209,12,12,0.9753698,11.0,11.975369811058044
214,23,12,2.485365,27.5,29.98536491394043
218,38,12,2.5116243,27.5,30.011624336242676
201,37,12,1.0354936,11.0,12.035493612289429
218,39,12,2.4633772,27.5,29.963377237319946
201,41,12,1.0084553,11.0,12.008455276489258
213,21,12,1.4848363,16.5,17.98483633995056
207,44,12,2.4761438,27.5,29.976143836975098
218,41,12,0.9884565,11.0,11.98845648765564
201,23,12,2.4658403,27.5,29.965840339660645
206,4,12,1.5115162,16.5,18.011516213417053
214,47,12,2.504879,27.5,30.004878997802734
206,2,12,2.4599323,27.5,29.959932327270508
206,6,12,2.4904037,27.5,29.990403652191162
206,23,12,2.4875774,27.5,29.987577438354492
199,20,12,2.5204062,27.5,30.020406246185303
199,15,12,1.0001533,11.0,12.000153303146362
206,7,12,2.462108,27.5,29.96210789680481
212,12,12,2.4421034,27.5,29.942103385925293
214,41,12,0.9953369,11.0,11.995336890220642
201,39,12,0.98984635,11.0,11.989846348762512
218,37,12,2.5210185,27.5,30.021018505096436
210,12,12,1.4915969,16.5,17.991596937179565
207,47,12,1.5253849,16.5,18.0253849029541
201,38,12,2.4457443,27.5,29.945744276046753
220,39,12,1.0106813,11.0,12.01068127155304
199,12,12,2.4831991,27.5,29.98319911956787
208,38,12,1.26571,11.0,12.26570999622345
210,43,12,1.4972111,16.5,17.99721109867096
199,2,12,1.5020909,16.5,18.00209093093872
199,4,12,1.5028194,16.5,18.002819418907166
209,7,12,2.4319463,27.5,29.931946277618408
214,38,12,0.9836731,11.0,11.983673095703125
220,47,12,1.4960134,16.5,17.996013402938843
214,37,12,1.5442476,16.5,18.0442476272583
208,39,12,2.284848,27.5,29.78484797477722
206,22,12,2.4693046,27.5,29.96930456161499
210,44,12,2.4734993,27.5,29.973499298095703
206,15,12,2.4866967,27.5,29.98669672012329
208,39,13,2.4828024,30.0,32.482802391052246
199,5,13,2.4749894,30.0,32.47498941421509
220,44,13,2.4788935,30.0,32.478893518447876
210,47,13,1.4978114,18.0,19.497811436653137
206,22,13,2.5007668,30.0,32.50076675415039
206,15,13,2.475286,30.0,32.47528600692749
214,37,13,1.5097003,18.0,19.509700298309326
206,20,13,1.0066695,12.0,13.006669521331787
220,47,13,1.4917632,18.0,19.49176323413849
211,20,13,0.997385,12.0,12.997385025024414
213,20,13,1.0004579,12.0,13.000457882881165
201,24,13,2.4893405,30.0,32.48934054374695
218,39,13,2.4517632,30.0,32.45176315307617
201,37,13,1.0247862,12.0,13.024786233901978
218,38,13,2.508978,30.0,32.50897789001465
213,21,13,1.4837309,18.0,19.483730912208557
207,47,13,1.5256038,18.0,19.525603771209717
210,12,13,1.4904597,18.0,19.49045968055725
201,38,13,2.4401758,30.0,32.44017577171326
218,37,13,2.5088253,30.0,32.50882530212402
207,48,13,2.5294852,30.0,32.52948522567749
201,22,13,1.0140257,12.0,13.014025688171387
218,43,13,1.5391967,18.0,19.539196729660034
201,23,13,2.474055,30.0,32.47405505180359
218,41,13,0.99334306,12.0,12.99334305524826
201,39,13,0.99136233,12.0,12.99136233329773
207,44,13,2.4753184,30.0,32.47531843185425
201,41,13,1.0111023,12.0,13.011102318763733
211,21,13,1.0056112,12.0,13.005611181259155
218,24,13,1.4735706,18.0,19.473570585250854
201,43,13,1.5311345,18.0,19.531134486198425
212,24,13,2.4704678,30.0,32.47046780586243
218,23,13,1.0322497,12.0,13.032249689102173
201,44,13,1.4706993,18.0,19.470699310302734
210,7,13,2.434337,30.0,32.43433690071106
201,20,13,0.99306923,12.0,12.993069231510162
208,44,13,2.4777737,30.0,32.477773666381836
218,47,13,0.980934,12.0,12.980934023857117
210,15,13,2.483575,30.0,32.483575105667114
201,21,13,1.4777732,18.0,19.477773189544678
218,44,13,1.512418,18.0,19.512418031692505
218,22,13,1.0100148,12.0,13.010014772415161
213,22,13,2.5491376,30.0,32.549137592315674
201,48,13,1.4819869,18.0,19.48198688030243
218,21,13,1.0175493,12.0,13.017549276351929
202,2,13,2.507625,30.0,32.507625102996826
218,20,13,1.4785082,18.0,19.478508234024048
207,43,13,1.005679,12.0,13.00567901134491
210,6,13,1.4867713,18.0,19.48677134513855
202,4,13,0.9985531,12.0,12.998553097248077
218,15,13,2.492103,30.0,32.492103099823
202,5,13,1.4856266,18.0,19.485626578330994
213,15,13,2.490199,30.0,32.49019908905029
201,12,13,1.4860393,18.0,19.48603928089142
218,48,13,1.4802195,18.0,19.48021948337555
201,15,13,0.98837984,12.0,12.988379836082458
218,12,13,2.5134873,30.0,32.513487339019775
207,41,13,1.0005999,12.0,13.00059986114502
213,23,13,2.4515114,30.0,32.45151138305664
211,22,13,2.496512,30.0,32.496511936187744
202,6,13,1.4915621,18.0,19.491562128067017
211,15,13,2.498248,30.0,32.49824810028076
210,20,13,2.4978528,30.0,32.49785280227661
208,2,13,2.5205822,30.0,32.52058219909668
213,12,13,2.5225787,30.0,32.522578716278076
219,4,13,1.4999657,18.0,19.49996566772461
201,7,13,2.5306242,30.0,32.53062415122986
219,2,13,1.4926846,18.0,19.492684602737427
202,7,13,1.4769819,18.0,19.47698187828064
218,7,13,2.523131,30.0,32.523130893707275
202,12,13,1.4861736,18.0,19.486173629760742
210,5,13,2.4539783,30.0,32.453978300094604
202,15,13,1.5075221,18.0,19.507522106170654
218,6,13,2.5226157,30.0,32.52261567115784
208,47,13,1.4963381,18.0,19.49633812904358
207,39,13,2.485285,30.0,32.48528504371643
202,20,13,0.9613616,12.0,12.961361587047577
218,5,13,1.0039915,12.0,13.003991484642029
202,21,13,1.4911886,18.0,19.491188645362854
211,23,13,1.4897413,18.0,19.489741325378418
213,24,13,2.5174034,30.0,32.51740336418152
218,4,13,1.5057658,18.0,19.505765795707703
202,22,13,2.4931412,30.0,32.493141174316406
218,2,13,1.5036288,18.0,19.503628849983215
212,37,13,1.4735407,18.0,19.473540663719177
208,4,13,2.4431057,30.0,32.443105697631836
201,5,13,2.4837818,30.0,32.483781814575195
219,6,13,1.500083,18.0,19.500082969665527
201,6,13,1.4891337,18.0,19.489133715629578
202,23,13,0.99510473,12.0,12.995104730129242
207,38,13,1.477217,18.0,19.477216958999634
210,4,13,2.3992496,30.0,32.39924955368042
217,48,13,2.4371903,30.0,32.43719029426575
202,24,13,2.4816887,30.0,32.48168873786926
217,47,13,2.5098505,30.0,32.50985050201416
201,2,13,1.5029448,18.0,19.502944827079773
219,12,13,1.4990251,18.0,19.499025106430054
213,7,13,2.452216,30.0,32.452215909957886
201,4,13,2.5253234,30.0,32.52532339096069
219,7,13,2.5321946,30.0,32.5321946144104
211,12,13,2.50848,30.0,32.508480072021484
207,37,13,1.5412983,18.0,19.541298270225525
213,37,13,2.4553657,30.0,32.4553656578064
202,38,13,2.5133717,30.0,32.51337170600891
211,24,13,1.0325612,12.0,13.032561182975769
217,44,13,1.506846,18.0,19.506845951080322
202,39,13,1.4703043,18.0,19.470304250717163
202,41,13,1.5430222,18.0,19.54302215576172
217,43,13,2.4978285,30.0,32.49782848358154
210,2,13,2.5055592,30.0,32.50555920600891
202,43,13,1.011632,12.0,13.011631965637207
217,41,13,1.5099032,18.0,19.50990319252014
202,44,13,0.99765354,12.0,12.997653543949127
217,39,13,1.5119478,18.0,19.511947751045227
202,47,13,0.9910454,12.0,12.991045415401459
208,6,13,1.0139886,12.0,13.013988614082336
210,21,13,2.4940925,30.0,32.49409246444702
219,15,13,1.5374137,18.0,19.537413716316223
200,48,13,2.5305417,30.0,32.53054165840149
211,37,13,1.0092921,12.0,13.009292125701904
213,39,13,2.4261608,30.0,32.42616081237793
207,24,13,0.9990996,12.0,12.999099612236023
213,38,13,0.973876,12.0,12.973875999450684
217,38,13,1.0038697,12.0,13.003869652748108
202,48,13,2.5102692,30.0,32.51026916503906
217,37,13,1.509873,18.0,19.509873032569885
203,2,13,1.4945061,18.0,19.494506120681763
207,23,13,1.5043274,18.0,19.504327416419983
209,48,13,0.9841006,12.0,12.984100580215454
217,24,13,1.5268493,18.0,19.526849269866943
211,7,13,1.4873245,18.0,19.487324476242065
208,7,13,1.4863212,18.0,19.486321210861206
219,21,13,2.4671504,30.0,32.46715044975281
200,44,13,2.504599,30.0,32.50459909439087
219,20,13,2.5109773,30.0,32.510977268218994
200,47,13,1.5540268,18.0,19.55402684211731
203,4,13,2.5021024,30.0,32.50210237503052
213,41,13,1.474437,18.0,19.47443699836731
203,5,13,0.9773425,12.0,12.97734248638153
217,23,13,1.0100462,12.0,13.010046243667603
203,6,13,2.49083,30.0,32.490829944610596
217,22,13,1.0344522,12.0,13.034452199935913
211,38,13,0.9974899,12.0,12.997489929199219
203,7,13,2.434967,30.0,32.434967041015625
217,21,13,2.528367,30.0,32.528367042541504
211,39,13,2.4968436,30.0,32.496843576431274
209,47,13,2.4895344,30.0,32.48953437805176
213,6,13,2.4862719,30.0,32.48627185821533
219,23,13,1.011553,12.0,13.011553049087524
200,41,13,1.0276169,12.0,13.02761685848236
219,22,13,2.4688795,30.0,32.46887946128845
200,43,13,1.0129247,12.0,13.012924671173096
203,12,13,1.0165126,12.0,13.016512632369995
207,22,13,2.4862642,30.0,32.4862642288208
208,48,13,1.0225244,12.0,13.022524356842041
217,20,13,1.0517384,12.0,13.051738381385803
203,15,13,1.5071281,18.0,19.50712811946869
217,15,13,2.5040898,30.0,32.50408983230591
203,20,13,2.4997458,30.0,32.49974584579468
207,21,13,1.0046566,12.0,13.004656553268433
213,43,13,2.474556,30.0,32.47455596923828
217,12,13,1.4927727,18.0,19.492772698402405
203,21,13,2.484297,30.0,32.484297037124634
217,7,13,2.4723897,30.0,32.472389698028564
208,43,13,2.5046659,30.0,32.50466585159302
200,38,13,2.4764905,30.0,32.47649049758911
219,24,13,1.5124444,18.0,19.512444376945496
200,39,13,2.5343056,30.0,32.534305572509766
210,22,13,2.455004,30.0,32.4550039768219
203,22,13,1.0195224,12.0,13.019522428512573
213,44,13,2.487217,30.0,32.48721694946289
209,44,13,1.0766795,12.0,13.076679468154907
217,6,13,2.496365,30.0,32.49636507034302
203,23,13,2.4787989,30.0,32.47879886627197
203,24,13,1.5119153,18.0,19.51191532611847
217,5,13,1.5198941,18.0,19.519894123077393
209,2,13,2.5033898,30.0,32.503389835357666
211,41,13,2.4981914,30.0,32.498191356658936
203,37,13,1.4885103,18.0,19.488510251045227
200,24,13,2.4988108,30.0,32.49881076812744
208,12,13,2.4825468,30.0,32.48254680633545
213,5,13,2.4755936,30.0,32.47559356689453
200,37,13,0.99079466,12.0,12.990794658660889
219,37,13,2.5233903,30.0,32.52339029312134
211,6,13,1.5030426,18.0,19.503042578697205
217,4,13,1.5886729,18.0,19.588672876358032
207,20,13,1.0278177,12.0,13.027817726135254
212,23,13,1.4856089,18.0,19.48560893535614
203,38,13,2.4557257,30.0,32.45572566986084
217,2,13,0.99906933,12.0,12.999069333076477
203,39,13,1.0342014,12.0,13.034201383590698
207,15,13,2.484797,30.0,32.48479700088501
209,43,13,1.0380509,12.0,13.038050889968872
216,48,13,1.9107223,30.0,31.910722255706787
203,41,13,2.4793205,30.0,32.47932052612305
216,47,13,1.2264864,18.0,19.226486444473267
208,15,13,2.4934433,30.0,32.49344325065613
210,23,13,1.5091214,18.0,19.509121417999268
200,23,13,1.5530461,18.0,19.553046107292175
219,38,13,1.5053868,18.0,19.50538682937622
213,47,13,1.4504622,18.0,19.450462222099304
203,43,13,1.4847276,18.0,19.48472762107849
203,44,13,2.484041,30.0,32.48404097557068
216,44,13,2.029633,30.0,32.02963304519653
209,41,13,1.4508734,18.0,19.450873374938965
203,47,13,2.5003784,30.0,32.500378370285034
216,43,13,1.4303062,18.0,19.43030619621277
207,12,13,1.514408,18.0,19.514407992362976
203,48,13,2.3938596,30.0,32.39385962486267
216,41,13,2.2223644,30.0,32.22236442565918
211,43,13,2.5047312,30.0,32.50473117828369
219,43,13,0.9998677,12.0,12.999867677688599
213,4,13,1.0092973,12.0,13.009297251701355
200,21,13,1.0120044,12.0,13.012004375457764
219,41,13,2.5011983,30.0,32.501198291778564
200,22,13,2.4658506,30.0,32.465850591659546
219,39,13,2.4856973,30.0,32.4856972694397
213,48,13,2.4411294,30.0,32.44112944602966
212,22,13,2.4501402,30.0,32.45014023780823
204,2,13,2.5217505,30.0,32.52175045013428
216,39,13,1.3939513,18.0,19.393951296806335
204,4,13,1.4969677,18.0,19.496967673301697
209,39,13,0.9950322,12.0,12.99503219127655
219,47,13,1.5576468,18.0,19.55764675140381
212,38,13,0.9939469,12.0,12.99394690990448
200,15,13,1.532844,18.0,19.532843947410583
219,44,13,2.4830854,30.0,32.48308539390564
200,20,13,2.5048838,30.0,32.504883766174316
211,5,13,2.49508,30.0,32.49507999420166
207,7,13,1.4689953,18.0,19.468995332717896
216,38,13,1.1536893,18.0,19.15368926525116
204,5,13,1.4769012,18.0,19.476901173591614
216,37,13,1.1986685,12.0,13.198668479919434
204,6,13,1.498291,18.0,19.498291015625
207,6,13,0.98057914,12.0,12.980579137802124
214,2,13,1.4781858,18.0,19.478185772895813
216,24,13,1.7318385,18.0,19.73183846473694
211,44,13,1.0108796,12.0,13.010879635810852
204,7,13,2.5114152,30.0,32.511415243148804
200,7,13,1.4807103,18.0,19.48071026802063
219,48,13,1.5109828,18.0,19.510982751846313
208,20,13,2.5123076,30.0,32.51230764389038
200,12,13,1.0516393,12.0,13.051639318466187
210,24,13,2.4162393,30.0,32.4162392616272
209,4,13,2.495813,30.0,32.49581289291382
204,12,13,1.4877433,18.0,19.487743258476257
216,23,13,1.3876106,18.0,19.38761055469513
204,15,13,0.9975511,12.0,12.997551083564758
216,22,13,1.5198934,12.0,13.519893407821655
209,38,13,1.016176,12.0,13.016175985336304
204,20,13,1.5119028,18.0,19.511902809143066
216,21,13,1.639242,30.0,31.63924205303192
204,21,13,2.4992757,30.0,32.49927568435669
216,20,13,2.1925511,30.0,32.192551136016846
214,5,13,2.4801588,30.0,32.48015880584717
207,5,13,2.4458685,30.0,32.445868492126465
214,4,13,0.9973141,12.0,12.997314095497131
211,47,13,1.0024706,12.0,13.00247061252594
204,22,13,1.0358175,12.0,13.035817503929138
216,12,13,1.4251808,18.0,19.425180792808533
213,2,13,1.4856383,18.0,19.48563826084137
208,21,13,2.4656837,30.0,32.465683698654175
210,37,13,1.4428759,18.0,19.442875862121582
220,2,13,2.5210567,30.0,32.52105665206909
200,6,13,1.4987984,18.0,19.498798370361328
204,23,13,2.4863431,30.0,32.48634314537048
207,4,13,1.508321,18.0,19.508321046829224
204,24,13,1.508297,18.0,19.508296966552734
216,7,13,2.3530817,30.0,32.353081703186035
209,37,13,0.9645151,12.0,12.964515089988708
204,37,13,1.003304,12.0,13.00330400466919
214,6,13,0.9961852,12.0,12.996185183525085
216,6,13,1.4237041,18.0,19.423704147338867
204,38,13,1.4733677,18.0,19.47336769104004
211,48,13,2.5118043,30.0,32.5118043422699
211,4,13,2.4614036,30.0,32.461403608322144
220,5,13,1.4936427,18.0,19.493642687797546
212,48,13,2.0691137,18.0,20.069113731384277
200,2,13,2.5203576,30.0,32.520357608795166
220,4,13,1.5013814,18.0,19.501381397247314
200,4,13,1.0125942,12.0,13.012594223022461
216,5,13,1.3729588,18.0,19.372958779335022
204,39,13,1.49417,18.0,19.49416995048523
216,4,13,1.8230517,18.0,19.823051691055298
204,41,13,2.4676962,30.0,32.46769618988037
209,24,13,1.4589573,18.0,19.458957314491272
216,2,13,1.1520752,12.0,13.152075171470642
204,43,13,1.5348282,18.0,19.534828186035156
207,2,13,1.0302601,12.0,13.03026008605957
212,21,13,1.4969065,18.0,19.496906518936157
215,48,13,1.0202272,12.0,13.020227193832397
204,44,13,1.4833653,18.0,19.483365297317505
220,7,13,1.4851245,18.0,19.485124468803406
208,22,13,2.4614303,30.0,32.461430311203
199,47,13,2.5039234,30.0,32.503923416137695
220,6,13,2.528449,30.0,32.528449058532715
199,48,13,1.0111991,12.0,13.011199116706848
204,47,13,1.4859607,18.0,19.485960721969604
212,2,13,2.5107927,30.0,32.51079273223877
206,48,13,2.4092317,30.0,32.409231662750244
214,7,13,1.4849873,18.0,19.484987258911133
215,47,13,1.4821583,18.0,19.482158303260803
204,48,13,1.4708573,18.0,19.47085726261139
215,44,13,1.5084146,18.0,19.50841462612152
206,47,13,0.9991951,12.0,12.999195098876953
209,23,13,2.517473,30.0,32.517472982406616
205,2,13,1.5009303,18.0,19.500930309295654
208,41,13,2.4991348,30.0,32.49913477897644
199,43,13,1.5017852,18.0,19.501785159111023
220,12,13,2.4744573,30.0,32.47445726394653
210,38,13,1.4701257,18.0,19.470125675201416
199,44,13,2.4826255,30.0,32.48262548446655
215,41,13,1.4949452,18.0,19.494945168495178
214,12,13,2.5079596,30.0,32.507959604263306
205,4,13,1.4989637,18.0,19.498963713645935
205,5,13,2.4795098,30.0,32.47950983047485
215,39,13,1.0014021,12.0,13.001402139663696
215,38,13,2.4796686,30.0,32.479668617248535
212,4,13,1.4903326,18.0,19.49033260345459
209,5,13,1.5119379,18.0,19.511937856674194
205,6,13,2.512116,30.0,32.51211595535278
205,7,13,2.4602923,30.0,32.46029233932495
215,37,13,1.1001939,12.0,13.100193858146667
208,23,13,1.4981878,18.0,19.49818778038025
199,39,13,1.0037528,12.0,13.003752827644348
211,2,13,2.5218444,30.0,32.52184438705444
199,41,13,2.4864888,30.0,32.486488819122314
220,15,13,1.5125173,18.0,19.5125173330307
212,5,13,2.471963,30.0,32.47196292877197
209,22,13,2.512537,30.0,32.51253700256348
205,12,13,1.027631,12.0,13.027631044387817
215,24,13,2.4618492,30.0,32.461849212646484
205,15,13,1.5174338,18.0,19.517433762550354
215,23,13,1.4947823,18.0,19.494782328605652
210,39,13,1.4809066,18.0,19.48090660572052
220,21,13,1.530141,18.0,19.53014099597931
212,47,13,2.5189085,30.0,32.51890850067139
212,44,13,2.4861627,30.0,32.4861626625061
208,24,13,1.018666,12.0,13.01866602897644
199,38,13,2.4623678,30.0,32.46236777305603
220,20,13,2.5165389,30.0,32.516538858413696
214,15,13,1.499077,18.0,19.49907696247101
206,41,13,1.4933447,18.0,19.49334466457367
205,20,13,1.4991292,18.0,19.49912917613983
215,22,13,2.5381446,30.0,32.53814458847046
205,21,13,1.4958355,18.0,19.495835542678833
215,21,13,1.1542673,12.0,13.154267311096191
205,22,13,2.5338254,30.0,32.533825397491455
209,21,13,1.0472444,12.0,13.047244429588318
215,20,13,0.9755839,12.0,12.975583910942078
205,23,13,1.0221423,12.0,13.02214229106903
205,24,13,1.51516,18.0,19.515159964561462
206,39,13,2.457453,30.0,32.45745301246643
212,20,13,2.4851675,30.0,32.485167503356934
209,20,13,2.5069075,30.0,32.50690746307373
215,15,13,1.4980544,18.0,19.49805438518524
205,37,13,1.0282724,12.0,13.0282723903656
220,23,13,1.5142795,18.0,19.51427948474884
199,24,13,1.4891298,18.0,19.489129781723022
220,22,13,1.5180523,18.0,19.518052339553833
199,37,13,2.5251887,30.0,32.5251886844635
215,12,13,2.441474,30.0,32.441473960876465
206,38,13,2.4185214,30.0,32.41852140426636
214,20,13,2.508522,30.0,32.508522033691406
205,38,13,2.472236,30.0,32.472235918045044
215,7,13,2.4227905,30.0,32.42279052734375
220,37,13,1.4959532,18.0,19.49595320224762
199,22,13,1.5186228,18.0,19.518622756004333
212,39,13,2.4637618,30.0,32.46376180648804
210,48,13,2.4321384,30.0,32.432138442993164
220,24,13,1.484373,18.0,19.484372973442078
199,23,13,2.486825,30.0,32.48682498931885
212,6,13,2.5137346,30.0,32.513734579086304
214,21,13,1.4948865,18.0,19.49488651752472
205,39,13,2.4621546,30.0,32.46215462684631
215,6,13,2.5212436,30.0,32.52124357223511
205,41,13,2.4908495,30.0,32.49084949493408
215,5,13,0.99375796,12.0,12.993757963180542
206,37,13,1.5156646,18.0,19.51566457748413
205,43,13,2.502914,30.0,32.50291395187378
209,15,13,1.4879129,18.0,19.487912893295288
215,4,13,1.4889693,18.0,19.488969326019287
205,44,13,2.469827,30.0,32.4698269367218
209,6,13,2.5063186,30.0,32.50631856918335
215,2,13,1.4934301,18.0,19.493430137634277
205,47,13,1.5035181,18.0,19.503518104553223
214,48,13,2.5181828,30.0,32.5181827545166
220,38,13,1.5063103,18.0,19.50631034374237
208,37,13,2.4969325,30.0,32.49693250656128
212,43,13,2.5208569,30.0,32.520856857299805
210,41,13,2.4884162,30.0,32.48841619491577
199,21,13,1.503055,18.0,19.503054976463318
212,7,13,2.4576244,30.0,32.457624435424805
206,24,13,1.4554121,18.0,19.45541214942932
214,22,13,2.510243,30.0,32.51024293899536
205,48,13,1.0629392,12.0,13.062939167022705
206,2,13,2.4969077,30.0,32.49690771102905
214,47,13,2.5064595,30.0,32.5064594745636
206,4,13,1.5182967,18.0,19.518296718597412
214,23,13,2.4865365,30.0,32.486536502838135
209,12,13,1.0172272,12.0,13.017227172851562
214,44,13,1.4858817,18.0,19.485881686210632
206,5,13,1.0512897,12.0,13.051289677619934
214,43,13,2.502811,30.0,32.50281095504761
208,38,13,1.0055635,12.0,13.005563497543335
199,12,13,2.4812465,30.0,32.48124647140503
220,39,13,1.0116892,12.0,13.011689186096191
199,15,13,1.0269862,12.0,13.026986241340637
199,20,13,2.5229197,30.0,32.52291965484619
206,23,13,2.4623356,30.0,32.46233558654785
206,6,13,2.488893,30.0,32.488893032073975
214,41,13,1.0071635,12.0,13.007163524627686
212,12,13,2.422743,30.0,32.42274308204651
206,7,13,2.4476032,30.0,32.44760322570801
210,43,13,1.4902953,18.0,19.49029529094696
212,41,13,1.0104351,12.0,13.010435104370117
199,6,13,1.0091261,12.0,13.00912606716156
220,43,13,1.4917531,18.0,19.491753101348877
199,7,13,1.5020372,18.0,19.502037167549133
220,41,13,1.0154134,12.0,13.015413403511047
214,39,13,1.4774064,18.0,19.47740638256073
212,15,13,1.4988959,18.0,19.49889588356018
214,24,13,1.032566,12.0,13.032565951347351
206,12,13,2.422337,30.0,32.4223370552063
214,38,13,1.0031569,12.0,13.003156900405884
209,7,13,2.415203,30.0,32.41520309448242
220,48,13,1.4813869,18.0,19.48138689994812
199,2,13,1.5156984,18.0,19.515698432922363
199,4,13,1.5018575,18.0,19.50185751914978
210,44,13,2.467788,30.0,32.467787981033325
215,23,14,1.4954842,19.5,20.995484232902527
215,24,14,2.4855428,32.5,34.98554277420044
205,12,14,1.024815,13.0,14.02481496334076
209,22,14,2.5082476,32.5,35.00824761390686
212,5,14,2.4754884,32.5,34.97548842430115
215,37,14,1.0202903,13.0,14.02029025554657
205,15,14,1.5162581,19.5,21.016258120536804
205,23,14,1.0287375,13.0,14.028737545013428
215,20,14,0.9703616,13.0,13.970361590385437
209,21,14,1.0506091,13.0,14.050609111785889
205,22,14,2.532339,32.5,35.032339096069336
215,21,14,1.1566128,13.0,14.156612753868103
204,48,14,1.4855461,19.5,20.985546112060547
205,6,14,2.5114157,32.5,35.01141571998596
212,4,14,1.4511187,19.5,20.95111870765686
215,38,14,2.4779258,32.5,34.9779257774353
210,41,14,2.4866447,32.5,34.98664474487305
220,38,14,1.505179,19.5,21.005179047584534
199,20,14,2.522668,32.5,35.02266788482666
212,47,14,2.5174413,32.5,35.017441272735596
220,39,14,1.0114704,13.0,14.011470437049866
199,12,14,2.5147657,32.5,35.01476573944092
220,41,14,1.0175728,13.0,14.01757276058197
208,21,14,2.463826,32.5,34.963825941085815
220,47,14,1.4884173,19.5,20.988417267799377
199,2,14,1.5139959,19.5,21.013995885849
208,39,14,2.4752622,32.5,34.97526216506958
212,41,14,1.0103836,13.0,14.010383605957031
208,38,14,0.9909005,13.0,13.99090051651001
199,5,14,2.4700966,32.5,34.970096588134766
199,4,14,1.4823674,19.5,20.982367396354675
205,20,14,1.49415,19.5,20.994150042533875
199,44,14,2.4816847,32.5,34.98168468475342
210,38,14,1.4771783,19.5,20.97717833518982
220,12,14,2.5046093,32.5,35.00460934638977
220,22,14,1.5205073,19.5,21.020507335662842
220,15,14,1.5160025,19.5,21.016002535820007
199,41,14,2.4836679,32.5,34.983667850494385
211,2,14,2.5144544,32.5,35.01445436477661
199,39,14,1.0026379,13.0,14.00263786315918
208,6,14,1.0136518,13.0,14.013651847839355
213,2,14,1.4863187,19.5,20.986318707466125
208,20,14,2.5214987,32.5,35.021498680114746
212,38,14,0.9987774,13.0,13.998777389526367
213,4,14,1.0069178,13.0,14.006917834281921
199,22,14,1.5184233,19.5,21.018423318862915
199,38,14,2.4632137,32.5,34.96321368217468
220,21,14,1.5377048,19.5,21.037704825401306
220,4,14,1.485263,19.5,20.985262989997864
199,43,14,1.5086677,19.5,21.008667707443237
220,5,14,1.4975997,19.5,20.997599720954895
211,4,14,2.4573185,32.5,34.95731854438782
199,48,14,1.010977,13.0,14.010977029800415
220,6,14,2.525497,32.5,35.02549695968628
208,2,14,2.5182557,32.5,35.01825571060181
213,15,14,2.4851394,32.5,34.9851393699646
213,5,14,2.4731445,32.5,34.97314453125
208,12,14,2.46051,32.5,34.96051001548767
208,43,14,2.5014825,32.5,35.00148248672485
213,6,14,2.5040457,32.5,35.004045724868774
208,7,14,1.4891483,19.5,20.989148259162903
220,20,14,2.513848,32.5,35.013848066329956
199,47,14,2.5008605,32.5,35.00086045265198
220,7,14,1.4835824,19.5,20.983582377433777
200,20,14,2.5004659,32.5,35.000465869903564
200,2,14,2.5331714,32.5,35.03317141532898
200,15,14,1.5314192,19.5,21.031419157981873
219,47,14,1.5538713,19.5,21.053871273994446
210,24,14,2.4086862,32.5,34.90868616104126
200,12,14,1.0362177,13.0,14.03621768951416
219,48,14,1.4870678,19.5,20.987067818641663
207,47,14,1.5292541,19.5,21.02925407886505
213,7,14,2.4389985,32.5,34.93899846076965
208,4,14,2.4378912,32.5,34.937891244888306
212,37,14,1.4704351,19.5,20.97043514251709
213,12,14,2.5115924,32.5,35.011592388153076
200,6,14,1.4995648,19.5,20.99956476688385
220,2,14,2.519794,32.5,35.01979398727417
210,37,14,1.478173,19.5,20.97817301750183
200,4,14,0.99506706,13.0,13.995067059993744
200,37,14,1.0068548,13.0,14.006854772567749
200,24,14,2.4981422,32.5,34.99814224243164
219,44,14,2.4820187,32.5,34.98201870918274
200,23,14,1.5362943,19.5,21.03629434108734
219,39,14,2.4770198,32.5,34.97701978683472
210,23,14,1.5048867,19.5,21.004886746406555
200,22,14,2.4506636,32.5,34.950663566589355
219,41,14,2.5082366,32.5,35.00823664665222
213,23,14,2.4586794,32.5,34.95867943763733
208,44,14,2.4732723,32.5,34.9732723236084
207,48,14,2.525857,32.5,35.02585697174072
213,20,14,1.0141742,13.0,14.014174222946167
200,7,14,1.4844795,19.5,20.984479546546936
200,21,14,1.003613,13.0,14.003612995147705
219,43,14,0.9958048,13.0,13.995804786682129
211,5,14,2.4957178,32.5,34.99571776390076
211,7,14,1.4906206,19.5,20.990620613098145
200,43,14,0.99681294,13.0,13.99681293964386
219,38,14,1.5073808,19.5,21.007380843162537
200,41,14,1.0739462,13.0,14.073946237564087
219,23,14,1.0106199,13.0,14.010619878768921
210,22,14,2.453494,32.5,34.95349407196045
200,39,14,2.540203,32.5,35.04020309448242
213,37,14,2.4654167,32.5,34.96541666984558
213,21,14,1.4836135,19.5,20.98361349105835
207,44,14,2.4827843,32.5,34.982784271240234
212,24,14,2.4643717,32.5,34.96437168121338
213,22,14,2.5403528,32.5,35.0403528213501
207,43,14,1.0080204,13.0,14.008020401000977
200,38,14,2.4528573,32.5,34.95285725593567
211,6,14,1.5010648,19.5,21.001064777374268
219,37,14,2.523684,32.5,35.02368402481079
219,22,14,2.5138154,32.5,35.01381540298462
201,2,14,1.5063769,19.5,21.00637686252594
200,48,14,2.520016,32.5,35.02001595497131
219,15,14,1.536099,19.5,21.036098957061768
210,21,14,2.4878867,32.5,34.98788666725159
200,47,14,1.5586041,19.5,21.05860412120819
219,20,14,2.5090904,32.5,35.009090423583984
213,39,14,2.4123633,32.5,34.91236329078674
207,41,14,0.98384047,13.0,13.983840465545654
207,39,14,2.5206983,32.5,35.0206983089447
208,47,14,1.5040183,19.5,21.004018306732178
213,24,14,2.5072503,32.5,35.00725030899048
207,38,14,1.4678695,19.5,20.967869520187378
219,24,14,1.5076159,19.5,21.00761592388153
200,44,14,2.468124,32.5,34.96812391281128
219,21,14,2.4658592,32.5,34.965859174728394
218,48,14,1.4796922,19.5,20.979692220687866
201,12,14,1.4404261,19.5,20.940426111221313
219,12,14,1.497187,19.5,20.99718701839447
201,7,14,2.5255003,32.5,35.02550029754639
219,4,14,1.5000596,19.5,21.000059604644775
210,20,14,2.4982007,32.5,34.99820065498352
211,15,14,2.4930944,32.5,34.9930944442749
201,6,14,1.4898056,19.5,20.989805579185486
219,6,14,1.4965178,19.5,20.996517777442932
213,43,14,2.4652407,32.5,34.965240716934204
207,37,14,2.1507912,19.5,21.65079116821289
213,38,14,0.9639486,13.0,13.963948607444763
207,24,14,1.001193,13.0,14.001193046569824
211,12,14,2.4905462,32.5,34.990546226501465
219,7,14,2.5239186,32.5,35.02391862869263
201,4,14,2.524037,32.5,35.02403688430786
211,20,14,1.0009978,13.0,14.00099778175354
218,41,14,0.9903579,13.0,13.990357875823975
201,23,14,2.4704342,32.5,34.97043418884277
218,43,14,1.5353391,19.5,21.03533911705017
213,47,14,1.447795,19.5,20.947795033454895
207,23,14,1.5011836,19.5,21.00118362903595
213,41,14,1.4632905,19.5,20.963290452957153
208,48,14,1.0013595,13.0,14.001359462738037
207,22,14,2.4850798,32.5,34.985079765319824
219,2,14,1.4874724,19.5,20.987472414970398
218,44,14,1.5163525,19.5,21.01635253429413
201,21,14,1.4769115,19.5,20.976911544799805
210,15,14,2.4757175,32.5,34.975717544555664
218,47,14,0.985951,13.0,13.985951006412506
201,5,14,2.480774,32.5,34.98077392578125
201,15,14,1.0079067,13.0,14.007906675338745
201,41,14,1.0134833,13.0,14.01348328590393
207,7,14,1.4622514,19.5,20.96225142478943
207,21,14,0.9704321,13.0,13.970432102680206
213,44,14,2.4782767,32.5,34.97827672958374
209,2,14,2.4979835,32.5,34.99798345565796
212,23,14,2.1051729,19.5,21.605172872543335
207,20,14,1.0166519,13.0,14.01665186882019
207,15,14,2.490373,32.5,34.99037289619446
201,22,14,1.0089442,13.0,14.008944153785706
218,37,14,2.5151913,32.5,35.015191316604614
201,38,14,2.44621,32.5,34.94620990753174
210,12,14,1.4835883,19.5,20.983588337898254
218,38,14,2.5100234,32.5,35.01002335548401
201,37,14,1.0246618,13.0,14.024661779403687
201,20,14,0.99240375,13.0,13.992403745651245
201,24,14,2.4870079,32.5,34.98700785636902
202,4,14,1.0060264,13.0,14.00602638721466
210,6,14,1.4872148,19.5,20.98721480369568
218,20,14,1.4887285,19.5,20.988728523254395
202,2,14,2.5052562,32.5,35.00525617599487
201,39,14,0.9935086,13.0,13.993508577346802
201,48,14,1.4852904,19.5,20.98529040813446
218,22,14,1.0187237,13.0,14.018723726272583
210,7,14,2.4263895,32.5,34.92638945579529
201,44,14,1.477765,19.5,20.9777649641037
218,23,14,0.99828506,13.0,13.998285055160522
207,12,14,1.5089239,19.5,21.008923888206482
212,22,14,2.4467635,32.5,34.94676351547241
213,48,14,2.4316869,32.5,34.931686878204346
218,39,14,2.4654696,32.5,34.96546959877014
218,24,14,1.5818255,19.5,21.081825494766235
211,21,14,0.99062455,13.0,13.9906245470047
210,5,14,2.4392247,32.5,34.93922472000122
202,12,14,2.0059524,19.5,21.50595235824585
214,7,14,1.4834105,19.5,20.983410477638245
214,2,14,1.4852926,19.5,20.985292553901672
207,6,14,0.9744129,13.0,13.97441291809082
209,4,14,2.4934342,32.5,34.99343419075012
214,4,14,1.0026506,13.0,14.002650618553162
207,5,14,2.4441204,32.5,34.94412040710449
214,5,14,2.475217,32.5,34.97521710395813
218,21,14,1.013141,13.0,14.01314103603363
202,7,14,1.4744079,19.5,20.97440791130066
202,6,14,1.4965783,19.5,20.996578335762024
211,22,14,2.4929934,32.5,34.99299335479736
218,12,14,2.5162857,32.5,35.01628565788269
201,43,14,1.5291091,19.5,21.029109120368958
218,15,14,2.4911485,32.5,34.991148471832275
210,4,14,2.4328513,32.5,34.93285131454468
202,23,14,1.0250944,13.0,14.025094389915466
218,7,14,2.5207677,32.5,35.02076768875122
202,22,14,2.4892945,32.5,34.98929452896118
218,4,14,1.4916958,19.5,20.991695761680603
211,23,14,1.4918295,19.5,20.99182951450348
202,21,14,1.4942498,19.5,20.99424982070923
218,5,14,1.0012732,13.0,14.001273155212402
214,15,14,1.4997207,19.5,20.999720692634583
207,4,14,1.5049263,19.5,21.004926323890686
214,6,14,0.999769,13.0,13.99976897239685
212,21,14,1.5000916,19.5,21.000091552734375
207,2,14,1.0233277,13.0,14.023327708244324
202,5,14,1.483533,19.5,20.983533024787903
218,6,14,2.5174546,32.5,35.017454624176025
202,15,14,1.5115578,19.5,21.011557817459106
217,43,14,2.4960327,32.5,34.99603271484375
218,2,14,1.5049043,19.5,21.00490427017212
202,39,14,1.4675164,19.5,20.96751642227173
217,44,14,1.5013365,19.5,21.001336455345154
211,24,14,1.0725424,13.0,14.072542428970337
202,38,14,2.507029,32.5,35.00702905654907
217,47,14,2.5048609,32.5,35.00486087799072
214,21,14,1.5041512,19.5,21.004151225090027
206,48,14,2.385418,32.5,34.88541793823242
206,47,14,0.9926554,13.0,13.992655396461487
214,12,14,2.4977503,32.5,34.9977502822876
209,5,14,1.5083417,19.5,21.008341670036316
206,41,14,1.4977269,19.5,20.997726917266846
202,20,14,0.97055787,13.0,13.970557868480682
202,24,14,2.469505,32.5,34.969505071640015
217,48,14,2.4450119,32.5,34.94501185417175
209,48,14,0.98897254,13.0,13.988972544670105
203,2,14,1.4899168,19.5,20.989916801452637
217,37,14,1.5219244,19.5,21.021924376487732
202,41,14,1.5413622,19.5,21.041362166404724
217,38,14,1.0042894,13.0,14.004289388656616
211,37,14,1.006775,13.0,14.00677502155304
202,47,14,0.99492943,13.0,13.994929432868958
206,23,14,2.47466,32.5,34.97465991973877
212,20,14,2.489307,32.5,34.989306926727295
206,39,14,2.451006,32.5,34.951005935668945
214,20,14,2.5172195,32.5,35.01721954345703
206,38,14,2.412673,32.5,34.912672996520996
202,44,14,1.001405,13.0,14.001405000686646
217,41,14,1.512595,19.5,21.012595057487488
202,43,14,0.9995796,13.0,13.9995796084404
210,2,14,2.5031633,32.5,35.00316333770752
211,39,14,2.49234,32.5,34.992340087890625
217,21,14,2.5175657,32.5,35.01756572723389
202,48,14,2.5232096,32.5,35.02320957183838
211,38,14,0.9955578,13.0,13.99555778503418
217,22,14,1.0475919,13.0,14.047591924667358
203,6,14,2.4891772,32.5,34.989177227020264
217,23,14,1.0048301,13.0,14.004830121994019
206,20,14,1.0037456,13.0,14.003745555877686
206,37,14,1.502492,19.5,21.00249195098877
209,6,14,2.5203586,32.5,35.02035856246948
214,22,14,2.5051174,32.5,35.005117416381836
206,24,14,1.4886962,19.5,20.988696217536926
214,23,14,2.4865866,32.5,34.986586570739746
217,39,14,1.5108837,19.5,21.010883688926697
203,4,14,2.509317,32.5,35.00931692123413
217,24,14,1.5282559,19.5,21.028255939483643
217,6,14,2.5224152,32.5,35.02241516113281
209,44,14,1.0664188,13.0,14.066418766975403
203,22,14,1.0249947,13.0,14.024994730949402
203,7,14,2.4316487,32.5,34.93164873123169
203,21,14,2.4958644,32.5,34.995864391326904
217,12,14,1.5045896,19.5,21.004589557647705
203,20,14,2.5028517,32.5,35.002851724624634
217,15,14,2.4828296,32.5,34.982829570770264
214,39,14,1.47691,19.5,20.97690999507904
214,24,14,1.0222888,13.0,14.022288799285889
212,15,14,1.5035908,19.5,21.00359082221985
206,22,14,2.4748669,32.5,34.97486686706543
203,5,14,0.9759849,13.0,13.975984871387482
217,20,14,1.0535078,13.0,14.053507804870605
203,12,14,1.0264494,13.0,14.02644944190979
209,47,14,2.4956756,32.5,34.995675563812256
209,43,14,1.0241723,13.0,14.024172306060791
203,39,14,1.0308871,13.0,14.030887126922607
217,2,14,1.0207692,13.0,14.020769238471985
214,43,14,2.502108,32.5,35.002108097076416
214,37,14,1.5048739,19.5,21.004873871803284
206,15,14,2.4683118,32.5,34.96831178665161
209,7,14,2.4105096,32.5,34.91050958633423
214,38,14,1.0023677,13.0,14.002367734909058
206,12,14,2.409203,32.5,34.90920305252075
217,7,14,2.4653592,32.5,34.96535921096802
217,4,14,1.5794758,19.5,21.0794757604599
203,37,14,1.477172,19.5,20.977172017097473
211,41,14,2.5063746,32.5,35.00637459754944
217,5,14,1.5143015,19.5,21.014301538467407
203,15,14,1.5106188,19.5,21.010618805885315
203,23,14,2.4765646,32.5,34.97656464576721
211,43,14,2.5029798,32.5,35.00297975540161
216,41,14,2.1985414,32.5,34.69854140281677
203,48,14,2.3931227,32.5,34.89312267303467
203,38,14,2.4661865,32.5,34.9661865234375
203,47,14,2.4961185,32.5,34.99611854553223
209,41,14,1.4752394,19.5,20.975239396095276
203,44,14,2.4819524,32.5,34.98195242881775
216,44,14,2.1205688,32.5,34.62056875228882
203,43,14,1.479771,19.5,20.97977101802826
206,7,14,2.444559,32.5,34.94455909729004
212,12,14,2.442383,32.5,34.94238305091858
214,41,14,1.0057431,13.0,14.005743145942688
206,6,14,2.483346,32.5,34.9833459854126
203,24,14,1.4976479,19.5,20.997647881507874
203,41,14,2.4877565,32.5,34.9877564907074
216,48,14,1.7313457,32.5,34.231345653533936
211,44,14,1.0122854,13.0,14.012285351753235
216,24,14,1.5923415,19.5,21.092341542243958
204,6,14,1.4912083,19.5,20.99120831489563
215,2,14,1.5017455,19.5,21.001745462417603
206,5,14,1.0219066,13.0,14.021906614303589
214,44,14,1.4903469,19.5,20.990346908569336
209,12,14,1.0100675,13.0,14.010067462921143
206,4,14,1.503067,19.5,21.003067016601562
214,47,14,2.5052385,32.5,35.00523853302002
216,43,14,1.4445759,19.5,20.944575905799866
204,5,14,1.498743,19.5,20.998743057250977
216,38,14,1.2518686,19.5,20.75186860561371
209,39,14,0.9829036,13.0,13.982903599739075
204,4,14,1.5103958,19.5,21.010395765304565
216,47,14,1.2291089,19.5,20.729108929634094
204,2,14,2.518465,32.5,35.01846504211426
216,20,14,2.200201,32.5,34.7002010345459
204,21,14,2.4944558,32.5,34.99445581436157
215,5,14,1.007678,13.0,14.007678031921387
206,2,14,2.519176,32.5,35.01917600631714
205,48,14,1.0170007,13.0,14.017000675201416
212,7,14,2.4515328,32.5,34.95153284072876
214,48,14,2.5208511,32.5,35.020851135253906
205,47,14,1.5023136,19.5,21.0023136138916
216,37,14,1.2338011,13.0,14.233801126480103
204,20,14,1.5121235,19.5,21.012123465538025
209,38,14,1.0082308,13.0,14.008230805397034
216,22,14,1.5892494,13.0,14.5892493724823
204,15,14,1.0033056,13.0,14.003305554389954
216,23,14,1.4082572,19.5,20.908257246017456
216,39,14,1.3771755,19.5,20.877175450325012
204,7,14,2.508018,32.5,35.008018016815186
211,48,14,2.5032063,32.5,35.00320625305176
204,38,14,1.4435273,19.5,20.943527340888977
216,21,14,1.6969509,32.5,34.196950912475586
204,37,14,1.0060072,13.0,14.006007194519043
209,37,14,0.9724679,13.0,13.97246789932251
216,7,14,2.3372583,32.5,34.83725833892822
204,24,14,1.4934171,19.5,20.993417143821716
204,23,14,2.4904814,32.5,34.99048137664795
205,38,14,2.481444,32.5,34.981443881988525
205,44,14,2.4792361,32.5,34.979236125946045
215,4,14,1.4791963,19.5,20.979196310043335
209,15,14,1.4892138,19.5,20.989213824272156
205,43,14,2.5012598,32.5,35.00125980377197
204,12,14,1.5108515,19.5,21.010851502418518
204,22,14,1.0389701,13.0,14.038970112800598
211,47,14,0.9916154,13.0,13.991615414619446
204,47,14,1.4882485,19.5,20.988248467445374
215,47,14,1.4869906,19.5,20.986990571022034
204,44,14,1.4806203,19.5,20.98062026500702
205,41,14,2.4900255,32.5,34.99002552032471
215,6,14,2.5204315,32.5,35.02043151855469
205,39,14,2.4569638,32.5,34.956963777542114
212,6,14,2.5238748,32.5,35.02387475967407
215,7,14,2.418148,32.5,34.918148040771484
216,6,14,1.3046978,19.5,20.8046977519989
204,43,14,1.5312935,19.5,21.031293511390686
216,2,14,1.2121129,13.0,14.21211290359497
209,24,14,1.47538,19.5,20.975379943847656
204,41,14,2.470367,32.5,34.97036695480347
216,4,14,1.8952445,19.5,21.395244479179382
216,12,14,1.4767196,19.5,20.976719617843628
216,5,14,1.3952794,19.5,20.89527940750122
215,39,14,1.0052894,13.0,14.005289435386658
205,5,14,2.4700665,32.5,34.9700665473938
205,21,14,1.4943694,19.5,20.994369387626648
215,12,14,2.5110168,32.5,35.011016845703125
205,37,14,1.0129633,13.0,14.01296329498291
215,15,14,1.4987596,19.5,20.998759627342224
209,20,14,2.5156312,32.5,35.01563119888306
205,24,14,1.5098786,19.5,21.009878635406494
215,48,14,1.1479235,13.0,14.147923469543457
205,4,14,1.501097,19.5,21.001096963882446
215,41,14,1.496253,19.5,20.99625301361084
205,2,14,1.5013816,19.5,21.001381635665894
209,23,14,2.4981358,32.5,34.998135805130005
215,44,14,1.5232531,19.5,21.023253083229065
204,39,14,1.4974446,19.5,20.99744462966919
212,2,14,2.5056238,32.5,35.00562381744385
210,39,14,1.4812086,19.5,20.981208562850952
199,37,14,2.521036,32.5,35.02103590965271
199,15,14,1.0019158,13.0,14.00191581249237
199,24,14,1.4751782,19.5,20.975178241729736
220,23,14,1.9375654,19.5,21.437565445899963
199,23,14,2.4910479,32.5,34.991047859191895
220,24,14,1.4766582,19.5,20.97665822505951
210,48,14,2.4243774,32.5,34.92437744140625
208,15,14,2.4878545,32.5,34.98785448074341
208,23,14,1.504291,19.5,21.00429105758667
208,41,14,2.5055518,32.5,35.00555181503296
208,22,14,2.4609282,32.5,34.960928201675415
212,48,14,1.4622834,19.5,20.96228337287903
199,7,14,1.5022277,19.5,21.002227663993835
220,37,14,1.4923961,19.5,20.992396116256714
199,21,14,1.499255,19.5,20.999254941940308
215,22,14,2.537176,32.5,35.03717589378357
205,7,14,2.4540155,32.5,34.954015493392944
210,44,14,2.457518,32.5,34.957518100738525
220,44,14,2.4834018,32.5,34.98340177536011
210,47,14,1.4973178,19.5,20.997317790985107
210,43,14,1.459558,19.5,20.95955801010132
199,6,14,1.009109,13.0,14.009109020233154
220,43,14,1.4725429,19.5,20.972542881965637
212,43,14,2.5185637,32.5,35.018563747406006
212,44,14,2.4825737,32.5,34.98257374763489
208,24,14,1.0108078,13.0,14.010807752609253
212,39,14,2.4720922,32.5,34.972092151641846
208,37,14,2.4897525,32.5,34.989752531051636
220,48,14,1.486865,19.5,20.986865043640137
210,47,15,1.4784518,21.0,22.47845184803009
210,41,15,2.4871964,35.0,37.48719644546509
199,12,15,2.512676,35.0,37.51267600059509
202,15,15,1.511855,21.0,22.511855006217957
210,5,15,2.4499934,35.0,37.4499933719635
202,12,15,1.9863588,21.0,22.986358761787415
218,7,15,2.5244446,35.0,37.524444580078125
218,4,15,1.493488,21.0,22.49348795413971
202,21,15,1.5176063,21.0,22.517606258392334
211,23,15,1.4906054,21.0,22.490605354309082
218,5,15,1.0033872,14.0,15.003387212753296
214,15,15,1.4993601,21.0,22.49936008453369
214,6,15,0.9860688,14.0,14.986068785190582
212,21,15,1.5013212,21.0,22.50132119655609
214,12,15,2.4891646,35.0,37.48916459083557
206,41,15,1.4992062,21.0,22.49920618534088
199,7,15,1.4482318,21.0,22.44823181629181
199,21,15,1.5068789,21.0,22.50687885284424
215,37,15,1.0189669,14.0,15.018966913223267
205,7,15,2.5202913,35.0,37.520291328430176
205,15,15,1.5103629,21.0,22.51036286354065
215,20,15,1.1201899,14.0,15.120189905166626
208,37,15,2.5179145,35.0,37.51791453361511
212,39,15,2.4678893,35.0,37.46788930892944
208,39,15,2.469044,35.0,37.46904397010803
199,5,15,2.4720607,35.0,37.472060680389404
220,41,15,1.018019,14.0,15.018018960952759
208,21,15,2.4580956,35.0,37.45809555053711
220,47,15,1.49283,21.0,22.49283003807068
220,48,15,1.4848739,21.0,22.48487389087677
210,44,15,2.466075,35.0,37.46607494354248
220,39,15,1.0133492,14.0,15.013349175453186
205,22,15,2.5281558,35.0,37.52815580368042
215,21,15,1.140029,14.0,15.140028953552246
204,48,15,1.4560065,21.0,22.45600652694702
199,22,15,1.4479177,21.0,22.447917699813843
213,5,15,2.4667792,35.0,37.46677923202515
212,47,15,2.5161152,35.0,37.51611518859863
208,22,15,2.5127215,35.0,37.5127215385437
212,38,15,1.0003562,14.0,15.000356197357178
213,4,15,1.0036049,14.0,15.003604888916016
208,15,15,2.4854481,35.0,37.485448122024536
220,37,15,1.4913363,21.0,22.491336345672607
199,38,15,2.4755945,35.0,37.47559452056885
212,4,15,1.4764625,21.0,22.476462483406067
209,22,15,2.5110679,35.0,37.51106786727905
215,38,15,2.482893,35.0,37.482892990112305
205,5,15,2.4199984,35.0,37.41999840736389
205,37,15,1.0142697,14.0,15.014269709587097
212,6,15,2.5224547,35.0,37.52245473861694
205,24,15,1.5042912,21.0,22.50429117679596
220,21,15,1.5439477,21.0,22.54394769668579
210,39,15,1.4749762,21.0,22.474976181983948
199,37,15,2.5210714,35.0,37.521071434020996
220,22,15,1.5040259,21.0,22.50402593612671
199,24,15,1.4832904,21.0,22.483290433883667
199,41,15,2.492443,35.0,37.4924430847168
211,2,15,2.5099688,35.0,37.509968757629395
210,38,15,1.4883758,21.0,22.488375782966614
199,39,15,1.0062513,14.0,15.006251335144043
215,48,15,1.164774,14.0,15.164773941040039
205,4,15,1.5006204,21.0,22.500620365142822
215,41,15,1.4996994,21.0,22.499699354171753
209,20,15,2.5187573,35.0,37.518757343292236
212,2,15,2.5082927,35.0,37.50829267501831
209,23,15,2.5247755,35.0,37.52477550506592
208,6,15,1.0102155,14.0,15.010215520858765
213,2,15,1.4862418,21.0,22.486241817474365
208,20,15,2.5180507,35.0,37.51805067062378
208,43,15,2.4960623,35.0,37.49606227874756
213,6,15,2.5081897,35.0,37.50818967819214
208,7,15,1.4876825,21.0,22.487682461738586
220,20,15,2.5131989,35.0,37.51319885253906
220,7,15,1.4855862,21.0,22.485586166381836
204,47,15,1.4913701,21.0,22.49137008190155
215,47,15,1.4813993,21.0,22.481399297714233
204,44,15,1.4843491,21.0,22.484349131584167
215,15,15,1.4927057,21.0,22.492705702781677
205,21,15,1.5100029,21.0,22.510002851486206
215,12,15,2.4760826,35.0,37.47608256340027
215,6,15,2.5181446,35.0,37.518144607543945
205,39,15,2.468699,35.0,37.46869897842407
215,7,15,2.4397936,35.0,37.43979358673096
199,44,15,2.4781997,35.0,37.47819972038269
220,12,15,2.5077996,35.0,37.50779962539673
199,43,15,1.5211664,21.0,22.521166443824768
220,4,15,1.485651,21.0,22.48565101623535
220,15,15,1.5121528,21.0,22.512152791023254
220,5,15,1.4985489,21.0,22.4985488653183
211,4,15,2.392388,35.0,37.392388105392456
204,37,15,1.0046216,14.0,15.004621624946594
204,43,15,1.4831115,21.0,22.48311150074005
216,2,15,1.1999936,14.0,15.19999361038208
205,2,15,1.5027968,21.0,22.50279676914215
215,44,15,1.5298084,21.0,22.529808402061462
204,39,15,1.49522,21.0,22.495219945907593
216,5,15,1.4710428,21.0,22.47104275226593
210,37,15,1.4811355,21.0,22.481135487556458
199,48,15,1.0107806,14.0,15.010780572891235
208,2,15,2.516869,35.0,37.51686906814575
208,12,15,2.4241595,35.0,37.42415952682495
208,4,15,2.4368434,35.0,37.436843395233154
212,37,15,1.4879854,21.0,22.487985372543335
213,12,15,2.4904609,35.0,37.49046087265015
220,6,15,2.5213652,35.0,37.52136516571045
199,47,15,2.4987645,35.0,37.498764514923096
211,48,15,2.4966497,35.0,37.496649742126465
209,24,15,1.4801501,21.0,22.48015010356903
204,38,15,1.4748106,21.0,22.47481060028076
216,6,15,1.3114219,21.0,22.311421871185303
205,23,15,1.3169602,14.0,15.316960215568542
205,41,15,2.4962182,35.0,37.49621820449829
210,24,15,2.3814263,35.0,37.3814263343811
200,12,15,1.0315605,14.0,15.03156054019928
216,20,15,2.2576585,35.0,37.2576584815979
211,47,15,0.9868637,14.0,14.986863672733307
204,21,15,2.5035028,35.0,37.50350284576416
216,21,15,1.8215315,35.0,36.821531534194946
209,37,15,0.9917108,14.0,14.991710782051086
216,7,15,2.4648337,35.0,37.46483373641968
204,24,15,1.5077927,21.0,22.507792711257935
204,23,15,2.4649649,35.0,37.464964866638184
205,38,15,2.4762607,35.0,37.47626066207886
205,44,15,2.4781313,35.0,37.47813129425049
215,4,15,1.4785259,21.0,22.4785258769989
204,41,15,2.467391,35.0,37.46739101409912
216,4,15,1.830046,21.0,22.83004605770111
216,12,15,1.3906925,21.0,22.390692472457886
204,12,15,1.484956,21.0,22.48495602607727
204,22,15,1.0407246,14.0,15.040724635124207
219,48,15,1.4929844,21.0,22.492984414100647
213,21,15,1.5065553,21.0,22.506555318832397
213,7,15,2.4497573,35.0,37.44975733757019
208,44,15,2.4690726,35.0,37.469072580337524
213,20,15,0.99882555,14.0,14.998825550079346
207,47,15,1.529746,21.0,22.529746055603027
200,7,15,1.4920801,21.0,22.492080092430115
200,21,15,1.0074513,14.0,15.007451295852661
200,6,15,1.5033059,21.0,22.503305912017822
220,2,15,2.516232,35.0,37.51623201370239
200,4,15,0.998351,14.0,14.998350977897644
219,44,15,2.5000138,35.0,37.50001382827759
200,2,15,2.520475,35.0,37.520474910736084
219,47,15,1.5052547,21.0,22.5052547454834
205,48,15,1.015922,14.0,15.015921950340271
214,48,15,2.5055077,35.0,37.505507707595825
212,7,15,2.4465425,35.0,37.446542501449585
219,43,15,0.99747,14.0,14.997470021247864
211,5,15,2.4956527,35.0,37.49565267562866
200,20,15,2.5036619,35.0,37.50366187095642
200,15,15,1.5227604,21.0,22.52276039123535
200,23,15,1.5421585,21.0,22.542158484458923
219,39,15,2.4880161,35.0,37.48801612854004
210,23,15,1.5091927,21.0,22.50919270515442
205,47,15,1.4841763,21.0,22.48417627811432
216,37,15,1.2134434,14.0,15.213443398475647
204,20,15,1.4989009,21.0,22.498900890350342
209,38,15,1.0194039,14.0,15.01940393447876
209,15,15,1.4933327,21.0,22.493332743644714
205,43,15,2.4975533,35.0,37.49755334854126
204,15,15,0.99696946,14.0,14.99696946144104
216,39,15,1.3891461,21.0,22.389146089553833
216,23,15,1.453695,21.0,22.453695058822632
204,7,15,2.5226295,35.0,37.522629499435425
200,22,15,2.4480057,35.0,37.44800567626953
207,41,15,0.98662627,14.0,14.986626267433167
213,15,15,2.4779873,35.0,37.47798728942871
207,48,15,2.5122728,35.0,37.51227283477783
213,22,15,2.5430331,35.0,37.54303312301636
207,43,15,1.0059781,14.0,15.005978107452393
213,23,15,2.4660408,35.0,37.46604084968567
219,41,15,2.5046105,35.0,37.504610538482666
211,44,15,1.0278903,14.0,15.02789032459259
216,24,15,1.6208603,21.0,22.62086033821106
204,6,15,1.5035003,21.0,22.50350034236908
215,5,15,1.0626624,14.0,15.062662363052368
214,44,15,1.4890314,21.0,22.489031434059143
209,12,15,0.97470236,14.0,14.97470235824585
206,4,15,1.4963543,21.0,22.496354341506958
211,6,15,1.5035938,21.0,22.503593802452087
219,37,15,2.5217798,35.0,37.52177977561951
200,37,15,1.0037968,14.0,15.003796815872192
200,24,15,2.470983,35.0,37.470983028411865
219,38,15,1.5118489,21.0,22.51184892654419
200,41,15,1.2794657,14.0,15.279465675354004
219,23,15,1.0053729,14.0,15.005372881889343
210,22,15,2.449108,35.0,37.44910788536072
200,39,15,2.5195608,35.0,37.51956081390381
203,47,15,2.5023503,35.0,37.50235033035278
204,5,15,1.4961634,21.0,22.496163368225098
216,38,15,1.2769307,21.0,22.276930689811707
216,22,15,1.5212243,14.0,15.5212242603302
216,47,15,1.2279747,21.0,22.22797465324402
204,2,15,2.512961,35.0,37.51296091079712
211,43,15,2.5011497,35.0,37.50114965438843
219,24,15,1.5050583,21.0,22.50505828857422
213,37,15,2.4630833,35.0,37.463083267211914
207,44,15,2.4833086,35.0,37.48330855369568
212,24,15,2.4552205,35.0,37.455220460891724
213,24,15,2.5011563,35.0,37.50115633010864
207,38,15,1.4758055,21.0,22.475805521011353
200,38,15,2.4814491,35.0,37.481449127197266
219,21,15,2.4610808,35.0,37.46108078956604
216,41,15,2.2527316,35.0,37.25273156166077
203,48,15,2.385713,35.0,37.38571310043335
216,43,15,1.3600379,21.0,22.360037922859192
215,2,15,1.5044059,21.0,22.504405856132507
206,5,15,1.0285478,14.0,15.028547763824463
203,44,15,2.491294,35.0,37.49129390716553
216,44,15,2.1121593,35.0,37.11215925216675
203,43,15,1.4803163,21.0,22.480316281318665
211,7,15,1.4905695,21.0,22.490569472312927
210,21,15,2.4916265,35.0,37.491626501083374
200,43,15,1.0121722,14.0,15.012172222137451
219,12,15,1.4884927,21.0,22.488492727279663
219,22,15,2.5094228,35.0,37.50942277908325
200,48,15,2.5032635,35.0,37.50326347351074
219,15,15,1.5387943,21.0,22.53879427909851
214,47,15,2.5117126,35.0,37.51171255111694
206,2,15,2.513244,35.0,37.51324391365051
206,7,15,2.4419584,35.0,37.4419584274292
212,12,15,2.432112,35.0,37.432111978530884
209,39,15,0.9880867,14.0,14.988086700439453
204,4,15,1.508186,21.0,22.508185982704163
203,24,15,1.497403,21.0,22.497403025627136
203,41,15,2.484692,35.0,37.484692096710205
200,47,15,1.5473139,21.0,22.547313928604126
213,39,15,2.4128938,35.0,37.412893772125244
207,39,15,2.5124898,35.0,37.512489795684814
208,47,15,1.4886739,21.0,22.48867392539978
213,38,15,0.9684674,14.0,14.96846741437912
207,24,15,1.006405,14.0,15.006404995918274
219,20,15,2.5050328,35.0,37.505032777786255
200,44,15,2.4912283,35.0,37.491228342056274
216,48,15,1.7951864,35.0,36.79518640041351
203,39,15,1.038284,14.0,15.038283944129944
217,2,15,1.0161039,14.0,15.016103863716125
214,43,15,2.5102222,35.0,37.51022219657898
203,38,15,2.4630141,35.0,37.463014125823975
209,41,15,1.4524025,21.0,22.452402472496033
214,38,15,0.9997057,14.0,14.9997056722641
206,12,15,2.409945,35.0,37.409945011138916
211,12,15,2.4861467,35.0,37.486146688461304
210,20,15,2.4982185,35.0,37.49821853637695
219,7,15,2.532204,35.0,37.532203912734985
201,4,15,2.5188606,35.0,37.51886057853699
201,2,15,1.5051064,21.0,22.505106449127197
201,7,15,2.5207717,35.0,37.520771741867065
219,4,15,1.5033246,21.0,22.50332462787628
201,6,15,1.4972767,21.0,22.497276663780212
219,6,15,1.5006204,21.0,22.500620365142822
203,21,15,2.4866168,35.0,37.48661684989929
217,4,15,1.5923291,21.0,22.592329144477844
203,37,15,1.4815241,21.0,22.481524109840393
214,41,15,1.0231143,14.0,15.023114323616028
206,6,15,2.4817388,35.0,37.481738805770874
203,23,15,2.4796429,35.0,37.47964286804199
217,6,15,2.517788,35.0,37.51778793334961
213,43,15,2.4610138,35.0,37.46101379394531
207,37,15,1.5464424,21.0,22.54644238948822
212,23,15,1.4943141,21.0,22.494314074516296
211,20,15,1.0045118,14.0,15.004511833190918
218,47,15,0.9863198,14.0,14.986319780349731
201,5,15,2.4866955,35.0,37.486695528030396
201,15,15,1.0004576,14.0,15.000457644462585
218,48,15,1.4798275,21.0,22.479827523231506
211,41,15,2.5006833,35.0,37.500683307647705
203,22,15,1.0280066,14.0,15.028006553649902
217,7,15,2.4648352,35.0,37.46483516693115
203,7,15,2.4565187,35.0,37.45651865005493
206,15,15,2.4371462,35.0,37.43714618682861
209,7,15,2.4095445,35.0,37.409544467926025
209,44,15,1.0868759,14.0,15.086875915527344
217,12,15,1.4991287,21.0,22.499128699302673
203,20,15,2.4966364,35.0,37.496636390686035
211,15,15,2.496343,35.0,37.49634289741516
210,15,15,2.4706483,35.0,37.47064828872681
201,12,15,1.4778572,21.0,22.47785723209381
207,23,15,1.5031965,21.0,22.503196477890015
213,41,15,1.4674731,21.0,22.46747314929962
208,48,15,0.99709076,14.0,14.997090756893158
207,22,15,2.497105,35.0,37.49710488319397
214,39,15,1.4790858,21.0,22.47908580303192
214,24,15,0.9943956,14.0,14.99439561367035
212,15,15,1.5021127,21.0,22.50211274623871
209,43,15,1.0011994,14.0,15.00119936466217
217,5,15,1.5168371,21.0,22.516837120056152
203,15,15,1.511231,21.0,22.511230945587158
209,6,15,2.519256,35.0,37.51925611495972
206,22,15,2.4676068,35.0,37.46760678291321
206,20,15,0.9981735,14.0,14.998173475265503
217,23,15,1.0100644,14.0,15.010064363479614
217,15,15,2.496399,35.0,37.49639892578125
219,2,15,1.4924659,21.0,22.4924658536911
218,44,15,1.5230423,21.0,22.52304232120514
201,21,15,1.4829212,21.0,22.482921242713928
218,38,15,2.5057366,35.0,37.50573658943176
201,37,15,1.0232972,14.0,15.023297190666199
201,20,15,1.0017629,14.0,15.001762866973877
201,24,15,2.4958088,35.0,37.495808839797974
217,20,15,1.0498791,14.0,15.04987907409668
203,12,15,1.0106349,14.0,15.010634899139404
217,21,15,2.5232656,35.0,37.52326560020447
211,39,15,2.484942,35.0,37.4849419593811
211,38,15,0.9971068,14.0,14.997106790542603
209,47,15,2.5109887,35.0,37.51098871231079
217,22,15,1.0495183,14.0,15.049518346786499
203,6,15,2.4843454,35.0,37.48434543609619
218,41,15,0.9925818,14.0,14.99258178472519
201,23,15,2.4639063,35.0,37.46390628814697
218,43,15,1.4856186,21.0,22.485618591308594
213,47,15,1.4463141,21.0,22.446314096450806
201,39,15,0.99141026,14.0,14.991410255432129
214,2,15,1.4867424,21.0,22.48674237728119
207,21,15,0.9808824,14.0,14.980882406234741
213,44,15,2.486555,35.0,37.486555099487305
207,20,15,1.0125248,14.0,15.012524843215942
203,5,15,0.9867328,14.0,14.98673278093338
214,37,15,1.5138721,21.0,22.513872146606445
206,37,15,1.5137817,21.0,22.513781666755676
214,23,15,2.4821014,35.0,37.48210144042969
202,44,15,1.0052289,14.0,15.005228877067566
203,4,15,2.5055134,35.0,37.505513429641724
207,15,15,2.4859736,35.0,37.485973596572876
201,22,15,1.0176008,14.0,15.017600774765015
201,38,15,2.4366748,35.0,37.43667483329773
210,12,15,1.4918269,21.0,22.49182689189911
209,2,15,2.4942818,35.0,37.49428176879883
213,48,15,2.4326186,35.0,37.432618618011475
207,7,15,1.4603696,21.0,22.46036958694458
218,39,15,2.4792624,35.0,37.479262351989746
218,24,15,1.4671139,21.0,22.467113852500916
217,24,15,1.5203424,21.0,22.520342350006104
203,2,15,1.496339,21.0,22.496338963508606
217,37,15,1.5125166,21.0,22.512516617774963
202,48,15,2.5214689,35.0,37.52146887779236
209,48,15,1.0267663,14.0,15.026766300201416
202,47,15,1.0034938,14.0,15.003493785858154
211,21,15,0.99896204,14.0,14.998962044715881
210,7,15,2.4930482,35.0,37.49304819107056
201,41,15,1.0125934,14.0,15.012593388557434
201,48,15,1.48518,21.0,22.485180020332336
218,22,15,1.0151693,14.0,15.015169262886047
201,44,15,1.4786667,21.0,22.47866666316986
218,23,15,0.99548775,14.0,14.995487749576569
214,5,15,2.4785404,35.0,37.47854042053223
217,39,15,1.517312,21.0,22.517312049865723
206,23,15,2.4543998,35.0,37.454399824142456
212,20,15,2.4878235,35.0,37.487823486328125
209,5,15,1.5307121,21.0,22.530712127685547
214,22,15,2.5163698,35.0,37.51636981964111
206,24,15,1.4483458,21.0,22.44834578037262
214,20,15,2.5158691,35.0,37.515869140625
206,38,15,2.4355443,35.0,37.43554425239563
217,47,15,2.4979892,35.0,37.49798917770386
207,4,15,1.5107434,21.0,22.510743379592896
207,12,15,1.5109638,21.0,22.510963797569275
212,22,15,2.4906254,35.0,37.49062538146973
218,12,15,2.5094852,35.0,37.50948524475098
202,5,15,1.4867374,21.0,22.486737370491028
201,43,15,1.482584,21.0,22.48258399963379
202,4,15,1.0108421,14.0,15.010842084884644
217,41,15,1.5170766,21.0,22.51707661151886
202,43,15,0.9941297,14.0,14.994129717350006
217,43,15,2.4861343,35.0,37.48613429069519
202,39,15,1.4668325,21.0,22.466832518577576
217,38,15,1.0099051,14.0,15.009905099868774
211,37,15,0.9999906,14.0,14.999990582466125
217,44,15,1.5013757,21.0,22.501375675201416
211,24,15,1.0318763,14.0,15.0318763256073
210,2,15,2.5045495,35.0,37.504549503326416
210,6,15,1.4860379,21.0,22.486037850379944
218,20,15,1.4904132,21.0,22.490413188934326
202,2,15,2.5040941,35.0,37.50409412384033
218,37,15,2.5118628,35.0,37.51186275482178
214,7,15,1.4866765,21.0,22.486676454544067
207,6,15,0.96849555,14.0,14.968495547771454
214,4,15,1.0049306,14.0,15.00493061542511
207,5,15,2.4443316,35.0,37.444331645965576
202,38,15,2.5149322,35.0,37.51493215560913
214,21,15,1.5142308,21.0,22.514230847358704
206,48,15,2.404914,35.0,37.404913902282715
206,47,15,0.9844235,14.0,14.984423518180847
206,39,15,2.4563842,35.0,37.45638418197632
202,20,15,0.9602008,14.0,14.960200786590576
202,24,15,2.4630094,35.0,37.46300935745239
218,21,15,1.0208349,14.0,15.020834922790527
202,7,15,1.4798896,21.0,22.479889631271362
202,6,15,1.499824,21.0,22.499824047088623
211,22,15,2.4821181,35.0,37.482118129730225
209,4,15,2.4928083,35.0,37.49280834197998
207,2,15,1.0433431,14.0,15.04334306716919
218,15,15,2.4877548,35.0,37.487754821777344
218,6,15,2.5145693,35.0,37.51456928253174
217,48,15,2.4389663,35.0,37.438966274261475
210,4,15,2.42917,35.0,37.42916989326477
202,23,15,1.0271486,14.0,15.027148604393005
218,2,15,1.5072389,21.0,22.50723886489868
202,41,15,1.5422165,21.0,22.542216539382935
202,22,15,2.4871798,35.0,37.48717975616455
215,23,15,1.4939077,21.0,22.493907690048218
215,39,15,1.0003573,14.0,15.000357270240784
215,24,15,2.4933999,35.0,37.49339985847473
205,12,15,1.0187523,14.0,15.018752336502075
210,48,15,2.4197764,35.0,37.41977643966675
220,38,15,1.5075984,21.0,22.507598400115967
199,20,15,2.525127,35.0,37.525126934051514
199,15,15,1.0066986,14.0,15.006698608398438
220,23,15,1.5124061,21.0,22.51240611076355
199,23,15,2.487326,35.0,37.48732590675354
220,24,15,1.4752729,21.0,22.47527289390564
212,5,15,2.468211,35.0,37.46821093559265
209,21,15,1.0774524,14.0,15.077452421188354
205,20,15,1.4972678,21.0,22.497267842292786
208,41,15,2.5022273,35.0,37.50222730636597
212,48,15,1.5605742,21.0,22.560574173927307
208,23,15,1.5011754,21.0,22.50117540359497
220,43,15,1.491226,21.0,22.491225957870483
212,43,15,2.458781,35.0,37.458781003952026
212,44,15,2.486969,35.0,37.486968994140625
208,24,15,1.0052593,14.0,15.005259275436401
215,22,15,2.5343175,35.0,37.53431749343872
205,6,15,2.512093,35.0,37.51209306716919
220,44,15,2.4884024,35.0,37.488402366638184
199,6,15,1.0116026,14.0,15.011602640151978
212,41,15,1.0108356,14.0,15.010835647583008
208,38,15,0.9998233,14.0,14.999823272228241
210,43,15,1.4898937,21.0,22.489893674850464
199,4,15,1.487056,21.0,22.487056016921997
199,2,15,1.5773464,21.0,22.577346444129944
210,43,16,1.5041181,22.5,24.00411808490753
212,43,16,2.5156832,37.5,40.0156831741333
208,38,16,1.0020845,15.0,16.002084493637085
199,6,16,1.0128146,15.0,16.01281464099884
220,44,16,2.4905682,37.5,39.99056816101074
199,5,16,2.4753563,37.5,39.975356340408325
205,6,16,2.506279,37.5,40.00627899169922
215,22,16,2.5275555,37.5,40.02755546569824
212,44,16,2.4961903,37.5,39.996190309524536
208,37,16,2.5165439,37.5,40.01654386520386
220,43,16,1.4938834,22.5,23.99388337135315
220,39,16,1.0150714,15.0,16.015071392059326
210,47,16,1.4708326,22.5,23.970832586288452
210,41,16,2.4855533,37.5,39.98555326461792
199,12,16,2.5391834,37.5,40.039183378219604
202,15,16,1.5160102,22.5,24.01601016521454
210,5,16,2.4500194,37.5,39.95001935958862
202,12,16,1.9794478,22.5,24.479447841644287
218,7,16,2.5224109,37.5,40.02241086959839
202,7,16,1.4795593,22.5,23.979559302330017
218,4,16,1.4912275,22.5,23.991227507591248
202,21,16,1.6742446,22.5,24.17424464225769
211,23,16,1.5039561,22.5,24.003956079483032
218,5,16,1.0812328,15.0,16.08123278617859
212,20,16,2.4892156,37.5,39.9892156124115
214,6,16,1.0090299,15.0,16.009029865264893
212,21,16,1.5267005,22.5,24.026700496673584
214,12,16,2.4845986,37.5,39.9845986366272
206,41,16,1.4769973,22.5,23.97699725627899
214,15,16,1.5004776,22.5,24.00047755241394
202,20,16,0.9979869,15.0,15.997986912727356
217,48,16,2.4289632,37.5,39.92896318435669
218,21,16,1.018018,15.0,16.018018007278442
202,6,16,1.4993291,22.5,23.999329090118408
211,22,16,2.5017302,37.5,40.00173020362854
209,4,16,2.4945972,37.5,39.99459719657898
207,2,16,1.034299,15.0,16.03429901599884
214,7,16,1.4845105,22.5,23.98451054096222
218,15,16,2.4860706,37.5,39.98607063293457
218,6,16,2.512526,37.5,40.01252603530884
210,4,16,2.422346,37.5,39.922346115112305
202,23,16,0.9843075,15.0,15.984307527542114
218,2,16,1.5033808,22.5,24.00338077545166
202,22,16,2.507851,37.5,40.007850885391235
217,44,16,1.5023814,22.5,24.002381443977356
211,24,16,1.0297103,15.0,16.029710292816162
210,2,16,2.5044842,37.5,40.00448417663574
218,20,16,1.4913496,22.5,23.991349577903748
202,2,16,2.5035677,37.5,40.003567695617676
218,37,16,2.5092182,37.5,40.00921821594238
206,48,16,2.3783588,37.5,39.87835884094238
207,6,16,0.97062457,15.0,15.970624566078186
214,4,16,0.9949964,15.0,15.994996428489685
207,5,16,2.4478786,37.5,39.94787859916687
214,5,16,2.4839675,37.5,39.983967542648315
202,38,16,2.5079195,37.5,40.00791954994202
214,21,16,1.4932165,22.5,23.993216514587402
206,47,16,0.9973856,15.0,15.997385621070862
206,39,16,2.451448,37.5,39.9514479637146
214,20,16,2.5128324,37.5,40.01283240318298
206,38,16,2.4448767,37.5,39.9448766708374
217,47,16,2.505454,37.5,40.00545406341553
202,24,16,2.4602056,37.5,39.96020555496216
207,4,16,1.511191,22.5,24.01119101047516
207,12,16,1.5118388,22.5,24.011838793754578
212,22,16,2.500593,37.5,40.000592947006226
209,2,16,2.4957256,37.5,39.99572563171387
218,12,16,2.5094767,37.5,40.00947666168213
202,5,16,1.4897349,22.5,23.989734888076782
201,43,16,1.4952356,22.5,23.995235562324524
202,4,16,1.0144747,15.0,16.014474749565125
210,6,16,1.4911743,22.5,23.991174340248108
217,41,16,1.4946065,22.5,23.994606494903564
202,43,16,0.98183364,15.0,15.981833636760712
217,43,16,2.499325,37.5,39.99932503700256
202,41,16,1.5410773,22.5,24.041077256202698
217,38,16,1.0022871,15.0,16.00228714942932
211,37,16,1.0062864,15.0,16.00628638267517
209,48,16,1.0205774,15.0,16.020577430725098
202,47,16,0.9957925,15.0,15.995792508125305
211,21,16,1.0006609,15.0,16.00066089630127
210,7,16,2.4907331,37.5,39.99073314666748
201,41,16,0.9944292,15.0,15.994429171085358
201,39,16,0.9894656,15.0,15.989465594291687
201,48,16,1.4811901,22.5,23.981190085411072
218,22,16,1.0169044,15.0,16.01690435409546
201,44,16,1.4675459,22.5,23.967545866966248
218,23,16,1.001764,15.0,16.001764059066772
217,39,16,1.5160747,22.5,24.016074657440186
206,23,16,2.4744217,37.5,39.97442173957825
209,5,16,1.5184041,22.5,24.018404126167297
206,24,16,1.4287653,22.5,23.928765296936035
214,23,16,2.485879,37.5,39.98587894439697
202,44,16,0.98519504,15.0,15.98519504070282
203,4,16,2.499107,37.5,39.999106884002686
201,22,16,1.0180045,15.0,16.018004536628723
201,38,16,2.4830217,37.5,39.98302173614502
210,12,16,1.4804331,22.5,23.980433106422424
213,48,16,2.4306283,37.5,39.930628299713135
207,7,16,1.4637213,22.5,23.96372127532959
218,39,16,2.478758,37.5,39.978758096694946
218,24,16,1.4670701,22.5,23.96707010269165
217,24,16,1.5164698,22.5,24.016469836235046
203,2,16,1.496747,22.5,23.99674701690674
217,37,16,1.5076011,22.5,24.007601141929626
202,39,16,1.4739572,22.5,23.973957180976868
202,48,16,2.5198102,37.5,40.01981019973755
209,47,16,2.5004535,37.5,40.00045347213745
217,22,16,1.0435807,15.0,16.043580651283264
203,6,16,2.5090914,37.5,40.0090913772583
201,23,16,2.494368,37.5,39.99436807632446
218,43,16,1.4931273,22.5,23.99312734603882
213,47,16,1.4286536,22.5,23.928653597831726
214,2,16,1.4883456,22.5,23.988345623016357
213,44,16,2.483463,37.5,39.98346304893494
207,20,16,1.0197035,15.0,16.0197035074234
207,15,16,2.491171,37.5,39.99117088317871
203,5,16,0.98262525,15.0,15.982625246047974
214,37,16,1.4987231,22.5,23.99872314929962
206,37,16,1.5043169,22.5,24.004316926002502
214,22,16,2.5221758,37.5,40.022175788879395
209,6,16,2.520193,37.5,40.020193099975586
206,22,16,2.4595723,37.5,39.959572315216064
206,20,16,1.0052088,15.0,16.00520884990692
217,23,16,1.0054512,15.0,16.005451202392578
201,7,16,2.5163941,37.5,40.01639413833618
218,44,16,1.4962935,22.5,23.996293544769287
201,21,16,1.4589887,22.5,23.958988666534424
211,20,16,1.0050123,15.0,16.005012273788452
218,38,16,2.5056274,37.5,40.005627393722534
201,37,16,1.0160948,15.0,16.01609480381012
201,15,16,1.0050664,15.0,16.005066394805908
201,24,16,2.4985514,37.5,39.99855136871338
218,41,16,0.99649024,15.0,15.996490240097046
217,20,16,1.0543554,15.0,16.05435538291931
203,12,16,1.0184,15.0,16.018399953842163
217,21,16,2.5146842,37.5,40.014684200286865
203,7,16,2.5226226,37.5,40.02262258529663
211,38,16,1.029051,15.0,16.029050946235657
217,12,16,1.4970729,22.5,23.99707293510437
211,39,16,2.4851985,37.5,39.98519849777222
209,44,16,1.0610144,15.0,16.061014413833618
203,20,16,2.4996922,37.5,39.99969220161438
211,15,16,2.4940267,37.5,39.99402666091919
210,15,16,2.4791164,37.5,39.979116439819336
201,12,16,1.497339,22.5,23.997339010238647
219,2,16,1.4876405,22.5,23.987640500068665
207,23,16,1.5009853,22.5,24.000985264778137
213,41,16,1.4543346,22.5,23.954334616661072
208,48,16,1.0019932,15.0,16.00199317932129
207,22,16,2.50207,37.5,40.00206995010376
213,43,16,2.4671474,37.5,39.96714735031128
203,15,16,1.5018574,22.5,24.00185739994049
214,39,16,1.4756736,22.5,23.97567355632782
214,24,16,1.0061438,15.0,16.006143808364868
212,15,16,1.485667,22.5,23.98566699028015
217,5,16,1.517334,22.5,24.017333984375
203,24,16,1.4986589,22.5,23.998658895492554
217,15,16,2.4931333,37.5,39.993133306503296
217,6,16,2.5175514,37.5,40.01755142211914
207,21,16,0.97893155,15.0,15.978931546211243
207,37,16,1.5385075,22.5,24.03850746154785
212,23,16,1.4993082,22.5,23.999308228492737
208,47,16,1.485834,22.5,23.985834002494812
218,47,16,0.98743963,15.0,15.987439632415771
201,20,16,1.0047657,15.0,16.00476574897766
201,5,16,2.4913116,37.5,39.99131155014038
218,48,16,1.4800855,22.5,23.980085492134094
211,41,16,2.498857,37.5,39.99885702133179
203,22,16,1.0362948,15.0,16.0362948179245
217,7,16,2.509225,37.5,40.0092248916626
206,5,16,1.0173941,15.0,16.017394065856934
206,15,16,2.4587867,37.5,39.958786725997925
209,7,16,2.4918933,37.5,39.99189329147339
214,38,16,0.9998656,15.0,15.999865591526031
206,12,16,2.3871474,37.5,39.887147426605225
210,20,16,2.4976697,37.5,39.99766969680786
219,7,16,2.5328145,37.5,40.032814502716064
201,4,16,2.5132294,37.5,40.01322937011719
201,2,16,1.4906057,22.5,23.99060571193695
219,4,16,1.5040156,22.5,24.004015564918518
201,6,16,1.5431762,22.5,24.04317617416382
219,6,16,1.5000727,22.5,24.000072717666626
203,21,16,2.483876,37.5,39.98387598991394
217,4,16,1.58953,22.5,24.089529991149902
203,37,16,1.4835813,22.5,23.98358130455017
209,43,16,1.0083406,15.0,16.00834059715271
214,41,16,1.0093029,15.0,16.009302854537964
206,6,16,2.5047317,37.5,40.00473165512085
214,43,16,2.5070708,37.5,40.007070779800415
203,23,16,2.4788327,37.5,39.978832721710205
203,41,16,2.4947395,37.5,39.9947395324707
219,20,16,2.5042338,37.5,40.004233837127686
213,39,16,2.406441,37.5,39.90644097328186
207,39,16,2.5108547,37.5,40.010854721069336
212,24,16,2.4529862,37.5,39.95298624038696
213,38,16,0.9756961,15.0,15.975696086883545
207,24,16,1.0048858,15.0,16.00488579273224
200,44,16,2.5000653,37.5,40.000065326690674
211,12,16,2.473981,37.5,39.97398090362549
216,48,16,2.0883884,37.5,39.588388442993164
203,39,16,1.0261716,15.0,16.026171565055847
217,2,16,1.0305495,15.0,16.0305495262146
209,41,16,1.4706209,22.5,23.97062087059021
203,44,16,2.4937081,37.5,39.99370813369751
216,44,16,2.201087,37.5,39.70108699798584
203,43,16,1.4805337,22.5,23.980533719062805
211,7,16,1.48859,22.5,23.988590002059937
210,21,16,2.4907925,37.5,39.99079251289368
200,43,16,0.99817073,15.0,15.998170733451843
219,22,16,2.5055308,37.5,40.005530834198
219,12,16,1.4959073,22.5,23.995907306671143
200,41,16,1.0122753,15.0,16.012275338172913
200,48,16,2.5256844,37.5,40.02568435668945
219,15,16,1.5102576,22.5,24.010257601737976
200,47,16,1.4999654,22.5,23.99996542930603
206,2,16,2.4992175,37.5,39.99921751022339
206,7,16,2.4905596,37.5,39.990559577941895
212,12,16,2.3945663,37.5,39.89456629753113
204,4,16,1.515043,22.5,24.015043020248413
216,39,16,1.3135496,22.5,23.813549637794495
216,47,16,1.1957452,22.5,23.69574522972107
211,43,16,2.4772582,37.5,39.97725820541382
219,24,16,1.5057889,22.5,24.005788922309875
213,37,16,2.4933386,37.5,39.9933385848999
207,44,16,2.4882917,37.5,39.98829174041748
213,22,16,2.5432851,37.5,40.04328513145447
213,24,16,2.5110397,37.5,40.01103973388672
207,38,16,1.4842948,22.5,23.984294772148132
200,38,16,2.4923594,37.5,39.99235939979553
219,21,16,2.4680314,37.5,39.96803140640259
216,41,16,2.2088296,37.5,39.70882964134216
203,48,16,2.387301,37.5,39.887300968170166
216,43,16,1.352655,22.5,23.852655053138733
203,38,16,2.458467,37.5,39.95846700668335
214,44,16,1.4867663,22.5,23.98676633834839
206,4,16,1.4941416,22.5,23.994141578674316
209,12,16,0.98786145,15.0,15.987861454486847
214,47,16,2.5070572,37.5,40.007057189941406
219,37,16,2.5300117,37.5,40.03001165390015
200,37,16,0.9992292,15.0,15.999229192733765
200,24,16,2.4626536,37.5,39.96265363693237
219,38,16,1.5116321,22.5,24.011632084846497
219,23,16,1.0110648,15.0,16.011064767837524
210,22,16,2.4437497,37.5,39.94374966621399
200,39,16,2.5305686,37.5,40.03056859970093
203,47,16,2.5007124,37.5,40.000712394714355
204,5,16,1.489812,22.5,23.98981201648712
216,38,16,1.2961745,22.5,23.7961745262146
209,39,16,0.98948836,15.0,15.989488363265991
204,15,16,1.0017912,15.0,16.00179123878479
204,12,16,1.4888328,22.5,23.98883283138275
204,2,16,2.5105162,37.5,40.01051616668701
204,7,16,2.5189934,37.5,40.01899337768555
207,41,16,0.9912802,15.0,15.991280198097229
213,15,16,2.4835358,37.5,39.98353576660156
207,48,16,2.5142982,37.5,40.0142982006073
207,43,16,1.0130894,15.0,16.013089418411255
213,23,16,2.4550493,37.5,39.95504927635193
219,41,16,2.5009015,37.5,40.00090146064758
200,21,16,1.0127945,15.0,16.012794494628906
211,6,16,1.5044428,22.5,24.004442811012268
211,44,16,1.024329,15.0,16.02432894706726
216,24,16,1.5814143,22.5,24.081414341926575
204,6,16,1.5009379,22.5,24.000937938690186
215,2,16,1.5053957,22.5,24.005395650863647
205,41,16,2.4935699,37.5,39.99356985092163
205,48,16,1.0097439,15.0,16.0097439289093
214,48,16,2.5039804,37.5,40.0039803981781
212,7,16,2.513412,37.5,40.01341199874878
205,47,16,1.4779439,22.5,23.977943897247314
219,43,16,1.0029519,15.0,16.002951860427856
211,5,16,2.5022483,37.5,40.00224828720093
200,20,16,2.484816,37.5,39.98481607437134
219,44,16,2.498981,37.5,39.99898099899292
200,15,16,1.5265087,22.5,24.026508688926697
200,23,16,1.5740857,22.5,24.07408571243286
219,39,16,2.4891744,37.5,39.989174365997314
210,23,16,1.5123285,22.5,24.012328505516052
200,22,16,2.499113,37.5,39.99911308288574
216,37,16,1.1772143,15.0,16.17721426486969
209,38,16,0.9975381,15.0,15.997538089752197
216,22,16,1.4322464,15.0,16.432246446609497
209,15,16,1.4533707,22.5,23.953370690345764
205,43,16,2.492586,37.5,39.99258589744568
215,5,16,0.9821429,15.0,15.982142925262451
216,23,16,1.566242,22.5,24.066241979599
204,22,16,1.0411216,15.0,16.04112160205841
219,48,16,1.4900279,22.5,23.990027904510498
213,21,16,1.4778718,22.5,23.977871775627136
213,7,16,2.4752843,37.5,39.97528433799744
208,4,16,2.4652538,37.5,39.965253829956055
208,44,16,2.4876294,37.5,39.987629413604736
213,20,16,0.99891174,15.0,15.998911738395691
207,47,16,1.4802753,22.5,23.98027527332306
200,7,16,1.4837795,22.5,23.983779549598694
200,6,16,1.5037476,22.5,24.003747582435608
220,2,16,2.5139513,37.5,40.01395130157471
200,4,16,1.0262142,15.0,16.026214241981506
220,4,16,1.4807587,22.5,23.980758666992188
200,2,16,2.5194254,37.5,40.01942539215088
219,47,16,1.505593,22.5,24.005592942237854
210,24,16,2.3901026,37.5,39.89010262489319
200,12,16,1.034764,15.0,16.034764051437378
216,20,16,2.1886036,37.5,39.68860363960266
211,47,16,0.993599,15.0,15.993598997592926
204,21,16,2.504966,37.5,40.004966020584106
216,21,16,1.8942312,37.5,39.3942312002182
204,20,16,1.5011297,22.5,24.001129746437073
216,7,16,2.3691127,37.5,39.869112730026245
209,37,16,0.96957815,15.0,15.96957814693451
204,24,16,1.5014277,22.5,24.00142765045166
204,23,16,2.4673233,37.5,39.967323303222656
215,12,16,2.477275,37.5,39.977274894714355
205,44,16,2.4873185,37.5,39.98731851577759
215,4,16,1.4750146,22.5,23.975014567375183
204,41,16,2.4814315,37.5,39.98143148422241
216,4,16,1.7743917,22.5,24.274391651153564
216,12,16,1.4254557,22.5,23.925455689430237
216,5,16,1.3899183,22.5,23.889918327331543
211,48,16,2.4983149,37.5,39.99831485748291
220,6,16,2.5192144,37.5,40.019214391708374
208,12,16,2.3959875,37.5,39.89598751068115
208,43,16,2.4934835,37.5,39.993483543395996
212,37,16,1.477856,22.5,23.977856040000916
213,12,16,2.5016842,37.5,40.00168418884277
208,2,16,2.5127811,37.5,40.01278114318848
199,47,16,2.495061,37.5,39.99506092071533
209,24,16,1.4701041,22.5,23.970104098320007
204,38,16,1.4745506,22.5,23.97455060482025
216,6,16,1.2920755,22.5,23.792075514793396
205,23,16,1.2955146,15.0,16.295514583587646
215,6,16,2.525099,37.5,40.02509903907776
205,39,16,2.4720573,37.5,39.9720573425293
215,7,16,2.525736,37.5,40.02573609352112
199,44,16,2.4922152,37.5,39.992215156555176
220,12,16,2.5056987,37.5,40.005698680877686
199,43,16,1.5099947,22.5,24.009994745254517
199,24,16,1.4872973,22.5,23.987297296524048
220,15,16,1.5137134,22.5,24.013713359832764
220,5,16,1.5029639,22.5,24.0029639005661
199,48,16,1.0200425,15.0,16.020042538642883
211,4,16,2.4494302,37.5,39.94943022727966
210,37,16,1.47709,22.5,23.977090001106262
205,38,16,2.4750767,37.5,39.97507667541504
204,37,16,1.011249,15.0,16.01124894618988
204,43,16,1.4545658,22.5,23.95456576347351
216,2,16,1.2276256,15.0,16.227625608444214
215,44,16,1.4951254,22.5,23.99512541294098
204,48,16,1.4171075,22.5,23.917107462882996
204,39,16,1.495799,22.5,23.99579894542694
209,23,16,2.528829,37.5,40.0288290977478
220,20,16,2.508123,37.5,40.00812292098999
208,6,16,1.0144088,15.0,16.014408826828003
208,20,16,2.5143256,37.5,40.0143256187439
212,38,16,0.99949914,15.0,15.999499142169952
213,6,16,2.498702,37.5,39.99870204925537
208,7,16,1.4845021,22.5,23.98450207710266
199,38,16,2.477975,37.5,39.9779748916626
220,7,16,1.4893595,22.5,23.989359498023987
204,47,16,1.4912698,22.5,23.991269826889038
215,47,16,1.4821436,22.5,23.98214364051819
204,44,16,1.4875387,22.5,23.987538695335388
205,21,16,1.5025814,22.5,24.002581357955933
205,37,16,1.0152253,15.0,16.015225291252136
212,6,16,2.5174365,37.5,40.017436504364014
205,24,16,1.5096107,22.5,24.009610652923584
210,39,16,1.4729959,22.5,23.97299587726593
199,37,16,2.5703974,37.5,40.07039737701416
220,22,16,1.5022603,22.5,24.002260327339172
199,41,16,2.4988475,37.5,39.99884748458862
211,2,16,2.507358,37.5,40.00735807418823
210,38,16,1.4874526,22.5,23.987452626228333
199,39,16,1.0086672,15.0,16.00866723060608
215,15,16,1.4842757,22.5,23.984275698661804
215,48,16,0.99299544,15.0,15.99299544095993
215,41,16,1.4938794,22.5,23.993879437446594
205,2,16,1.5205066,22.5,24.020506620407104
209,20,16,2.5220885,37.5,40.02208852767944
205,22,16,2.4884958,37.5,39.98849582672119
215,21,16,1.0125122,15.0,16.01251220703125
212,2,16,2.5061474,37.5,40.006147384643555
212,4,16,1.4788654,22.5,23.978865385055542
213,5,16,2.445986,37.5,39.94598603248596
212,47,16,2.514726,37.5,40.01472592353821
208,22,16,2.523219,37.5,40.02321910858154
213,4,16,1.0113678,15.0,16.011367797851562
208,15,16,2.4892092,37.5,39.98920917510986
220,37,16,1.4904286,22.5,23.990428566932678
220,21,16,1.5443351,22.5,24.04433512687683
209,22,16,2.502588,37.5,40.00258803367615
215,38,16,2.5183635,37.5,40.01836347579956
205,5,16,2.471099,37.5,39.97109889984131
215,39,16,0.9962181,15.0,15.996218085289001
205,4,16,1.5003594,22.5,24.000359416007996
215,24,16,2.5121949,37.5,40.012194871902466
205,12,16,1.0223399,15.0,16.022339940071106
215,37,16,1.010551,15.0,16.01055097579956
210,48,16,2.3995013,37.5,39.89950132369995
220,38,16,1.5058882,22.5,24.00588822364807
199,20,16,2.516407,37.5,40.01640701293945
208,23,16,1.5117294,22.5,24.01172935962677
199,15,16,1.0062511,15.0,16.006251096725464
220,23,16,1.5091697,22.5,24.009169697761536
199,23,16,2.502904,37.5,40.00290393829346
220,24,16,1.4808702,22.5,23.980870246887207
199,22,16,1.5117874,22.5,24.01178741455078
212,5,16,2.465734,37.5,39.965734004974365
209,21,16,1.0422469,15.0,16.04224693775177
205,20,16,1.4978538,22.5,23.997853755950928
215,23,16,1.4950266,22.5,23.99502658843994
208,41,16,2.5130634,37.5,40.01306343078613
212,48,16,1.4903644,22.5,23.9903644323349
208,21,16,2.4537868,37.5,39.953786849975586
199,7,16,1.5019082,22.5,24.00190818309784
199,21,16,1.5011269,22.5,24.001126885414124
205,7,16,2.5296965,37.5,40.029696464538574
205,15,16,1.51174,22.5,24.01173996925354
215,20,16,1.0903081,15.0,16.0903080701828
212,41,16,0.99909604,15.0,15.999096035957336
210,44,16,2.4627795,37.5,39.96277952194214
199,4,16,1.4871161,22.5,23.98711609840393
212,39,16,2.462761,37.5,39.96276092529297
208,39,16,2.4694567,37.5,39.96945667266846
208,24,16,1.0130209,15.0,16.013020873069763
220,47,16,1.4951884,22.5,23.995188355445862
220,48,16,1.4893247,22.5,23.989324688911438
220,41,16,1.0193489,15.0,16.019348859786987
213,2,16,1.4779538,22.5,23.977953791618347
199,2,16,1.5840546,22.5,24.084054589271545
205,2,17,1.521754,24.0,25.521754026412964
211,37,17,1.0051793,16.0,17.005179286003113
199,24,17,1.4870542,24.0,25.487054228782654
207,6,17,0.9780983,16.0,16.978098273277283
202,41,17,1.5571744,24.0,25.55717444419861
214,4,17,1.0006986,16.0,17.000698566436768
220,23,17,1.5103143,24.0,25.510314345359802
210,2,17,2.502844,40.0,42.5028440952301
203,37,17,1.4834651,24.0,25.48346507549286
201,5,17,2.4925795,40.0,42.49257946014404
213,48,17,2.4223158,40.0,42.42231583595276
217,43,17,2.4472432,40.0,42.447243213653564
207,7,17,1.4629749,24.0,25.462974905967712
214,2,17,1.4892269,24.0,25.489226937294006
219,6,17,1.5023148,24.0,25.502314805984497
201,6,17,1.5420614,24.0,25.54206144809723
199,48,17,1.0510639,16.0,17.051063895225525
202,21,17,1.5281137,24.0,25.52811372280121
218,4,17,1.4937406,24.0,25.493740558624268
215,38,17,2.5184789,40.0,42.518478870391846
202,15,17,1.4968007,24.0,25.496800661087036
218,6,17,2.5138762,40.0,42.51387619972229
205,5,17,2.46854,40.0,42.46853995323181
215,39,17,0.9960512,16.0,16.99605119228363
210,47,17,1.4750217,24.0,25.475021719932556
204,48,17,1.4527203,24.0,25.452720284461975
203,15,17,1.4990819,24.0,25.49908185005188
220,47,17,1.4954734,24.0,25.495473384857178
199,5,17,2.4658022,40.0,42.46580219268799
210,44,17,2.4679263,40.0,42.467926263809204
199,2,17,1.5875437,24.0,25.587543725967407
215,44,17,1.4799488,24.0,25.47994875907898
205,7,17,2.5252316,40.0,42.52523159980774
215,37,17,0.9977282,16.0,16.99772822856903
209,12,17,1.0002807,16.0,17.000280737876892
203,47,17,2.498695,40.0,42.498694896698
209,2,17,2.4901567,40.0,42.49015665054321
212,23,17,1.5009413,24.0,25.500941276550293
208,48,17,1.0033164,16.0,17.003316402435303
217,24,17,1.6909552,24.0,25.69095516204834
212,24,17,2.4448228,40.0,42.444822788238525
200,7,17,1.4789822,24.0,25.4789822101593
208,47,17,1.477616,24.0,25.47761595249176
210,39,17,1.4748191,24.0,25.47481906414032
205,6,17,2.5033998,40.0,42.50339984893799
218,7,17,2.5172067,40.0,42.51720666885376
202,12,17,1.4722788,24.0,25.472278833389282
210,48,17,2.4661834,40.0,42.46618342399597
209,15,17,1.4591845,24.0,25.459184527397156
205,20,17,1.5030375,24.0,25.503037452697754
210,38,17,1.4678657,24.0,25.467865705490112
203,20,17,2.4916773,40.0,42.49167728424072
218,12,17,2.5061064,40.0,42.50610637664795
215,23,17,1.4925573,24.0,25.492557287216187
215,24,17,2.5101826,40.0,42.51018261909485
205,15,17,1.506369,24.0,25.50636899471283
217,12,17,1.3716923,24.0,25.371692299842834
211,2,17,2.5035655,40.0,42.503565549850464
199,6,17,1.0164504,16.0,17.01645040512085
205,12,17,1.0264654,16.0,17.02646541595459
202,6,17,1.5042416,24.0,25.504241585731506
202,7,17,1.4835571,24.0,25.483557105064392
215,47,17,1.481554,24.0,25.48155403137207
204,47,17,1.5047911,24.0,25.504791140556335
204,44,17,1.4889655,24.0,25.48896551132202
212,6,17,2.5121126,40.0,42.512112617492676
209,20,17,2.5164828,40.0,42.51648283004761
200,12,17,1.0169785,16.0,17.01697850227356
217,37,17,1.8780899,24.0,25.878089904785156
200,15,17,1.5085795,24.0,25.50857949256897
212,38,17,1.0050765,16.0,17.00507652759552
208,43,17,2.4839005,40.0,42.48390054702759
212,39,17,2.4604583,40.0,42.460458278656006
208,41,17,2.5096965,40.0,42.50969648361206
212,7,17,2.5067434,40.0,42.50674343109131
220,6,17,2.515181,40.0,42.51518106460571
208,44,17,2.4905257,40.0,42.49052572250366
219,48,17,1.496829,24.0,25.49682903289795
203,2,17,1.4955862,24.0,25.495586156845093
212,37,17,1.4780557,24.0,25.478055715560913
210,37,17,1.4659171,24.0,25.465917110443115
211,4,17,2.4523711,40.0,42.45237112045288
219,47,17,1.457816,24.0,25.457816004753113
199,47,17,2.4923186,40.0,42.492318630218506
216,43,17,1.5160053,24.0,25.516005277633667
203,48,17,2.4029102,40.0,42.402910232543945
208,39,17,2.4676619,40.0,42.46766185760498
217,23,17,1.1631141,16.0,17.163114070892334
203,5,17,0.9846131,16.0,16.984613120555878
203,41,17,2.4972386,40.0,42.497238636016846
220,43,17,1.48818,24.0,25.48818004131317
199,7,17,1.5156347,24.0,25.515634655952454
215,22,17,2.525271,40.0,42.52527093887329
205,21,17,1.5081843,24.0,25.50818431377411
202,5,17,1.4985255,24.0,25.498525500297546
202,22,17,2.4997406,40.0,42.49974060058594
217,20,17,1.5159252,16.0,17.51592516899109
209,21,17,1.022171,16.0,17.022171020507812
212,5,17,2.4690654,40.0,42.46906542778015
219,44,17,2.5027466,40.0,42.50274658203125
200,20,17,2.5144792,40.0,42.51447916030884
208,38,17,1.0186682,16.0,17.018668174743652
212,41,17,1.0116556,16.0,17.011655569076538
216,41,17,2.433058,40.0,42.43305802345276
208,37,17,2.5118227,40.0,42.51182270050049
212,43,17,2.5107718,40.0,42.51077175140381
203,21,17,2.4799862,40.0,42.4799861907959
215,48,17,0.9976028,16.0,16.997602820396423
218,15,17,2.4860132,40.0,42.48601317405701
215,21,17,1.0186903,16.0,17.01869034767151
205,22,17,2.5116832,40.0,42.511683225631714
204,43,17,1.4893466,24.0,25.489346623420715
220,41,17,1.0125927,16.0,17.012592673301697
199,12,17,2.5207353,40.0,42.52073526382446
201,48,17,1.482429,24.0,25.482429027557373
205,37,17,1.0129308,16.0,17.012930750846863
215,12,17,2.4898834,40.0,42.48988342285156
218,2,17,1.5046285,24.0,25.504628539085388
216,2,17,1.2971665,16.0,17.29716646671295
205,24,17,1.5079261,24.0,25.507926106452942
211,5,17,2.502344,40.0,42.50234389305115
210,24,17,2.3823895,40.0,42.382389545440674
215,15,17,1.4921324,24.0,25.492132425308228
202,2,17,2.5015526,40.0,42.50155258178711
218,20,17,1.4907762,24.0,25.49077618122101
202,4,17,0.9956976,16.0,16.995697617530823
215,20,17,0.9919473,16.0,16.991947293281555
205,23,17,1.0396758,16.0,17.03967583179474
220,12,17,2.5093281,40.0,42.50932812690735
210,23,17,1.505407,24.0,25.505406975746155
205,39,17,2.4659536,40.0,42.46595358848572
215,6,17,2.5242412,40.0,42.52424120903015
218,22,17,1.0191145,16.0,17.01911449432373
218,21,17,1.0253917,16.0,17.025391697883606
205,38,17,2.4798093,40.0,42.479809284210205
215,7,17,2.5217795,40.0,42.52177953720093
202,23,17,1.0009708,16.0,17.0009708404541
220,7,17,1.4892042,24.0,25.489204168319702
212,44,17,2.4944463,40.0,42.49444627761841
208,24,17,1.0127273,16.0,17.0127272605896
219,43,17,1.0030578,16.0,17.003057837486267
204,2,17,2.5113494,40.0,42.51134943962097
200,21,17,1.0526559,16.0,17.052655935287476
208,23,17,1.5082088,24.0,25.508208751678467
212,2,17,2.5011833,40.0,42.50118327140808
203,22,17,1.0328606,16.0,17.03286063671112
210,22,17,2.4964995,40.0,42.49649953842163
204,41,17,2.487007,40.0,42.4870069026947
215,5,17,0.9839169,16.0,16.983916878700256
201,44,17,1.4700514,24.0,25.470051407814026
205,41,17,2.5014799,40.0,42.50147986412048
216,4,17,1.8080573,24.0,25.80805730819702
211,6,17,1.504029,24.0,25.504029035568237
209,22,17,2.5035946,40.0,42.503594636917114
212,4,17,1.4772468,24.0,25.47724676132202
208,22,17,2.5144253,40.0,42.51442527770996
212,47,17,2.5104885,40.0,42.510488510131836
219,41,17,2.5156813,40.0,42.51568126678467
203,6,17,2.506238,40.0,42.50623798370361
216,48,17,2.430932,40.0,42.43093204498291
199,43,17,1.5137054,24.0,25.513705372810364
218,24,17,1.4655645,24.0,25.465564489364624
201,43,17,1.4890459,24.0,25.48904585838318
216,5,17,1.5142077,24.0,25.51420772075653
215,4,17,1.4774774,24.0,25.477477431297302
205,44,17,2.4934897,40.0,42.49348974227905
205,43,17,2.482551,40.0,42.48255109786987
218,23,17,1.0042815,16.0,17.004281520843506
217,7,17,2.4926753,40.0,42.49267530441284
202,48,17,2.4806967,40.0,42.48069667816162
216,39,17,1.4306855,24.0,25.43068552017212
212,48,17,1.4864032,24.0,25.486403226852417
200,22,17,2.4774408,40.0,42.47744083404541
217,38,17,1.1052942,16.0,17.105294227600098
199,44,17,2.4926486,40.0,42.49264860153198
209,23,17,2.5330842,40.0,42.53308415412903
199,15,17,1.0016,16.0,17.00160002708435
205,47,17,1.4893136,24.0,25.48931360244751
201,41,17,0.9951625,16.0,16.99516248703003
214,48,17,2.5001078,40.0,42.500107765197754
204,39,17,1.498896,24.0,25.49889600276947
215,2,17,1.5034997,24.0,25.503499746322632
210,21,17,2.4916713,40.0,42.491671323776245
211,7,17,1.4871911,24.0,25.487191081047058
213,2,17,1.4798982,24.0,25.47989821434021
219,39,17,2.4838543,40.0,42.48385429382324
200,23,17,1.5652806,24.0,25.565280556678772
208,21,17,2.474884,40.0,42.474884033203125
208,20,17,2.5107217,40.0,42.5107216835022
204,4,17,1.5150713,24.0,25.515071272850037
213,4,17,1.0057383,16.0,17.005738258361816
208,15,17,2.4866254,40.0,42.48662543296814
210,20,17,2.4961405,40.0,42.496140480041504
201,39,17,0.99264896,16.0,16.99264895915985
214,47,17,2.505455,40.0,42.505455017089844
205,48,17,1.0154538,16.0,17.015453815460205
206,2,17,2.5153265,40.0,42.515326499938965
218,37,17,2.5054605,40.0,42.50546050071716
211,12,17,2.4626198,40.0,42.46261978149414
220,39,17,1.0165697,16.0,17.01656973361969
209,24,17,1.477655,24.0,25.477655053138733
213,5,17,2.462801,40.0,42.46280097961426
219,38,17,1.5086248,24.0,25.508624792099
200,24,17,2.4831457,40.0,42.48314571380615
213,6,17,2.5055327,40.0,42.50553274154663
208,12,17,2.4140053,40.0,42.414005279541016
211,48,17,2.4930134,40.0,42.49301338195801
220,15,17,1.5134479,24.0,25.513447880744934
208,2,17,2.5068717,40.0,42.506871700286865
199,20,17,2.5145955,40.0,42.51459550857544
218,38,17,2.5062938,40.0,42.50629377365112
201,38,17,2.4871187,40.0,42.4871187210083
206,5,17,1.0047792,16.0,17.00477921962738
206,4,17,1.4696176,24.0,25.46961760520935
214,44,17,1.4924991,24.0,25.492499113082886
217,48,17,2.225102,40.0,42.225101947784424
203,12,17,1.0427642,16.0,17.04276418685913
216,38,17,1.4607471,24.0,25.460747122764587
200,37,17,1.0047729,16.0,17.004772901535034
208,7,17,1.4859012,24.0,25.48590123653412
219,37,17,2.5281434,40.0,42.52814340591431
213,7,17,2.4797962,40.0,42.479796171188354
208,6,17,1.0150342,16.0,17.015034198760986
217,2,17,1.2156936,16.0,17.215693593025208
220,20,17,2.507659,40.0,42.50765895843506
214,41,17,1.007255,16.0,17.00725495815277
206,7,17,2.4876976,40.0,42.48769760131836
218,39,17,2.4736876,40.0,42.47368764877319
217,47,17,2.339146,40.0,42.33914589881897
204,38,17,1.4742908,24.0,25.47429084777832
206,6,17,2.5084872,40.0,42.50848722457886
214,43,17,2.5045214,40.0,42.50452136993408
202,24,17,2.4568763,40.0,42.456876277923584
203,39,17,1.0384423,16.0,17.038442254066467
209,37,17,0.9866259,16.0,16.986625909805298
208,4,17,2.4468777,40.0,42.4468777179718
213,12,17,2.4948716,40.0,42.494871616363525
200,38,17,2.5095153,40.0,42.50951528549194
204,5,17,1.4872036,24.0,25.48720359802246
219,24,17,1.5066649,24.0,25.506664872169495
210,15,17,2.4739604,40.0,42.473960399627686
216,6,17,1.3864906,24.0,25.3864905834198
214,39,17,1.479868,24.0,25.479868054389954
201,37,17,1.014816,16.0,17.01481604576111
204,37,17,1.0099574,16.0,17.009957432746887
211,15,17,2.4955764,40.0,42.49557638168335
220,38,17,1.5056181,24.0,25.50561809539795
199,21,17,1.4926876,24.0,25.492687582969666
211,47,17,1.0285408,16.0,17.02854084968567
199,41,17,2.4975138,40.0,42.49751377105713
202,47,17,1.0153632,16.0,17.015363216400146
216,37,17,1.2346551,16.0,17.234655141830444
204,6,17,1.5012532,24.0,25.501253247261047
213,15,17,2.4828048,40.0,42.48280477523804
209,38,17,0.9863029,16.0,16.98630291223526
211,44,17,1.0003232,16.0,17.000323176383972
203,23,17,2.4744987,40.0,42.4744987487793
220,37,17,1.4902645,24.0,25.490264534950256
206,15,17,2.4628592,40.0,42.46285915374756
218,41,17,0.9978462,16.0,16.99784618616104
214,38,17,0.9931649,16.0,16.993164896965027
206,12,17,2.3971734,40.0,42.3971734046936
201,24,17,2.5024154,40.0,42.50241541862488
211,20,17,1.0143877,16.0,17.014387726783752
200,39,17,2.4969335,40.0,42.496933460235596
207,48,17,2.533852,40.0,42.533852100372314
217,39,17,1.5167614,24.0,25.516761422157288
207,47,17,1.4898648,24.0,25.489864826202393
213,20,17,0.9901812,16.0,16.99018120765686
213,21,17,1.4815916,24.0,25.48159158229828
219,23,17,1.013595,16.0,17.01359498500824
200,41,17,1.0059862,16.0,17.005986213684082
211,43,17,2.4645534,40.0,42.464553356170654
204,24,17,1.5074455,24.0,25.507445454597473
216,7,17,2.5221524,40.0,42.52215242385864
218,43,17,1.4928355,24.0,25.492835521697998
214,24,17,1.0110258,16.0,17.01102578639984
206,22,17,2.5043797,40.0,42.504379749298096
214,37,17,1.5084468,24.0,25.5084468126297
201,23,17,2.4948707,40.0,42.49487066268921
206,20,17,1.0024751,16.0,17.002475142478943
199,39,17,1.0120065,16.0,17.012006521224976
216,24,17,1.611154,24.0,25.611153960227966
207,44,17,2.489708,40.0,42.489707946777344
213,22,17,2.555571,40.0,42.55557107925415
207,43,17,1.0128385,16.0,17.01283848285675
217,22,17,1.4491827,16.0,17.449182748794556
209,39,17,1.0005217,16.0,17.000521659851074
220,21,17,1.5516171,24.0,25.55161714553833
206,24,17,1.454708,24.0,25.454707980155945
199,22,17,1.5061953,24.0,25.506195306777954
206,23,17,2.4601521,40.0,42.46015214920044
201,22,17,1.0217965,16.0,17.021796464920044
210,7,17,2.4953923,40.0,42.49539232254028
211,21,17,1.0030806,16.0,17.00308060646057
210,12,17,1.4793805,24.0,25.47938048839569
217,6,17,2.4295695,40.0,42.429569482803345
207,41,17,0.9970609,16.0,16.997060894966125
213,23,17,2.4736178,40.0,42.47361779212952
219,22,17,2.502127,40.0,42.502126932144165
200,43,17,0.98849046,16.0,16.98849046230316
202,44,17,1.0037284,16.0,17.00372838973999
204,7,17,2.5228353,40.0,42.52283525466919
219,21,17,2.4777522,40.0,42.47775220870972
217,41,17,1.2526075,24.0,25.252607464790344
211,22,17,2.5010366,40.0,42.501036643981934
210,6,17,1.4781674,24.0,25.478167414665222
218,44,17,1.4867526,24.0,25.48675262928009
206,37,17,1.5014389,24.0,25.501438856124878
204,23,17,2.470046,40.0,42.470046043395996
202,38,17,2.5012512,40.0,42.501251220703125
214,22,17,2.5198522,40.0,42.51985216140747
214,23,17,2.4826498,40.0,42.48264980316162
209,41,17,1.4474016,24.0,25.447401642799377
213,24,17,2.5072417,40.0,42.50724172592163
207,39,17,2.5069747,40.0,42.50697469711304
207,38,17,1.4886373,24.0,25.488637328147888
200,44,17,2.4819212,40.0,42.48192119598389
211,41,17,2.506987,40.0,42.50698709487915
209,43,17,0.9766181,16.0,16.976618111133575
209,44,17,1.0501429,16.0,17.050142884254456
217,21,17,2.5077946,40.0,42.50779461860657
220,24,17,1.4768701,24.0,25.47687005996704
216,12,17,1.5566107,24.0,25.556610703468323
218,47,17,0.98517525,16.0,16.985175251960754
206,38,17,2.433583,40.0,42.43358302116394
204,22,17,1.0393883,16.0,17.039388298988342
201,21,17,1.4621263,24.0,25.4621262550354
214,21,17,1.4937887,24.0,25.493788719177246
216,23,17,1.6521523,24.0,25.65215229988098
204,12,17,1.4820961,24.0,25.482096076011658
213,37,17,2.5087008,40.0,42.50870084762573
219,20,17,2.5055819,40.0,42.505581855773926
207,37,17,1.4229858,24.0,25.422985792160034
213,38,17,0.9744737,16.0,16.97447371482849
200,47,17,1.5109943,24.0,25.5109943151474
206,39,17,2.4488401,40.0,42.44884014129639
211,39,17,2.4786296,40.0,42.47862958908081
213,41,17,1.4517075,24.0,25.45170748233795
207,23,17,1.5017991,24.0,25.5017991065979
213,39,17,2.4032018,40.0,42.40320181846619
213,43,17,2.4673562,40.0,42.46735620498657
207,22,17,2.5029514,40.0,42.5029513835907
201,2,17,1.4903457,24.0,25.49034571647644
202,43,17,0.9816744,16.0,16.981674373149872
207,21,17,0.9892723,16.0,16.98927229642868
207,24,17,0.9996697,16.0,16.999669671058655
199,38,17,2.4734898,40.0,42.47348976135254
219,15,17,1.5100753,24.0,25.510075330734253
200,48,17,2.5346644,40.0,42.53466439247131
217,4,17,2.0283895,24.0,26.02838945388794
203,38,17,2.47888,40.0,42.47887992858887
199,37,17,2.5282495,40.0,42.52824950218201
199,23,17,2.4984946,40.0,42.49849462509155
206,47,17,0.98801297,16.0,16.988012969493866
206,48,17,2.403058,40.0,42.40305805206299
214,7,17,1.485638,24.0,25.48563802242279
217,44,17,1.8330592,24.0,25.833059191703796
202,39,17,1.4756347,24.0,25.475634694099426
214,12,17,2.4770362,40.0,42.477036237716675
211,23,17,1.503361,24.0,25.503360986709595
210,5,17,2.4460068,40.0,42.446006774902344
218,48,17,1.4806161,24.0,25.480616092681885
201,15,17,1.0185401,16.0,17.018540143966675
214,15,17,1.5014756,24.0,25.50147557258606
206,41,17,1.4756588,24.0,25.475658774375916
201,20,17,1.0085237,16.0,17.00852370262146
214,20,17,2.514124,40.0,42.51412391662598
203,7,17,2.5182943,40.0,42.51829433441162
217,5,17,1.81977,24.0,25.819769978523254
211,24,17,1.0308721,16.0,17.030872106552124
204,21,17,2.5018735,40.0,42.50187349319458
216,20,17,2.4028566,40.0,42.40285658836365
207,2,17,1.0415235,16.0,17.041523456573486
219,2,17,1.4911819,24.0,25.49118185043335
201,12,17,1.4824194,24.0,25.48241937160492
210,4,17,2.4290428,40.0,42.42904281616211
209,47,17,2.496447,40.0,42.49644708633423
219,12,17,1.5002162,24.0,25.500216245651245
204,15,17,1.0095103,16.0,17.009510278701782
207,20,17,1.0261906,16.0,17.026190638542175
213,44,17,2.5056996,40.0,42.505699634552
211,38,17,0.99823195,16.0,16.998231947422028
220,22,17,1.5078065,24.0,25.507806539535522
209,48,17,1.0553331,16.0,17.055333137512207
203,24,17,1.4790626,24.0,25.47906255722046
201,7,17,2.5145757,40.0,42.514575719833374
207,5,17,2.443122,40.0,42.443121910095215
216,21,17,2.1024108,40.0,42.10241079330444
214,5,17,2.4846559,40.0,42.48465585708618
219,4,17,1.5036108,24.0,25.503610849380493
214,6,17,1.0026464,16.0,17.002646446228027
207,4,17,1.5110755,24.0,25.511075496673584
204,20,17,1.4986186,24.0,25.498618602752686
201,4,17,2.5122852,40.0,42.512285232543945
213,47,17,1.4370122,24.0,25.437012195587158
207,15,17,2.4861217,40.0,42.4861216545105
216,22,17,1.5814683,16.0,17.58146834373474
207,12,17,1.5121129,24.0,25.512112855911255
219,7,17,2.5316443,40.0,42.531644344329834
220,44,17,2.493605,40.0,42.49360489845276
210,41,17,2.484182,40.0,42.48418188095093
203,44,17,2.49752,40.0,42.497519969940186
209,4,17,2.49492,40.0,42.49492001533508
212,21,17,1.5091587,24.0,25.509158730506897
216,44,17,2.332879,40.0,42.332879066467285
212,22,17,2.4971867,40.0,42.4971866607666
220,2,17,2.5109918,40.0,42.51099181175232
200,6,17,1.5146288,24.0,25.514628767967224
216,47,17,1.407646,24.0,25.40764594078064
220,5,17,1.505386,24.0,25.505385994911194
209,5,17,1.5431389,24.0,25.54313886165619
212,20,17,2.4903283,40.0,42.490328311920166
220,4,17,1.4819322,24.0,25.481932163238525
200,4,17,1.044194,16.0,17.044193983078003
212,12,17,2.391532,40.0,42.3915319442749
205,4,17,1.502206,24.0,25.502205967903137
215,41,17,1.4871728,24.0,25.487172842025757
218,5,17,1.142309,16.0,17.142308950424194
202,20,17,0.96692806,16.0,16.96692806482315
217,15,17,2.3392825,40.0,42.339282512664795
209,7,17,2.4932914,40.0,42.49329137802124
203,4,17,2.49501,40.0,42.495009899139404
209,6,17,2.5241194,40.0,42.52411937713623
200,2,17,2.5168827,40.0,42.51688265800476
212,15,17,1.4885463,24.0,25.48854625225067
203,43,17,1.4733461,24.0,25.47334611415863
199,4,17,1.4883827,24.0,25.488382697105408
210,43,17,1.4728905,24.0,25.472890496253967
220,48,17,1.4912945,24.0,25.491294503211975
210,43,18,1.476012,25.5,26.976011991500854
210,44,18,2.4682002,42.5,44.96820020675659
203,43,18,1.4785475,25.5,26.97854745388031
212,15,18,1.4894557,25.5,26.989455699920654
200,2,18,2.529588,42.5,45.02958798408508
209,6,18,2.5165377,42.5,45.0165376663208
203,4,18,2.5091376,42.5,45.00913763046265
209,7,18,2.505929,42.5,45.0059289932251
217,15,18,2.4273722,42.5,44.927372217178345
202,20,18,0.9639687,17.0,17.963968694210052
215,41,18,1.4920964,25.5,26.992096424102783
205,4,18,1.5030174,25.5,27.00301742553711
204,48,18,1.4906051,25.5,26.990605115890503
215,44,18,1.4871849,25.5,26.987184882164
205,2,18,1.4874219,25.5,26.98742187023163
199,4,18,1.4850587,25.5,26.985058665275574
220,47,18,1.4957784,25.5,26.995778441429138
209,48,18,1.0010357,17.0,18.001035690307617
199,24,18,1.4859246,25.5,26.98592460155487
211,37,18,1.0323629,17.0,18.032362937927246
214,4,18,0.9955033,17.0,17.995503306388855
207,6,18,0.9780745,17.0,17.978074491024017
216,21,18,2.4630542,42.5,44.963054180145264
202,41,18,1.5136244,25.5,27.01362442970276
201,6,18,1.5386907,25.5,27.03869068622589
220,23,18,1.5141821,25.5,27.014182090759277
203,7,18,2.5153112,42.5,45.0153112411499
201,5,18,2.4977708,42.5,44.9977707862854
213,48,18,2.4407563,42.5,44.94075632095337
217,43,18,2.5093951,42.5,45.009395122528076
207,7,18,1.457724,25.5,26.95772397518158
219,6,18,1.4905484,25.5,26.990548372268677
214,2,18,1.4872925,25.5,26.987292528152466
210,2,18,2.501658,42.5,45.00165796279907
203,24,18,1.5292544,25.5,27.02925443649292
201,7,18,2.5115943,42.5,45.01159429550171
207,5,18,2.437282,42.5,44.9372820854187
207,4,18,1.5081187,25.5,27.008118748664856
214,5,18,2.487444,42.5,44.987443923950195
219,4,18,1.5047191,25.5,27.004719138145447
214,6,18,0.9885102,17.0,17.988510191440582
211,38,18,1.0003406,17.0,18.000340580940247
216,22,18,1.0115775,17.0,18.011577486991882
204,20,18,1.4953741,25.5,26.995374083518982
201,4,18,2.5183501,42.5,45.01835012435913
213,47,18,1.4182013,25.5,26.918201327323914
207,15,18,2.5004296,42.5,45.00042963027954
207,12,18,1.5093765,25.5,27.009376525878906
219,7,18,2.5272586,42.5,45.02725863456726
217,5,18,1.5591011,25.5,27.059101104736328
204,21,18,2.4994226,42.5,44.999422550201416
216,20,18,2.4971828,42.5,44.997182846069336
207,2,18,1.0449654,17.0,18.044965386390686
219,2,18,1.4899973,25.5,26.989997267723083
201,12,18,1.4850214,25.5,26.985021352767944
214,7,18,1.4854805,25.5,26.985480546951294
211,24,18,1.0305097,17.0,18.03050971031189
211,39,18,2.4789045,42.5,44.978904485702515
209,47,18,2.4944408,42.5,44.99444079399109
219,12,18,1.4975702,25.5,26.997570157051086
204,15,18,1.0037323,17.0,18.003732323646545
207,20,18,1.051947,17.0,18.051946997642517
213,44,18,2.4905152,42.5,44.99051523208618
220,22,18,1.5037801,25.5,27.003780126571655
199,37,18,2.5192776,42.5,45.019277572631836
210,4,18,2.4296622,42.5,44.929662227630615
199,23,18,2.509047,42.5,45.00904703140259
206,47,18,1.0001082,17.0,18.000108242034912
206,48,18,2.3974786,42.5,44.89747858047485
217,44,18,1.9247671,25.5,27.42476713657379
202,39,18,1.4737666,25.5,26.973766565322876
214,12,18,2.4681213,42.5,44.96812129020691
211,23,18,1.5019579,25.5,27.001957893371582
210,5,18,2.445152,42.5,44.945152044296265
218,48,18,1.4783493,25.5,26.978349328041077
201,15,18,1.0891954,17.0,18.089195370674133
214,15,18,1.5031575,25.5,27.00315749645233
206,41,18,1.4629002,25.5,26.962900161743164
201,20,18,1.0107528,17.0,18.01075279712677
214,20,18,2.5073733,42.5,45.007373332977295
206,39,18,2.449699,42.5,44.94969892501831
213,41,18,1.4543364,25.5,26.954336404800415
207,23,18,1.5205754,25.5,27.020575404167175
213,43,18,2.4642427,42.5,44.964242696762085
207,22,18,2.496377,42.5,44.99637699127197
201,2,18,1.491481,25.5,26.991480946540833
202,43,18,0.9879309,17.0,17.98793089389801
207,21,18,1.0064175,17.0,18.006417512893677
207,24,18,1.0072355,17.0,18.007235527038574
199,38,18,2.4782147,42.5,44.978214740753174
203,37,18,1.4836419,25.5,26.983641862869263
219,15,18,1.5126784,25.5,27.012678384780884
200,48,18,2.5140676,42.5,45.01406764984131
213,39,18,2.431763,42.5,44.93176293373108
217,4,18,2.005612,25.5,27.505611896514893
203,38,18,2.4844751,42.5,44.98447513580322
209,44,18,1.0311742,17.0,18.031174182891846
217,21,18,2.429269,42.5,44.92926907539368
220,24,18,1.4744865,25.5,26.974486470222473
216,12,18,1.4846838,25.5,26.984683752059937
218,47,18,0.98904353,17.0,17.989043533802032
206,38,18,2.428329,42.5,44.92832899093628
204,22,18,1.0311095,17.0,18.03110945224762
201,21,18,1.4640166,25.5,26.964016556739807
214,21,18,1.5061135,25.5,27.006113529205322
216,23,18,1.3066193,25.5,26.80661928653717
204,12,18,1.4849218,25.5,26.98492181301117
213,37,18,2.4887426,42.5,44.98874258995056
219,20,18,2.5059593,42.5,45.005959272384644
207,37,18,1.4254022,25.5,26.92540216445923
200,47,18,1.4811953,25.5,26.981195330619812
213,38,18,0.99713904,17.0,17.997139036655426
217,41,18,1.1636438,25.5,26.663643836975098
211,22,18,2.5121093,42.5,45.01210927963257
210,6,18,1.4861473,25.5,26.98614728450775
218,44,18,1.491423,25.5,26.99142301082611
206,37,18,1.3786048,25.5,26.878604769706726
204,23,18,2.4901216,42.5,44.990121603012085
202,38,18,2.500614,42.5,45.00061392784119
214,22,18,2.5042825,42.5,45.00428247451782
214,23,18,2.4922547,42.5,44.99225473403931
209,41,18,1.4460214,25.5,26.94602143764496
213,24,18,2.5002608,42.5,45.00026082992554
207,39,18,2.5146961,42.5,45.01469612121582
207,38,18,1.493433,25.5,26.993432998657227
200,44,18,2.4821897,42.5,44.982189655303955
211,41,18,2.5045578,42.5,45.004557847976685
209,43,18,1.0228238,17.0,18.022823810577393
220,21,18,1.5527452,25.5,27.05274522304535
206,24,18,1.444802,25.5,26.944802045822144
199,22,18,1.5054224,25.5,27.005422353744507
206,23,18,2.4605246,42.5,44.960524559020996
201,22,18,1.0203645,17.0,18.02036452293396
210,7,18,2.4947116,42.5,44.99471163749695
211,21,18,1.0109806,17.0,18.0109806060791
210,12,18,1.4812312,25.5,26.981231212615967
217,6,18,2.4483526,42.5,44.948352575302124
209,39,18,0.9926872,17.0,17.992687225341797
207,41,18,1.1092868,17.0,18.109286785125732
219,22,18,2.4999723,42.5,44.999972343444824
200,43,18,0.98371685,17.0,17.98371684551239
202,44,18,0.97767687,17.0,17.97767686843872
204,7,18,2.5239859,42.5,45.023985862731934
219,21,18,2.482727,42.5,44.98272705078125
211,43,18,2.5078206,42.5,45.00782060623169
204,24,18,1.5452527,25.5,27.045252680778503
216,7,18,2.519617,42.5,45.01961708068848
218,43,18,1.499988,25.5,26.999987959861755
214,24,18,1.0247108,17.0,18.024710774421692
206,22,18,2.5197818,42.5,45.019781827926636
201,23,18,2.4925845,42.5,44.992584466934204
214,37,18,1.4987628,25.5,26.998762845993042
206,20,18,0.9815198,17.0,17.98151981830597
200,41,18,1.0092723,17.0,18.00927233695984
199,39,18,1.017956,17.0,18.017956018447876
211,44,18,0.99489844,17.0,17.994898438453674
216,24,18,1.531435,25.5,27.031435012817383
207,44,18,2.484551,42.5,44.98455095291138
213,22,18,2.5339062,42.5,45.03390622138977
213,23,18,2.4559205,42.5,44.955920457839966
207,43,18,1.0198262,17.0,18.01982617378235
217,22,18,1.5158235,17.0,18.515823483467102
203,23,18,2.496072,42.5,44.9960720539093
220,37,18,1.493965,25.5,26.99396502971649
206,15,18,2.4548872,42.5,44.95488715171814
218,41,18,0.9997673,17.0,17.999767303466797
217,47,18,2.5004272,42.5,45.00042724609375
214,38,18,1.0019438,17.0,18.001943826675415
206,12,18,2.3854225,42.5,44.885422468185425
201,24,18,2.4998732,42.5,44.99987316131592
220,20,18,2.5062637,42.5,45.006263732910156
200,39,18,2.519508,42.5,45.01950788497925
207,48,18,2.5286508,42.5,45.028650760650635
217,39,18,1.4300823,25.5,26.930082321166992
213,21,18,1.5013105,25.5,27.00131046772003
207,47,18,1.4923016,25.5,26.9923015832901
213,20,18,0.9931679,17.0,17.993167877197266
219,23,18,1.0346582,17.0,18.034658193588257
211,20,18,1.0199698,17.0,18.019969820976257
210,15,18,2.478281,42.5,44.978281021118164
216,6,18,1.4845108,25.5,26.9845107793808
214,39,18,1.4890946,25.5,26.989094614982605
201,37,18,1.0179083,17.0,18.017908334732056
204,37,18,1.002017,17.0,18.0020170211792
220,38,18,1.5057014,25.5,27.005701422691345
199,21,18,1.4801434,25.5,26.980143427848816
199,41,18,2.5135894,42.5,45.01358938217163
211,47,18,1.038212,17.0,18.038211941719055
202,47,18,0.9792882,17.0,17.97928822040558
216,37,18,1.0097398,17.0,18.009739756584167
204,6,18,1.49709,25.5,26.997089982032776
213,15,18,2.489924,42.5,44.98992395401001
209,38,18,1.0119765,17.0,18.01197648048401
211,15,18,2.5008175,42.5,45.00081753730774
214,41,18,1.012204,17.0,18.01220405101776
206,7,18,2.4872246,42.5,44.98722457885742
218,39,18,2.467946,42.5,44.96794605255127
204,38,18,1.4763668,25.5,26.976366758346558
206,6,18,2.4955418,42.5,44.99554181098938
206,5,18,1.0029097,17.0,18.002909660339355
214,43,18,2.503199,42.5,45.003199100494385
217,2,18,1.323275,17.0,18.323274970054626
203,39,18,1.0431037,17.0,18.04310369491577
209,37,18,1.0186166,17.0,18.018616557121277
204,5,18,1.5013176,25.5,27.001317620277405
208,2,18,2.5072424,42.5,45.00724244117737
200,38,18,2.4856837,42.5,44.98568367958069
213,12,18,2.4772294,42.5,44.97722935676575
219,24,18,1.5102383,25.5,27.01023828983307
202,24,18,2.458786,42.5,44.95878601074219
199,20,18,2.5128117,42.5,45.0128116607666
203,22,18,1.0186892,17.0,18.018689155578613
218,38,18,2.5074651,42.5,45.00746512413025
201,38,18,2.4809031,42.5,44.98090314865112
206,4,18,1.4719304,25.5,26.971930384635925
214,44,18,1.4966704,25.5,26.996670365333557
217,48,18,2.4107618,42.5,44.91076183319092
220,15,18,1.5131334,25.5,27.0131334066391
211,48,18,2.5036335,42.5,45.00363349914551
216,38,18,1.4834645,25.5,26.98346447944641
200,37,18,1.0071855,17.0,18.007185459136963
208,7,18,1.4936894,25.5,26.99368941783905
219,37,18,2.5256252,42.5,45.025625228881836
208,4,18,2.4947124,42.5,44.994712352752686
213,7,18,2.5409093,42.5,45.04090929031372
208,6,18,1.0169979,17.0,18.016997933387756
203,12,18,1.0773313,17.0,18.07733130455017
210,20,18,2.4851646,42.5,44.985164642333984
218,37,18,2.5013337,42.5,45.001333713531494
201,39,18,0.9960816,17.0,17.996081590652466
214,47,18,2.5032449,42.5,45.00324487686157
205,48,18,1.0114554,17.0,18.011455416679382
206,2,18,2.5081253,42.5,45.00812530517578
211,12,18,2.4691398,42.5,44.96913981437683
199,43,18,1.5149786,25.5,27.014978647232056
212,2,18,2.4995143,42.5,44.99951434135437
209,24,18,1.4484509,25.5,26.948450922966003
219,38,18,1.5125158,25.5,27.012515783309937
200,24,18,2.4830403,42.5,44.98304033279419
213,5,18,2.4477437,42.5,44.9477436542511
213,6,18,2.4991755,42.5,44.99917554855347
208,12,18,2.484828,42.5,44.98482799530029
220,39,18,1.0265293,17.0,18.02652931213379
199,15,18,1.0097731,17.0,18.00977313518524
205,47,18,1.4860107,25.5,26.986010670661926
201,41,18,1.0022106,17.0,18.00221061706543
214,48,18,2.5241632,42.5,45.024163246154785
204,39,18,1.498125,25.5,26.998124957084656
215,2,18,1.5027075,25.5,27.002707481384277
210,21,18,2.488336,42.5,44.98833608627319
219,39,18,2.5145407,42.5,45.014540672302246
200,23,18,1.5659486,25.5,27.065948605537415
213,2,18,1.4720271,25.5,26.97202706336975
213,4,18,1.0158166,17.0,18.015816569328308
208,20,18,2.505193,42.5,45.00519299507141
204,4,18,1.5152041,25.5,27.015204071998596
208,15,18,2.4857326,42.5,44.985732555389404
211,7,18,1.4837197,25.5,26.98371970653534
218,24,18,1.52683,25.5,27.026829957962036
201,43,18,1.4871203,25.5,26.987120270729065
216,5,18,1.4871601,25.5,26.987160086631775
215,4,18,1.4810256,25.5,26.98102557659149
205,44,18,2.5009003,42.5,45.00090026855469
205,43,18,2.4772468,42.5,44.97724676132202
218,23,18,1.0763061,17.0,18.076306104660034
202,48,18,2.5213373,42.5,45.021337270736694
216,39,18,1.4936966,25.5,26.993696570396423
212,48,18,1.4718121,25.5,26.97181212902069
208,21,18,2.4806802,42.5,44.98068022727966
200,22,18,2.4720206,42.5,44.972020626068115
217,38,18,1.2591635,17.0,18.25916349887848
199,44,18,2.4974322,42.5,44.997432231903076
209,23,18,2.5416408,42.5,45.041640758514404
217,7,18,2.621041,42.5,45.12104105949402
210,22,18,2.4953508,42.5,44.99535083770752
204,41,18,2.489932,42.5,44.9899320602417
218,2,18,1.4996263,25.5,26.99962627887726
215,5,18,0.9720221,17.0,17.972022116184235
201,44,18,1.4757853,25.5,26.97578525543213
205,41,18,2.5125017,42.5,45.01250171661377
216,4,18,1.5171394,25.5,27.017139434814453
216,41,18,2.4987931,42.5,44.99879312515259
209,22,18,2.504832,42.5,45.00483202934265
212,4,18,1.5006676,25.5,27.000667572021484
208,22,18,2.5117235,42.5,45.01172351837158
219,41,18,2.51348,42.5,45.01347994804382
203,6,18,2.504899,42.5,45.00489902496338
216,48,18,2.4874985,42.5,44.98749852180481
220,12,18,2.5168402,42.5,45.01684021949768
211,6,18,1.5012962,25.5,27.001296162605286
210,23,18,1.4968355,25.5,26.996835470199585
205,39,18,2.4751954,42.5,44.97519540786743
215,6,18,2.522828,42.5,45.022828102111816
216,2,18,1.0071645,17.0,18.007164478302002
218,22,18,1.0000476,17.0,18.00004756450653
205,38,18,2.493349,42.5,44.99334907531738
215,7,18,2.5173478,42.5,45.01734781265259
212,43,18,2.506699,42.5,45.006699085235596
220,7,18,1.4909322,25.5,26.99093222618103
212,44,18,2.4917207,42.5,44.99172067642212
208,24,18,1.0099939,17.0,18.00999391078949
219,43,18,1.0008385,17.0,18.0008385181427
204,2,18,2.5019917,42.5,45.001991748809814
212,47,18,2.5077682,42.5,45.00776815414429
200,21,18,1.0141654,17.0,18.01416540145874
208,23,18,1.5037062,25.5,27.003706216812134
202,23,18,1.1224241,17.0,18.122424125671387
220,41,18,1.019148,17.0,18.019147992134094
199,12,18,2.5373664,42.5,45.03736639022827
201,48,18,1.4815906,25.5,26.981590628623962
205,37,18,1.0175459,17.0,18.01754593849182
218,21,18,1.022665,17.0,18.02266502380371
215,12,18,2.5047414,42.5,45.00474143028259
205,24,18,1.5174509,25.5,27.01745092868805
211,5,18,2.504213,42.5,45.004213094711304
210,24,18,2.3773658,42.5,44.877365827560425
202,2,18,2.510066,42.5,45.01006603240967
215,15,18,1.4885935,25.5,26.988593459129333
202,4,18,1.0313699,17.0,18.031369924545288
215,20,18,1.0915974,17.0,18.09159743785858
205,23,18,1.0283415,17.0,18.02834153175354
209,21,18,1.020981,17.0,18.020980954170227
212,5,18,2.4707394,42.5,44.97073936462402
219,44,18,2.5005467,42.5,45.00054669380188
200,20,18,2.4940753,42.5,44.994075298309326
208,38,18,0.99784636,17.0,17.997846364974976
212,41,18,0.9951737,17.0,17.995173692703247
208,37,18,2.5171247,42.5,45.01712465286255
217,20,18,1.5421156,17.0,18.542115569114685
203,21,18,2.477376,42.5,44.977375984191895
215,48,18,1.0000957,17.0,18.00009572505951
218,20,18,1.4858173,25.5,26.985817313194275
215,21,18,1.0185802,17.0,18.018580198287964
205,22,18,2.517136,42.5,45.017136096954346
204,43,18,1.4878029,25.5,26.987802863121033
210,37,18,1.4711202,25.5,26.971120238304138
219,47,18,1.4901718,25.5,26.990171790122986
199,47,18,2.5046413,42.5,45.00464129447937
209,20,18,2.5020912,42.5,45.0020911693573
216,43,18,1.4639193,25.5,26.963919281959534
203,48,18,2.4319215,42.5,44.93192148208618
208,39,18,2.487159,42.5,44.98715901374817
217,23,18,1.2210792,17.0,18.221079230308533
203,5,18,0.98694885,17.0,17.98694884777069
220,43,18,1.5010979,25.5,27.001097917556763
199,7,18,1.5081434,25.5,27.008143424987793
211,4,18,2.4944708,42.5,44.994470834732056
215,22,18,2.5234623,42.5,45.02346229553223
205,21,18,1.5045431,25.5,27.00454306602478
218,15,18,2.4821053,42.5,44.98210525512695
202,5,18,1.5031754,25.5,27.003175377845764
202,22,18,2.505136,42.5,45.005136013031006
204,44,18,1.495462,25.5,26.99546194076538
212,6,18,2.51138,42.5,45.0113799571991
208,43,18,2.4715505,42.5,44.97155046463013
200,12,18,1.0156462,17.0,18.01564621925354
200,15,18,1.5226787,25.5,27.02267873287201
212,38,18,1.0020354,17.0,18.00203537940979
212,39,18,2.4560652,42.5,44.95606517791748
208,41,18,2.5171666,42.5,45.01716661453247
208,47,18,1.4857649,25.5,26.985764861106873
220,6,18,2.5139673,42.5,45.01396727561951
212,37,18,1.4639693,25.5,26.963969349861145
208,44,18,2.494811,42.5,44.994811058044434
219,48,18,1.4974477,25.5,26.997447729110718
217,37,18,1.8560221,25.5,27.356022119522095
203,2,18,1.4936657,25.5,26.99366569519043
212,7,18,2.5194287,42.5,45.019428730010986
209,15,18,1.4779857,25.5,26.977985739707947
205,20,18,1.5081935,25.5,27.008193492889404
203,20,18,2.4909818,42.5,44.99098181724548
215,23,18,1.4974854,25.5,26.997485399246216
218,4,18,1.4936388,25.5,26.99363875389099
215,24,18,2.5285187,42.5,45.02851867675781
205,15,18,1.5115904,25.5,27.011590361595154
217,12,18,1.3688259,25.5,26.868825912475586
210,38,18,1.4900445,25.5,26.990044474601746
205,12,18,1.0433023,17.0,18.043302297592163
218,12,18,2.5167193,42.5,45.016719341278076
202,6,18,1.4953821,25.5,26.995382070541382
202,7,18,1.4836538,25.5,26.983653783798218
215,47,18,1.4834017,25.5,26.983401656150818
202,12,18,1.4779885,25.5,26.977988481521606
205,7,18,2.5244222,42.5,45.02442216873169
209,12,18,1.1020218,17.0,18.10202181339264
203,47,18,2.499649,42.5,44.99964904785156
208,48,18,1.0022398,17.0,18.00223982334137
212,23,18,1.5083929,25.5,27.008392930030823
217,24,18,1.5181774,25.5,27.018177390098572
212,24,18,2.4402447,42.5,44.94024467468262
200,7,18,1.4857458,25.5,26.985745787620544
215,37,18,0.99958956,17.0,17.999589562416077
199,6,18,1.0197874,17.0,18.019787430763245
211,2,18,2.5074563,42.5,45.00745630264282
210,39,18,1.4767159,25.5,26.976715922355652
215,38,18,2.5114307,42.5,45.011430740356445
205,6,18,2.5028052,42.5,45.00280523300171
218,7,18,2.5174131,42.5,45.01741313934326
210,48,18,2.4683347,42.5,44.968334674835205
220,44,18,2.4913414,42.5,44.99134135246277
203,44,18,2.4942636,42.5,44.994263648986816
209,4,18,2.4896526,42.5,44.98965263366699
212,21,18,1.5246146,25.5,27.024614572525024
212,22,18,2.4909847,42.5,44.99098467826843
209,2,18,2.4919174,42.5,44.99191737174988
220,2,18,2.5103474,42.5,45.01034736633301
200,6,18,1.5042584,25.5,27.004258394241333
216,47,18,1.4761102,25.5,26.976110219955444
220,5,18,1.5116261,25.5,27.01162612438202
200,4,18,1.0294633,17.0,18.029463291168213
209,5,18,1.5427089,25.5,27.04270887374878
212,20,18,2.4859977,42.5,44.985997676849365
220,4,18,1.4823898,25.5,26.98238980770111
199,48,18,1.0157815,17.0,18.01578152179718
212,12,18,2.3839471,42.5,44.883947134017944
203,41,18,2.495284,42.5,44.99528408050537
216,44,18,2.4775102,42.5,44.97751021385193
202,21,18,1.5363266,25.5,27.03632664680481
202,15,18,1.5039235,25.5,27.003923535346985
205,5,18,2.4656727,42.5,44.965672731399536
204,47,18,1.4932086,25.5,26.993208646774292
215,39,18,1.0039282,17.0,18.003928184509277
218,6,18,2.5128257,42.5,45.01282572746277
210,41,18,2.4893417,42.5,44.989341735839844
210,47,18,1.474263,25.5,26.974262952804565
218,5,18,0.99197626,17.0,17.991976261138916
203,15,18,1.4983691,25.5,26.998369097709656
220,48,18,1.4866554,25.5,26.986655354499817
199,5,18,2.4564857,42.5,44.956485748291016
199,2,18,1.587553,25.5,27.087553024291992
215,44,19,1.4847214,27.0,28.484721422195435
212,15,19,1.4807482,27.0,28.480748176574707
203,43,19,1.481844,27.0,28.481843948364258
216,6,19,1.4813231,27.0,28.48132312297821
199,20,19,2.5131273,45.0,47.51312732696533
210,15,19,2.470447,45.0,47.470447063446045
204,37,19,0.9966389,18.0,18.996638894081116
201,37,19,1.1470232,18.0,19.14702320098877
219,39,19,2.5322008,45.0,47.53220081329346
220,12,19,2.511145,45.0,47.51114511489868
211,20,19,1.0205728,18.0,19.020572781562805
201,24,19,2.4965973,45.0,47.49659729003906
204,4,19,1.5169955,27.0,28.516995549201965
213,2,19,1.4789114,27.0,28.47891139984131
208,20,19,2.5031948,45.0,47.50319480895996
213,4,19,1.0007439,18.0,19.000743865966797
200,47,19,1.4955496,27.0,28.4955495595932
207,23,19,1.5185211,27.0,28.518521070480347
213,41,19,1.4506279,27.0,28.45062792301178
210,41,19,2.4846942,45.0,47.48469424247742
218,6,19,2.512035,45.0,47.51203489303589
215,39,19,1.001881,18.0,19.001881003379822
220,5,19,1.5140789,27.0,28.514078855514526
209,7,19,2.5037065,45.0,47.50370645523071
203,4,19,2.5083814,45.0,47.508381366729736
209,6,19,2.5148096,45.0,47.51480960845947
200,2,19,2.4502997,45.0,47.45029973983765
199,2,19,1.5251089,27.0,28.52510893344879
203,15,19,1.4922796,27.0,28.492279648780823
199,4,19,1.4884593,27.0,28.48845934867859
199,5,19,2.4604347,45.0,47.460434675216675
205,2,19,1.5785604,27.0,28.57856035232544
216,23,19,1.3484495,27.0,28.34844946861267
220,21,19,1.5528859,27.0,28.55288589000702
209,43,19,0.99998397,18.0,18.999983966350555
210,48,19,2.4707198,45.0,47.47071981430054
218,7,19,2.5143013,45.0,47.51430130004883
205,6,19,2.5004544,45.0,47.50045442581177
215,38,19,2.5051627,45.0,47.505162715911865
202,21,19,1.5431417,27.0,28.543141722679138
220,44,19,2.4910276,45.0,47.49102759361267
220,4,19,1.484605,27.0,28.484604954719543
199,37,19,2.5175335,45.0,47.51753354072571
209,44,19,1.053807,18.0,19.053807020187378
203,38,19,2.4792547,45.0,47.479254722595215
202,43,19,1.0085022,18.0,19.00850224494934
204,15,19,1.0124813,18.0,19.012481331825256
207,22,19,2.4992354,45.0,47.49923539161682
203,44,19,2.499076,45.0,47.4990758895874
216,44,19,2.4820457,45.0,47.48204565048218
212,12,19,2.3857732,45.0,47.38577318191528
199,48,19,1.014216,18.0,19.01421594619751
219,12,19,1.5010787,27.0,28.501078724861145
201,2,19,1.5052401,27.0,28.505240082740784
209,47,19,2.4955869,45.0,47.49558687210083
211,41,19,2.5106406,45.0,47.5106406211853
200,44,19,2.4949265,45.0,47.49492645263672
207,38,19,1.5090661,27.0,28.509066104888916
220,22,19,1.5188553,27.0,28.518855333328247
213,43,19,2.5005722,45.0,47.500572204589844
211,39,19,2.4725816,45.0,47.47258162498474
207,21,19,1.0079229,18.0,19.007922887802124
213,37,19,2.5023565,45.0,47.50235652923584
204,12,19,1.4908779,27.0,28.490877866744995
211,38,19,1.0056531,18.0,19.005653142929077
207,39,19,2.5152693,45.0,47.51526927947998
213,24,19,2.5131397,45.0,47.513139724731445
209,41,19,1.4846667,27.0,28.48466670513153
205,12,19,1.0318394,18.0,19.03183937072754
210,38,19,1.4869347,27.0,28.486934661865234
202,12,19,1.4832308,27.0,28.48323082923889
215,47,19,1.4874196,27.0,28.487419605255127
220,2,19,2.5054648,45.0,47.50546479225159
209,2,19,2.4842987,45.0,47.48429870605469
212,22,19,2.5019357,45.0,47.501935720443726
210,39,19,1.4774964,27.0,28.47749638557434
199,6,19,1.0205867,18.0,19.020586729049683
215,37,19,0.99513984,18.0,18.995139837265015
205,7,19,2.5246148,45.0,47.5246148109436
209,4,19,2.4893935,45.0,47.48939347267151
219,21,19,2.4630451,45.0,47.46304512023926
204,7,19,2.5203495,45.0,47.52034950256348
202,44,19,0.9838722,18.0,18.983872175216675
203,20,19,2.4915187,45.0,47.49151873588562
217,12,19,1.4436898,27.0,28.443689823150635
215,24,19,2.5091925,45.0,47.50919246673584
216,47,19,1.4748461,27.0,28.474846124649048
203,41,19,2.4970765,45.0,47.49707651138306
200,6,19,1.5152614,27.0,28.51526141166687
202,7,19,1.48306,27.0,28.483060002326965
218,12,19,2.516284,45.0,47.51628398895264
207,20,19,1.0515028,18.0,19.05150282382965
213,44,19,2.4960198,45.0,47.49601984024048
201,4,19,2.5144577,45.0,47.51445770263672
204,20,19,1.4913619,27.0,28.49136185646057
216,22,19,1.0163124,18.0,19.01631236076355
207,7,19,1.4607629,27.0,28.460762858390808
217,43,19,2.4183867,45.0,47.418386697769165
211,4,19,2.5040367,45.0,47.50403666496277
205,20,19,1.5086428,27.0,28.50864279270172
208,48,19,1.0048593,18.0,19.00485932826996
217,24,19,1.7780937,27.0,28.778093695640564
209,12,19,0.99648726,18.0,18.996487259864807
218,4,19,1.4926771,27.0,28.492677092552185
215,23,19,1.4934233,27.0,28.493423342704773
205,15,19,1.4929559,27.0,28.492955923080444
207,12,19,1.5098805,27.0,28.509880542755127
207,15,19,2.5067248,45.0,47.50672483444214
213,47,19,1.4107828,27.0,28.41078281402588
203,7,19,2.515707,45.0,47.51570701599121
219,7,19,2.5245256,45.0,47.52452564239502
211,43,19,2.5074735,45.0,47.50747346878052
217,22,19,1.4899853,18.0,19.48998534679413
207,41,19,0.99331474,18.0,18.993314743041992
216,21,19,2.466234,45.0,47.46623396873474
202,22,19,2.5011506,45.0,47.501150608062744
202,5,19,1.5052899,27.0,28.505289912223816
218,15,19,2.4994135,45.0,47.49941349029541
212,24,19,2.43557,45.0,47.43557000160217
212,23,19,1.4939334,27.0,28.49393343925476
208,47,19,1.4725164,27.0,28.472516417503357
211,2,19,2.5044327,45.0,47.504432678222656
210,37,19,1.4736074,27.0,28.473607420921326
213,48,19,2.445671,45.0,47.44567108154297
201,5,19,2.49361,45.0,47.49360990524292
200,43,19,0.9769568,18.0,18.97695678472519
209,39,19,0.9916078,18.0,18.991607785224915
219,6,19,1.502045,27.0,28.502045035362244
213,22,19,2.5293212,45.0,47.52932119369507
219,22,19,2.5105462,45.0,47.51054620742798
220,23,19,1.5149679,27.0,28.514967918395996
211,37,19,1.0108299,18.0,19.01082992553711
202,4,19,1.0286173,18.0,19.02861726284027
215,21,19,1.0052662,18.0,19.005266189575195
205,21,19,1.4839783,27.0,28.483978271484375
215,22,19,2.5178924,45.0,47.517892360687256
220,6,19,2.510737,45.0,47.51073694229126
212,7,19,2.5165777,45.0,47.51657772064209
204,44,19,1.5061097,27.0,28.506109714508057
202,41,19,1.514603,27.0,28.51460301876068
199,24,19,1.4847484,27.0,28.484748363494873
209,48,19,1.0038224,18.0,19.003822445869446
214,2,19,1.4724435,27.0,28.472443461418152
217,2,19,1.3980589,18.0,19.398058891296387
208,44,19,2.491613,45.0,47.491612911224365
199,7,19,1.5069566,27.0,28.506956577301025
220,43,19,1.5003601,27.0,28.500360131263733
204,43,19,1.4889352,27.0,28.488935232162476
205,22,19,2.5153189,45.0,47.515318870544434
201,6,19,1.5394765,27.0,28.53947651386261
207,4,19,1.512008,27.0,28.51200795173645
207,5,19,2.4340327,45.0,47.434032678604126
201,7,19,2.5108337,45.0,47.510833740234375
207,43,19,1.0182263,18.0,19.018226265907288
207,44,19,2.4885397,45.0,47.488539695739746
216,24,19,1.5272083,27.0,28.52720832824707
207,6,19,0.97722286,18.0,18.977222859859467
214,4,19,0.9961494,18.0,18.99614942073822
213,23,19,2.4548283,45.0,47.4548282623291
204,6,19,1.5025448,27.0,28.50254476070404
212,6,19,2.507769,45.0,47.5077691078186
209,15,19,1.4805707,27.0,28.480570673942566
218,20,19,1.4858,27.0,28.48580002784729
214,6,19,1.002217,18.0,19.002217054367065
219,4,19,1.507968,27.0,28.507967948913574
214,5,19,2.4816027,45.0,47.48160266876221
203,6,19,2.5044062,45.0,47.504406213760376
211,44,19,1.0020006,18.0,19.00200057029724
199,39,19,1.013062,18.0,19.013062000274658
219,23,19,1.0195708,18.0,19.01957082748413
210,2,19,2.4970717,45.0,47.497071743011475
217,5,19,1.5453575,27.0,28.54535746574402
215,48,19,1.000912,18.0,19.000911951065063
203,2,19,1.4818558,27.0,28.481855750083923
219,48,19,1.4884987,27.0,28.48849868774414
200,7,19,1.4923886,27.0,28.492388606071472
219,2,19,1.4920124,27.0,28.49201238155365
207,2,19,1.039464,18.0,19.039463996887207
216,20,19,2.4963324,45.0,47.49633240699768
210,24,19,2.3598566,45.0,47.359856605529785
211,5,19,2.4624836,45.0,47.462483644485474
219,47,19,1.4946064,27.0,28.494606375694275
203,47,19,2.5047832,45.0,47.504783153533936
212,37,19,1.4784231,27.0,28.47842311859131
200,12,19,1.0222522,18.0,19.022252202033997
208,43,19,2.475079,45.0,47.47507905960083
215,15,19,1.4968619,27.0,28.496861934661865
202,2,19,2.4553413,45.0,47.45534133911133
203,21,19,2.473202,45.0,47.47320199012756
217,20,19,1.6186014,18.0,19.618601441383362
205,23,19,1.0301801,18.0,19.03018009662628
215,20,19,0.9877596,18.0,18.987759590148926
217,39,19,1.4652609,27.0,28.465260863304138
200,39,19,2.5221353,45.0,47.52213525772095
220,20,19,2.5004826,45.0,47.5004825592041
205,24,19,1.48461,27.0,28.484609961509705
201,48,19,1.5273489,27.0,28.52734887599945
215,12,19,2.5184364,45.0,47.518436431884766
212,39,19,2.4699583,45.0,47.46995830535889
212,38,19,0.99399465,18.0,18.993994653224945
218,2,19,1.4933554,27.0,28.49335539340973
218,21,19,1.024466,18.0,19.024466037750244
205,37,19,1.0125685,18.0,19.012568473815918
203,24,19,1.510832,27.0,28.51083195209503
213,21,19,1.4673866,27.0,28.467386603355408
213,20,19,1.0173687,18.0,19.01736867427826
207,47,19,1.4914252,27.0,28.491425156593323
201,12,19,1.4833938,27.0,28.483393788337708
199,23,19,2.5035574,45.0,47.503557443618774
209,38,19,1.0095688,18.0,19.00956881046295
207,48,19,2.5230446,45.0,47.52304458618164
211,23,19,1.5037344,27.0,28.503734350204468
218,22,19,1.0022235,18.0,19.0022234916687
216,2,19,1.0052884,18.0,19.00528836250305
199,12,19,2.5378888,45.0,47.53788876533508
220,41,19,1.0193408,18.0,19.019340753555298
209,20,19,2.5023944,45.0,47.50239443778992
199,47,19,2.5004773,45.0,47.50047731399536
208,41,19,2.5144143,45.0,47.51441431045532
204,21,19,2.4980083,45.0,47.498008251190186
210,4,19,2.4417906,45.0,47.44179058074951
211,24,19,1.0212066,18.0,19.021206617355347
206,48,19,2.4241035,45.0,47.42410349845886
200,41,19,1.0151114,18.0,19.015111446380615
203,48,19,2.4268532,45.0,47.42685317993164
216,43,19,1.4786485,27.0,28.47864854335785
215,7,19,2.5149672,45.0,47.51496720314026
205,38,19,2.4979408,45.0,47.4979407787323
214,12,19,2.4791274,45.0,47.479127407073975
202,39,19,1.4759552,27.0,28.47595524787903
218,48,19,1.4804769,27.0,28.48047685623169
201,15,19,1.1112732,18.0,19.111273169517517
210,5,19,2.4436526,45.0,47.443652629852295
211,47,19,0.99285924,18.0,18.99285924434662
209,37,19,0.97594136,18.0,18.975941359996796
219,24,19,1.5079933,27.0,28.50799334049225
214,20,19,2.5043244,45.0,47.504324436187744
217,44,19,2.0314944,27.0,29.03149437904358
214,7,19,1.484797,27.0,28.48479700088501
206,47,19,0.92815214,18.0,18.92815214395523
213,12,19,2.4985805,45.0,47.49858045578003
200,38,19,2.4948108,45.0,47.494810819625854
215,5,19,0.9822639,18.0,18.982263922691345
204,41,19,2.4948888,45.0,47.49488878250122
216,4,19,1.5211835,27.0,28.521183490753174
210,22,19,2.491899,45.0,47.49189901351929
217,23,19,1.3213859,18.0,19.321385860443115
219,44,19,2.4984837,45.0,47.498483657836914
200,15,19,1.5042969,27.0,28.504296898841858
211,6,19,1.5026817,27.0,28.502681732177734
205,41,19,2.5089962,45.0,47.50899624824524
202,23,19,1.0079726,18.0,19.007972598075867
215,6,19,2.517673,45.0,47.51767301559448
205,39,19,2.514782,45.0,47.5147819519043
210,23,19,1.5066332,27.0,28.506633162498474
208,39,19,2.4822946,45.0,47.48229455947876
206,37,19,1.4863081,27.0,28.486308097839355
204,22,19,1.0292304,18.0,19.02923035621643
218,23,19,1.02816,18.0,19.028159976005554
201,43,19,1.4916962,27.0,28.49169623851776
217,37,19,1.8849645,27.0,28.88496446609497
208,37,19,2.517387,45.0,47.51738691329956
212,41,19,0.99322224,18.0,18.9932222366333
208,38,19,1.0005461,18.0,19.000546097755432
200,20,19,2.4816604,45.0,47.48166036605835
212,5,19,2.4627452,45.0,47.46274518966675
201,44,19,1.4791406,27.0,28.479140639305115
206,41,19,1.4707398,27.0,28.47073984146118
214,15,19,1.5044363,27.0,28.504436254501343
217,21,19,2.3959036,45.0,47.39590358734131
206,39,19,2.455941,45.0,47.45594096183777
213,15,19,2.49885,45.0,47.49885010719299
213,7,19,2.55789,45.0,47.55788993835449
204,23,19,2.4943933,45.0,47.49439334869385
201,41,19,1.0173843,18.0,19.01738429069519
211,7,19,1.4849566,27.0,28.48495662212372
205,43,19,2.508492,45.0,47.50849199295044
205,44,19,2.5000424,45.0,47.50004243850708
215,4,19,1.4804225,27.0,28.480422496795654
219,43,19,0.9956628,18.0,18.995662808418274
217,7,19,2.6092753,45.0,47.609275341033936
214,21,19,1.4990139,27.0,28.499013900756836
218,47,19,0.9875739,18.0,18.98757392168045
216,12,19,1.4907771,27.0,28.490777134895325
208,2,19,2.5047781,45.0,47.504778146743774
216,37,19,1.057479,18.0,19.05747902393341
204,5,19,1.4694574,27.0,28.469457387924194
201,20,19,1.0128071,18.0,19.0128071308136
208,4,19,2.4899993,45.0,47.489999294281006
219,37,19,2.529223,45.0,47.52922296524048
200,37,19,1.0014799,18.0,19.001479864120483
199,15,19,1.006977,18.0,19.00697696208954
210,21,19,2.4887223,45.0,47.48872232437134
220,7,19,1.4912426,27.0,28.49124264717102
209,21,19,1.0389761,18.0,19.038976073265076
212,43,19,2.511918,45.0,47.51191806793213
216,5,19,1.4853284,27.0,28.485328435897827
215,2,19,1.5045555,27.0,28.504555463790894
206,38,19,2.3984509,45.0,47.39845085144043
211,22,19,2.4950647,45.0,47.4950647354126
220,24,19,1.474548,27.0,28.47454798221588
201,21,19,1.467448,27.0,28.467447996139526
203,39,19,1.0374607,18.0,19.037460684776306
208,6,19,1.0197046,18.0,19.019704580307007
201,22,19,1.0232295,18.0,19.023229479789734
206,23,19,2.4627104,45.0,47.4627103805542
211,12,19,2.4844716,45.0,47.484471559524536
206,2,19,2.5187297,45.0,47.51872968673706
205,48,19,1.0090423,18.0,19.009042263031006
216,41,19,2.495772,45.0,47.49577188491821
208,24,19,1.0129464,18.0,19.012946367263794
212,44,19,2.4919534,45.0,47.49195337295532
204,39,19,1.4970992,27.0,28.49709916114807
218,24,19,1.5061111,27.0,28.50611114501953
205,47,19,1.492548,27.0,28.4925479888916
218,44,19,1.4914349,27.0,28.491434931755066
210,6,19,1.476082,27.0,28.47608196735382
214,23,19,2.49522,45.0,47.49521994590759
214,22,19,2.513817,45.0,47.51381707191467
202,38,19,2.4996367,45.0,47.49963665008545
208,12,19,2.4751399,45.0,47.4751398563385
208,7,19,1.4870982,27.0,28.487098217010498
204,38,19,1.4837561,27.0,28.483756065368652
214,47,19,2.5000648,45.0,47.500064849853516
201,39,19,0.99416035,18.0,18.99416035413742
218,37,19,2.507971,45.0,47.5079710483551
212,47,19,2.5061116,45.0,47.50611162185669
208,23,19,1.5047637,27.0,28.50476372241974
204,2,19,2.4993305,45.0,47.49933052062988
220,39,19,1.0317512,18.0,19.03175115585327
211,21,19,1.008994,18.0,19.008993983268738
199,22,19,1.5216123,27.0,28.521612286567688
206,24,19,1.4329516,27.0,28.43295156955719
216,38,19,1.4866627,27.0,28.48666274547577
202,47,19,0.9715164,18.0,18.971516370773315
211,48,19,2.5109782,45.0,47.51097822189331
219,38,19,1.5145147,27.0,28.514514684677124
199,21,19,1.4724023,27.0,28.472402334213257
206,4,19,1.4721138,27.0,28.472113847732544
210,20,19,2.485179,45.0,47.48517894744873
203,12,19,1.0238829,18.0,19.02388286590576
212,4,19,1.469145,27.0,28.46914505958557
209,22,19,2.5113463,45.0,47.51134634017944
200,21,19,1.0269394,18.0,19.026939392089844
214,48,19,2.5171642,45.0,47.51716423034668
218,43,19,1.4911704,27.0,28.491170406341553
216,7,19,2.51466,45.0,47.5146598815918
204,24,19,1.5358654,27.0,28.535865426063538
210,12,19,1.4822478,27.0,28.482247829437256
210,7,19,2.4956942,45.0,47.495694160461426
199,41,19,2.5173926,45.0,47.51739263534546
220,15,19,1.5155501,27.0,28.515550136566162
217,48,19,2.4187815,45.0,47.41878151893616
214,44,19,1.5029323,27.0,28.50293231010437
203,23,19,2.5009713,45.0,47.50097131729126
217,6,19,2.410706,45.0,47.41070604324341
206,20,19,0.97968304,18.0,18.97968304157257
201,23,19,2.4931078,45.0,47.49310779571533
209,24,19,1.4503748,27.0,28.450374841690063
212,2,19,2.4928727,45.0,47.49287271499634
199,43,19,1.5146677,27.0,28.514667749404907
216,39,19,1.4933629,27.0,28.49336290359497
208,15,19,2.492867,45.0,47.49286699295044
214,37,19,1.4305758,27.0,28.430575847625732
206,22,19,2.5182462,45.0,47.51824617385864
214,24,19,1.014636,18.0,19.014636039733887
213,6,19,2.503471,45.0,47.50347089767456
200,24,19,2.472433,45.0,47.47243309020996
213,5,19,2.446573,45.0,47.44657301902771
200,23,19,1.567632,27.0,28.56763195991516
206,5,19,1.0083352,18.0,19.00833523273468
206,6,19,2.4989765,45.0,47.49897646903992
212,48,19,1.501047,27.0,28.501047015190125
202,48,19,2.512701,45.0,47.5127010345459
217,38,19,1.3856633,18.0,19.385663270950317
216,48,19,2.4877617,45.0,47.48776173591614
203,22,19,1.0267818,18.0,19.026781797409058
220,38,19,1.5114684,27.0,28.511468410491943
202,24,19,2.4497352,45.0,47.449735164642334
201,38,19,2.4732575,45.0,47.473257541656494
218,38,19,2.4933887,45.0,47.493388652801514
219,41,19,2.5158165,45.0,47.51581645011902
208,22,19,2.508162,45.0,47.50816202163696
203,5,19,0.989188,18.0,18.989188015460968
218,39,19,2.5035574,45.0,47.503557443618774
214,39,19,1.4861165,27.0,28.486116528511047
206,7,19,2.4896827,45.0,47.48968267440796
214,41,19,1.0117,18.0,19.01170003414154
211,15,19,2.5094452,45.0,47.50944519042969
209,23,19,2.5286164,45.0,47.528616428375244
199,44,19,2.493825,45.0,47.49382495880127
200,22,19,2.4997158,45.0,47.49971580505371
208,21,19,2.475162,45.0,47.47516202926636
214,43,19,2.5041192,45.0,47.50411915779114
218,41,19,1.0011426,18.0,19.001142621040344
206,15,19,2.456754,45.0,47.456753969192505
220,37,19,1.4971617,27.0,28.497161746025085
206,12,19,2.3860793,45.0,47.38607931137085
214,38,19,1.0041249,18.0,19.004124879837036
217,47,19,2.4406419,45.0,47.4406418800354
207,24,19,1.0004823,18.0,19.000482320785522
207,37,19,1.5255264,27.0,28.5255264043808
219,20,19,2.5064876,45.0,47.50648760795593
204,47,19,1.4910822,27.0,28.491082191467285
205,5,19,2.4687195,45.0,47.468719482421875
202,15,19,1.4981751,27.0,28.498175144195557
212,21,19,1.4950985,27.0,28.49509847164154
212,20,19,2.4805048,45.0,47.480504751205444
209,5,19,1.5356404,27.0,28.535640358924866
200,4,19,1.0385284,18.0,19.038528442382812
210,47,19,1.4795341,27.0,28.479534149169922
213,39,19,2.4206405,45.0,47.42064046859741
200,48,19,2.535201,45.0,47.53520107269287
219,15,19,1.5124578,27.0,28.512457847595215
217,41,19,1.1690646,27.0,28.16906464099884
213,38,19,1.0183618,18.0,19.018361806869507
218,5,19,0.9864725,18.0,18.986472487449646
202,20,19,0.9781586,18.0,18.978158593177795
215,41,19,1.4871262,27.0,28.487126231193542
205,4,19,1.5045527,27.0,28.504552721977234
204,48,19,1.4897481,27.0,28.489748120307922
217,4,19,2.0097752,27.0,29.009775161743164
199,38,19,2.485776,45.0,47.4857759475708
203,37,19,1.4837717,27.0,28.483771681785583
220,47,19,1.5002972,27.0,28.50029718875885
210,43,19,1.4787853,27.0,28.478785276412964
210,44,19,2.450461,45.0,47.45046091079712
217,15,19,2.4602652,45.0,47.460265159606934
220,48,19,1.4854268,27.0,28.485426783561707
202,20,20,0.96815044,19.0,19.968150436878204
210,44,20,2.4816375,47.5,49.981637477874756
210,43,20,1.4796009,28.5,29.97960090637207
220,47,20,1.5006546,28.5,30.000654578208923
203,37,20,1.4805858,28.5,29.98058581352234
209,43,20,0.99449074,19.0,19.99449074268341
199,38,20,2.489717,47.5,49.98971700668335
213,39,20,2.4696972,47.5,49.96969723701477
217,4,20,2.0047674,28.5,30.504767417907715
215,41,20,1.486026,28.5,29.98602604866028
218,5,20,0.982692,19.0,19.982692003250122
205,2,20,1.5857545,28.5,30.08575451374054
215,44,20,1.4867848,28.5,29.98678481578827
209,6,20,2.517984,47.5,50.01798391342163
203,43,20,1.4840151,28.5,29.984015107154846
217,15,20,2.3444822,47.5,49.84448218345642
204,37,20,0.99839914,19.0,19.998399138450623
210,15,20,2.4730444,47.5,49.97304439544678
206,7,20,2.50517,47.5,50.00517010688782
218,39,20,2.4988005,47.5,49.99880051612854
200,23,20,1.5499425,28.5,30.04994249343872
219,39,20,2.5152528,47.5,50.01525282859802
213,2,20,1.4826924,28.5,29.98269236087799
220,12,20,2.5100942,47.5,50.010094165802
202,24,20,2.452551,47.5,49.95255088806152
211,20,20,1.0213187,19.0,20.021318674087524
210,12,20,1.4845355,28.5,29.984535455703735
201,24,20,2.4939911,47.5,49.9939911365509
204,4,20,1.5147158,28.5,30.014715790748596
208,20,20,2.5051723,47.5,50.00517225265503
213,4,20,1.0007915,19.0,20.000791549682617
214,39,20,1.4885606,28.5,29.988560557365417
216,6,20,1.4817163,28.5,29.98171627521515
214,41,20,1.0170057,19.0,20.017005681991577
206,6,20,2.5034637,47.5,50.00346374511719
199,20,20,2.5080786,47.5,50.00807857513428
209,23,20,2.5397694,47.5,50.039769411087036
199,44,20,2.4932358,47.5,49.99323582649231
200,22,20,2.5095592,47.5,50.0095591545105
208,21,20,2.4796484,47.5,49.97964835166931
206,5,20,0.99022746,19.0,19.990227460861206
206,15,20,2.4577286,47.5,49.95772862434387
214,38,20,1.0041234,19.0,20.00412344932556
220,37,20,1.496348,28.5,29.996348023414612
206,12,20,2.3697999,47.5,49.869799852371216
217,47,20,2.326449,47.5,49.826448917388916
216,7,20,2.513248,47.5,50.01324796676636
213,5,20,2.4392273,47.5,49.93922734260559
208,15,20,2.5023608,47.5,50.002360820770264
201,37,20,1.1096675,19.0,20.109667539596558
212,48,20,1.4770517,28.5,29.977051734924316
202,48,20,2.509482,47.5,50.00948190689087
217,38,20,1.3440616,19.0,20.344061613082886
216,48,20,2.5073318,47.5,50.00733184814453
220,38,20,1.5056403,28.5,30.005640268325806
211,15,20,2.5118985,47.5,50.01189851760864
214,43,20,2.501998,47.5,50.00199794769287
201,38,20,2.4801977,47.5,49.98019766807556
218,38,20,2.4891396,47.5,49.989139556884766
203,22,20,1.0197645,19.0,20.01976454257965
203,5,20,0.9894391,19.0,19.989439070224762
219,41,20,2.503915,47.5,50.00391507148743
208,22,20,2.5070405,47.5,50.00704050064087
217,48,20,2.3702977,47.5,49.87029767036438
214,44,20,1.5055978,28.5,30.005597829818726
217,6,20,2.361376,47.5,49.8613760471344
201,23,20,2.488112,47.5,49.98811197280884
212,2,20,2.4908023,47.5,49.99080228805542
199,43,20,1.5261163,28.5,30.026116251945496
216,39,20,1.4935064,28.5,29.99350643157959
218,41,20,0.9660105,19.0,19.96601051092148
214,37,20,1.4318422,28.5,29.93184220790863
214,24,20,1.0070889,19.0,20.007088899612427
206,20,20,0.9697758,19.0,19.969775795936584
213,6,20,2.4959955,47.5,49.99599552154541
200,24,20,2.4473767,47.5,49.94737672805786
219,38,20,1.5157017,28.5,30.01570165157318
208,12,20,2.4794574,47.5,49.97945737838745
209,24,20,1.4040204,28.5,29.90402042865753
199,21,20,1.4688994,28.5,29.968899369239807
203,23,20,2.501413,47.5,50.001413106918335
206,4,20,1.4755878,28.5,29.975587844848633
210,20,20,2.4986877,47.5,49.998687744140625
203,12,20,1.0261257,19.0,20.02612566947937
206,2,20,2.514455,47.5,50.01445508003235
212,4,20,1.4707203,28.5,29.970720291137695
209,22,20,2.5134706,47.5,50.01347064971924
200,21,20,1.04731,19.0,20.04730999469757
214,48,20,2.517776,47.5,50.017776012420654
204,38,20,1.4796257,28.5,29.979625701904297
211,21,20,1.0121052,19.0,20.012105226516724
218,43,20,1.476124,28.5,29.976124048233032
204,24,20,1.5414734,28.5,30.041473388671875
210,7,20,2.4942577,47.5,49.99425768852234
199,41,20,2.512075,47.5,50.01207494735718
220,15,20,1.5156159,28.5,30.015615940093994
208,7,20,1.4832029,28.5,29.983202934265137
214,47,20,2.5074043,47.5,50.00740432739258
201,39,20,1.1037884,19.0,20.103788375854492
218,37,20,2.50951,47.5,50.0095100402832
212,47,20,2.505094,47.5,50.005094051361084
208,23,20,1.5065719,28.5,30.006571888923645
204,2,20,2.49752,47.5,49.997519969940186
220,39,20,1.032826,19.0,20.03282594680786
211,12,20,2.4982862,47.5,49.99828624725342
199,22,20,1.522536,28.5,30.022536039352417
210,6,20,1.4737042,28.5,29.97370421886444
206,24,20,1.4484811,28.5,29.94848108291626
208,6,20,1.0220762,19.0,20.02207624912262
202,47,20,0.97242564,19.0,19.972425639629364
201,22,20,1.0261743,19.0,20.026174306869507
206,23,20,2.3364472,47.5,49.83644723892212
206,22,20,2.5230021,47.5,50.02300214767456
205,48,20,1.0112089,19.0,20.01120889186859
216,41,20,2.5005388,47.5,50.00053882598877
208,24,20,1.0246239,19.0,20.02462387084961
212,44,20,2.493092,47.5,49.99309206008911
216,5,20,1.4919763,28.5,29.991976261138916
218,24,20,1.4976337,28.5,29.997633695602417
205,47,20,1.4626758,28.5,29.96267580986023
218,44,20,1.5029455,28.5,30.00294554233551
214,22,20,2.5128598,47.5,50.01285982131958
211,22,20,2.4974475,47.5,49.99744749069214
214,23,20,2.5031424,47.5,50.00314235687256
202,38,20,2.5015795,47.5,50.00157952308655
208,4,20,2.4870234,47.5,49.98702335357666
219,37,20,2.5211697,47.5,50.021169662475586
200,37,20,0.9980743,19.0,19.998074293136597
199,15,20,1.019737,19.0,20.019737005233765
210,21,20,2.4836602,47.5,49.98366022109985
215,2,20,1.508116,28.5,30.008116006851196
216,4,20,1.5190674,28.5,30.019067406654358
204,39,20,1.4950981,28.5,29.995098114013672
220,7,20,1.4919887,28.5,29.99198865890503
209,21,20,1.0788761,19.0,20.07887613773346
212,43,20,2.5092623,47.5,50.00926232337952
201,41,20,1.0054861,19.0,20.005486130714417
206,38,20,2.3966317,47.5,49.896631717681885
220,24,20,1.4794067,28.5,29.979406714439392
201,21,20,1.4685864,28.5,29.968586444854736
201,20,20,1.1591828,19.0,20.15918278694153
211,48,20,2.5082436,47.5,50.008243560791016
203,39,20,1.0421836,19.0,20.04218363761902
213,7,20,2.5496697,47.5,50.04966974258423
204,23,20,2.4900475,47.5,49.990047454833984
211,7,20,1.4879278,28.5,29.987927794456482
205,43,20,2.5052094,47.5,50.00520944595337
205,44,20,2.4930835,47.5,49.993083477020264
215,4,20,1.4819183,28.5,29.981918334960938
219,43,20,0.9872556,19.0,19.987255573272705
208,37,20,2.5169673,47.5,50.01696729660034
217,7,20,2.4960256,47.5,49.99602556228638
203,21,20,2.4724102,47.5,49.97241020202637
218,23,20,1.017186,19.0,20.017186045646667
218,47,20,0.9784751,19.0,19.978475093841553
216,12,20,1.4838306,28.5,29.98383057117462
213,12,20,2.4898896,47.5,49.98988962173462
216,37,20,1.0090737,19.0,20.009073734283447
204,5,20,1.5003234,28.5,30.00032341480255
206,37,20,1.4833547,28.5,29.983354687690735
204,22,20,1.0285773,19.0,20.02857732772827
201,43,20,1.4982821,28.5,29.998282074928284
217,37,20,1.8324703,28.5,30.332470297813416
212,41,20,1.0112369,19.0,20.011236906051636
208,38,20,1.0026124,19.0,20.002612352371216
200,20,20,2.4815314,47.5,49.981531381607056
212,5,20,2.4602747,47.5,49.9602746963501
201,44,20,1.4755871,28.5,29.975587129592896
206,41,20,1.4780974,28.5,29.978097438812256
214,15,20,1.5063552,28.5,30.00635516643524
217,21,20,2.3764734,47.5,49.87647342681885
206,39,20,2.465849,47.5,49.96584892272949
213,15,20,2.5046544,47.5,50.00465440750122
216,38,20,1.4847127,28.5,29.984712719917297
200,38,20,2.4974942,47.5,49.99749422073364
208,2,20,2.503312,47.5,50.00331211090088
214,21,20,1.4801011,28.5,29.980101108551025
215,5,20,0.99396396,19.0,19.993963956832886
204,41,20,2.4961267,47.5,49.996126651763916
217,23,20,1.258051,19.0,20.25805103778839
219,44,20,2.4999123,47.5,49.99991226196289
200,15,20,1.5015482,28.5,30.001548171043396
211,6,20,1.5040584,28.5,30.004058361053467
210,22,20,2.4879134,47.5,49.987913370132446
205,41,20,2.4929075,47.5,49.99290752410889
215,6,20,2.5149307,47.5,50.014930725097656
205,39,20,2.5136175,47.5,50.013617515563965
208,39,20,2.5145106,47.5,50.01451063156128
203,48,20,2.4201872,47.5,49.92018723487854
216,43,20,1.4802624,28.5,29.980262398719788
205,38,20,2.495963,47.5,49.99596309661865
202,39,20,1.4763885,28.5,29.976388454437256
218,48,20,1.4829727,28.5,29.982972741127014
201,15,20,1.0115656,19.0,20.011565566062927
210,5,20,2.4388874,47.5,49.93888735771179
209,37,20,0.98159355,19.0,19.981593549251556
219,24,20,1.508376,28.5,30.008376002311707
214,20,20,2.5030844,47.5,50.00308442115784
214,7,20,1.4860115,28.5,29.986011505126953
206,47,20,0.97286713,19.0,19.972867131233215
214,12,20,2.4827085,47.5,49.98270845413208
199,23,20,2.507248,47.5,50.00724792480469
209,38,20,1.0276474,19.0,20.027647376060486
207,48,20,2.5184598,47.5,50.01845979690552
217,39,20,1.4074994,28.5,29.90749943256378
211,47,20,0.98742425,19.0,19.98742425441742
211,23,20,1.499727,28.5,29.99972701072693
218,22,20,1.0073144,19.0,20.007314443588257
216,2,20,1.007296,19.0,20.007295966148376
202,23,20,1.0145707,19.0,20.014570713043213
199,12,20,2.5351396,47.5,50.03513956069946
220,41,20,1.016746,19.0,20.016746044158936
210,23,20,1.4911171,28.5,29.991117119789124
215,7,20,2.5153818,47.5,50.015381813049316
209,20,20,2.5041595,47.5,50.004159450531006
199,47,20,2.5043292,47.5,50.004329204559326
204,21,20,2.495504,47.5,49.9955039024353
210,4,20,2.4359019,47.5,49.93590188026428
211,24,20,1.0204904,19.0,20.020490407943726
206,48,20,2.4825923,47.5,49.98259234428406
201,12,20,1.4848977,28.5,29.98489773273468
200,39,20,2.5368252,47.5,50.03682518005371
220,20,20,2.4967973,47.5,49.99679732322693
217,44,20,1.9713528,28.5,30.47135281562805
201,48,20,1.5283574,28.5,30.02835738658905
205,37,20,1.0148661,19.0,20.01486611366272
215,12,20,2.5238051,47.5,50.023805141448975
212,39,20,2.5064738,47.5,50.006473779678345
212,38,20,0.96955866,19.0,19.969558656215668
208,41,20,2.5101118,47.5,50.010111808776855
219,47,20,1.4958632,28.5,29.99586319923401
218,21,20,1.0084407,19.0,20.008440732955933
203,24,20,1.5314575,28.5,30.031457543373108
213,21,20,1.4693725,28.5,29.969372510910034
207,44,20,2.4878383,47.5,49.98783826828003
213,20,20,1.0136842,19.0,20.013684153556824
207,47,20,1.4965801,28.5,29.996580123901367
200,41,20,1.0056269,19.0,20.005626916885376
219,2,20,1.4938859,28.5,29.99388587474823
216,20,20,2.49447,47.5,49.99446988105774
205,24,20,1.5187092,28.5,30.018709182739258
210,24,20,2.3514905,47.5,49.85149049758911
211,5,20,2.492419,47.5,49.99241900444031
218,2,20,1.494495,28.5,29.994495034217834
212,37,20,1.4798709,28.5,29.979870915412903
200,12,20,1.0573176,19.0,20.05731761455536
208,43,20,2.458981,47.5,49.95898103713989
215,15,20,1.4945004,28.5,29.994500398635864
202,2,20,2.45386,47.5,49.95386004447937
217,20,20,1.6122105,19.0,20.612210512161255
205,23,20,1.0470129,19.0,20.04701292514801
215,20,20,0.9912032,19.0,19.99120318889618
212,6,20,2.5032911,47.5,50.00329113006592
209,15,20,1.4937087,28.5,29.993708729743958
203,47,20,2.5025053,47.5,50.0025053024292
218,20,20,1.4863151,28.5,29.98631513118744
207,2,20,1.0337455,19.0,20.033745527267456
214,5,20,2.486083,47.5,49.986083030700684
211,44,20,0.9958421,19.0,19.99584209918976
199,39,20,1.0162286,19.0,20.016228556632996
219,23,20,1.0067294,19.0,20.00672936439514
210,2,20,2.49539,47.5,49.99538993835449
217,5,20,1.5581515,28.5,30.058151483535767
215,48,20,1.1394973,19.0,20.13949728012085
203,2,20,1.4945785,28.5,29.99457848072052
200,7,20,1.4991065,28.5,29.999106526374817
208,44,20,2.4993196,47.5,49.999319553375244
220,43,20,1.4994966,28.5,29.999496579170227
204,43,20,1.489587,28.5,29.98958694934845
205,22,20,2.514246,47.5,50.01424598693848
201,6,20,1.5405557,28.5,30.040555715560913
207,4,20,1.5151639,28.5,30.015163898468018
207,5,20,2.4444666,47.5,49.94446659088135
201,7,20,2.5072594,47.5,50.007259368896484
219,4,20,1.5080972,28.5,30.008097171783447
207,43,20,1.0206535,19.0,20.02065348625183
216,24,20,1.535578,28.5,30.03557801246643
203,6,20,2.496824,47.5,49.99682402610779
214,6,20,0.9894501,19.0,19.989450097084045
207,6,20,0.9759649,19.0,19.975964903831482
214,4,20,0.9997536,19.0,19.9997535943985
213,23,20,2.487196,47.5,49.98719596862793
204,6,20,1.4984081,28.5,29.99840807914734
213,22,20,2.5178075,47.5,50.017807483673096
219,22,20,2.5096192,47.5,50.00961923599243
220,23,20,1.5227989,28.5,30.022798895835876
211,37,20,1.0089061,19.0,20.00890612602234
202,4,20,1.0295022,19.0,20.029502153396606
215,21,20,1.169569,19.0,20.16956901550293
205,21,20,1.4919212,28.5,29.991921186447144
215,22,20,2.5181751,47.5,50.01817512512207
199,7,20,1.5094244,28.5,30.009424448013306
220,6,20,2.5101876,47.5,50.01018762588501
212,7,20,2.51376,47.5,50.01376008987427
212,24,20,2.431046,47.5,49.93104600906372
202,22,20,2.5067558,47.5,50.00675582885742
199,24,20,1.4884242,28.5,29.98842418193817
209,48,20,0.9995366,19.0,19.99953657388687
204,20,20,1.5124078,28.5,30.012407779693604
214,2,20,1.4736817,28.5,29.973681688308716
217,2,20,1.390859,19.0,20.390859007835388
217,22,20,1.3698621,19.0,20.36986207962036
207,41,20,0.9920539,19.0,19.99205392599106
216,21,20,2.4644823,47.5,49.96448230743408
218,4,20,1.4920223,28.5,29.992022275924683
202,5,20,1.504724,28.5,30.00472402572632
218,15,20,2.5032609,47.5,50.00326085090637
219,48,20,1.4881264,28.5,29.988126397132874
212,23,20,1.5045159,28.5,30.004515886306763
208,47,20,1.4740032,28.5,29.974003195762634
211,2,20,2.5026593,47.5,50.0026593208313
210,37,20,1.4646958,28.5,29.964695811271667
213,48,20,2.4449253,47.5,49.94492530822754
207,7,20,1.4588345,28.5,29.958834528923035
201,5,20,2.4900398,47.5,49.99003982543945
200,43,20,0.9857875,19.0,19.985787510871887
219,21,20,2.4725652,47.5,49.97256517410278
209,39,20,0.99999654,19.0,19.999996542930603
219,6,20,1.4994977,28.5,29.999497652053833
217,43,20,2.2635086,47.5,49.763508558273315
202,41,20,1.5287311,28.5,30.028731107711792
211,4,20,2.5043373,47.5,50.004337310791016
205,20,20,1.5038656,28.5,30.003865599632263
208,48,20,1.006321,19.0,20.00632095336914
217,24,20,1.7627661,28.5,30.262766122817993
209,12,20,0.99952745,19.0,19.99952745437622
202,7,20,1.4829084,28.5,29.982908368110657
215,23,20,1.496508,28.5,29.99650800228119
205,15,20,1.4965634,28.5,29.99656343460083
207,12,20,1.5111892,28.5,30.011189222335815
213,47,20,1.4183363,28.5,29.918336272239685
203,7,20,2.5235846,47.5,50.023584604263306
219,7,20,2.5211859,47.5,50.021185874938965
211,43,20,2.5057473,47.5,50.00574731826782
204,7,20,2.5170949,47.5,50.01709485054016
202,44,20,0.9939483,19.0,19.99394828081131
217,12,20,1.4187884,28.5,29.91878843307495
203,20,20,2.4858136,47.5,49.9858136177063
215,24,20,2.50464,47.5,50.004640102386475
216,47,20,1.477113,28.5,29.977113008499146
203,41,20,2.4934468,47.5,49.993446826934814
200,6,20,1.5008565,28.5,30.000856518745422
204,44,20,1.4711232,28.5,29.971123218536377
218,12,20,2.5159044,47.5,50.01590442657471
213,44,20,2.4918675,47.5,49.991867542266846
207,15,20,2.5088077,47.5,50.00880765914917
216,22,20,1.0126803,19.0,20.012680292129517
211,38,20,1.0090413,19.0,20.00904130935669
207,39,20,2.497408,47.5,49.99740791320801
213,24,20,2.499998,47.5,49.99999809265137
209,41,20,1.4715306,28.5,29.971530556678772
205,12,20,1.0423708,19.0,20.042370796203613
210,38,20,1.4814457,28.5,29.98144567012787
202,12,20,1.4855176,28.5,29.985517621040344
205,7,20,2.5220795,47.5,50.02207946777344
215,47,20,1.4749669,28.5,29.974966883659363
220,2,20,2.5028663,47.5,50.00286626815796
209,2,20,2.4916906,47.5,49.99169063568115
212,22,20,2.5023665,47.5,50.00236654281616
210,39,20,1.4698066,28.5,29.96980655193329
199,6,20,1.0200734,19.0,20.020073413848877
215,37,20,0.99208593,19.0,19.992085933685303
209,4,20,2.518663,47.5,50.01866292953491
203,44,20,2.498034,47.5,49.99803400039673
216,44,20,2.4850566,47.5,49.98505663871765
212,12,20,2.378878,47.5,49.878878116607666
199,48,20,1.0121899,19.0,20.012189865112305
201,2,20,1.50659,28.5,30.006590008735657
211,41,20,2.5065823,47.5,50.006582260131836
200,44,20,2.494773,47.5,49.99477291107178
207,38,20,1.5117952,28.5,30.011795163154602
213,37,20,2.5075338,47.5,50.00753378868103
220,22,20,1.5196183,28.5,30.019618272781372
209,47,20,2.4951034,47.5,49.99510335922241
207,20,20,1.0529647,19.0,20.052964687347412
211,39,20,2.504693,47.5,50.004693031311035
199,37,20,2.5139248,47.5,50.01392483711243
207,21,20,1.0004823,19.0,20.000482320785522
204,15,20,1.0165899,19.0,20.016589879989624
216,23,20,1.4939015,28.5,29.99390149116516
220,21,20,1.5510616,28.5,30.051061630249023
201,4,20,2.5054293,47.5,50.0054292678833
213,43,20,2.4752004,47.5,49.97520041465759
219,12,20,1.4912964,28.5,29.991296410560608
210,48,20,2.4824305,47.5,49.98243045806885
218,7,20,2.5135107,47.5,50.01351070404053
205,6,20,2.4978013,47.5,49.997801303863525
215,38,20,2.50034,47.5,50.0003399848938
204,47,20,1.4929281,28.5,29.99292814731598
202,21,20,1.5547261,28.5,30.054726123809814
220,44,20,2.4934468,47.5,49.993446826934814
220,4,20,1.4832029,28.5,29.983202934265137
212,21,20,1.4884156,28.5,29.988415598869324
209,44,20,1.0587074,19.0,20.058707356452942
203,38,20,2.4752681,47.5,49.97526812553406
202,43,20,0.97570133,19.0,19.975701332092285
207,22,20,2.4956913,47.5,49.99569129943848
207,24,20,1.0086498,19.0,20.008649826049805
207,37,20,1.5274371,28.5,30.02743709087372
219,20,20,2.503141,47.5,50.003140926361084
205,4,20,1.5055676,28.5,30.00556755065918
205,5,20,2.4420643,47.5,49.94206428527832
202,15,20,1.487537,28.5,29.987537026405334
212,20,20,2.4878373,47.5,49.98783731460571
209,5,20,1.5631058,28.5,30.063105821609497
200,4,20,1.0432656,19.0,20.04326558113098
210,47,20,1.4751405,28.5,29.97514045238495
210,41,20,2.4948304,47.5,49.99483036994934
200,48,20,2.5218005,47.5,50.02180051803589
219,15,20,1.5113872,28.5,30.01138722896576
204,12,20,1.4875786,28.5,29.987578630447388
217,41,20,1.47682,28.5,29.97681999206543
213,38,20,0.971717,19.0,19.97171700000763
200,47,20,1.521407,28.5,30.02140700817108
207,23,20,1.4844943,28.5,29.98449432849884
213,41,20,1.4479853,28.5,29.947985291481018
218,6,20,2.509919,47.5,50.00991892814636
215,39,20,1.0059718,19.0,20.005971789360046
220,5,20,1.5114225,28.5,30.011422514915466
209,7,20,2.5027437,47.5,50.0027437210083
212,15,20,1.4874755,28.5,29.987475514411926
203,4,20,2.5079439,47.5,50.007943868637085
200,2,20,2.4920459,47.5,49.992045879364014
204,48,20,1.4881289,28.5,29.988128900527954
199,2,20,1.5201417,28.5,30.02014172077179
203,15,20,1.4790218,28.5,29.979021787643433
199,4,20,1.4889832,28.5,29.988983154296875
199,5,20,2.46388,47.5,49.96388006210327
220,48,20,1.4851127,28.5,29.98511266708374
214,21,21,1.4833239,30.0,31.48332393169403
206,38,21,2.4067173,50.0,52.40671730041504
206,37,21,1.5113986,30.0,31.511398553848267
218,44,21,1.5089866,30.0,31.508986592292786
213,7,21,2.557498,50.0,52.55749797821045
203,39,21,1.0348779,20.0,21.0348778963089
211,48,21,2.5111651,50.0,52.511165142059326
201,20,21,1.011574,20.0,21.011574029922485
204,5,21,1.5013952,30.0,31.501395225524902
216,37,21,1.0098051,20.0,21.00980508327484
213,12,21,2.474832,50.0,52.47483205795288
204,22,21,1.0196164,20.0,21.01961636543274
204,23,21,2.4990149,50.0,52.49901485443115
202,38,21,2.4991117,50.0,52.49911165237427
214,23,21,2.4987168,50.0,52.498716831207275
214,22,21,2.5118165,50.0,52.51181650161743
204,48,21,1.4896768,30.0,31.48967683315277
200,2,21,2.4927528,50.0,52.49275279045105
212,15,21,1.4839793,30.0,31.48397934436798
209,7,21,2.50176,50.0,52.50176000595093
215,39,21,1.0057273,20.0,21.005727291107178
218,6,21,2.5081954,50.0,52.50819540023804
205,2,21,1.5873634,30.0,31.587363362312317
215,44,21,1.4925699,30.0,31.49256992340088
218,5,21,0.9934448,20.0,20.993444800376892
210,47,21,1.481312,30.0,31.481312036514282
213,39,21,2.4471831,50.0,52.44718313217163
199,38,21,2.4860387,50.0,52.48603868484497
209,43,21,1.0047817,20.0,21.00478172302246
199,5,21,2.4584205,50.0,52.458420515060425
220,47,21,1.499719,30.0,31.49971902370453
211,22,21,2.4984155,50.0,52.49841547012329
216,44,21,2.4830856,50.0,52.48308563232422
215,37,21,0.9969727,20.0,20.996972680091858
199,6,21,1.0224879,20.0,21.02248787879944
212,12,21,2.3751178,50.0,52.375117778778076
220,44,21,2.4928212,50.0,52.49282121658325
202,21,21,1.5574934,30.0,31.557493448257446
204,47,21,1.4953452,30.0,31.49534523487091
215,38,21,2.5031261,50.0,52.50312614440918
207,21,21,0.9866595,20.0,20.98665952682495
207,22,21,2.4998565,50.0,52.49985647201538
200,48,21,2.5052342,50.0,52.505234241485596
217,43,21,2.3391697,50.0,52.33916974067688
213,41,21,1.4482371,30.0,31.44823706150055
207,23,21,1.4837608,30.0,31.483760833740234
205,5,21,2.4633114,50.0,52.463311433792114
218,4,21,1.4848508,30.0,31.484850764274597
205,12,21,1.0434359,20.0,21.04343593120575
218,12,21,2.5096068,50.0,52.50960683822632
210,38,21,1.4886717,30.0,31.48867166042328
210,39,21,1.4730521,30.0,31.473052144050598
212,22,21,2.4996588,50.0,52.499658823013306
209,2,21,2.4886084,50.0,52.48860836029053
200,4,21,1.030421,20.0,21.030421018600464
211,39,21,2.5034761,50.0,52.5034761428833
209,44,21,1.0856867,20.0,21.085686683654785
213,38,21,0.96898985,20.0,20.968989849090576
219,20,21,2.5015545,50.0,52.50155448913574
207,37,21,1.530185,30.0,31.530184984207153
207,24,21,1.0100298,20.0,21.010029792785645
205,6,21,2.4940138,50.0,52.49401378631592
210,48,21,2.4778705,50.0,52.47787046432495
199,48,21,1.0116893,20.0,21.01168930530548
215,23,21,1.5076754,30.0,31.507675409317017
202,7,21,1.4815698,30.0,31.48156976699829
204,44,21,1.5046068,30.0,31.50460684299469
220,2,21,2.5016727,50.0,52.50167274475098
200,6,21,1.4966954,30.0,31.496695399284363
203,41,21,2.4898124,50.0,52.48981237411499
216,47,21,1.4769578,30.0,31.47695779800415
215,24,21,2.508211,50.0,52.50821089744568
213,43,21,2.4800239,50.0,52.4800238609314
220,21,21,1.5484557,30.0,31.548455715179443
216,23,21,1.4966761,30.0,31.496676087379456
204,15,21,1.0240579,20.0,21.024057865142822
199,37,21,2.515411,50.0,52.51541090011597
215,47,21,1.4733858,30.0,31.47338581085205
205,7,21,2.519093,50.0,52.51909303665161
202,12,21,1.4785557,30.0,31.47855567932129
219,47,21,1.4959006,30.0,31.495900630950928
218,15,21,2.5038698,50.0,52.5038697719574
217,24,21,1.7900567,30.0,31.790056705474854
208,48,21,1.0068054,20.0,21.006805419921875
205,20,21,1.5218707,30.0,31.521870732307434
210,37,21,1.4611717,30.0,31.461171746253967
211,2,21,2.5031862,50.0,52.50318622589111
213,37,21,2.4908133,50.0,52.49081325531006
207,38,21,1.5159309,30.0,31.515930891036987
200,44,21,2.498347,50.0,52.49834704399109
211,41,21,2.5079858,50.0,52.50798583030701
201,2,21,1.5097637,30.0,31.509763717651367
219,12,21,1.4987973,30.0,31.498797297477722
203,20,21,2.490289,50.0,52.490288972854614
217,12,21,1.4463058,30.0,31.446305751800537
205,15,21,1.4979931,30.0,31.497993111610413
202,5,21,1.4722177,30.0,31.472217679023743
212,24,21,2.4248867,50.0,52.42488670349121
209,12,21,0.9929889,20.0,20.992988884449005
212,7,21,2.5157518,50.0,52.51575183868408
220,6,21,2.507352,50.0,52.507352113723755
205,21,21,1.4909291,30.0,31.490929126739502
220,22,21,1.5135695,30.0,31.513569474220276
216,22,21,1.0133748,20.0,21.01337480545044
207,15,21,2.5095017,50.0,52.509501695632935
213,44,21,2.499497,50.0,52.499496936798096
207,20,21,1.0268128,20.0,21.02681279182434
209,47,21,2.491869,50.0,52.49186897277832
208,47,21,1.4741241,30.0,31.47412407398224
212,23,21,1.504122,30.0,31.504122018814087
203,44,21,2.5001795,50.0,52.50017952919006
219,48,21,1.4885254,30.0,31.488525390625
209,15,21,1.4854556,30.0,31.485455632209778
215,20,21,0.9895634,20.0,20.989563405513763
208,44,21,2.5019777,50.0,52.50197768211365
200,7,21,1.4934722,30.0,31.49347221851349
203,2,21,1.4831612,30.0,31.483161211013794
211,4,21,2.504304,50.0,52.50430393218994
204,43,21,1.4945736,30.0,31.49457359313965
215,48,21,0.9974141,20.0,20.997414112091064
207,12,21,1.5091522,30.0,31.50915217399597
209,41,21,1.4911166,30.0,31.491116642951965
213,24,21,2.4918804,50.0,52.49188041687012
207,39,21,2.5081782,50.0,52.50817823410034
215,21,21,1.142007,20.0,21.142006993293762
215,22,21,2.5157595,50.0,52.51575946807861
202,4,21,0.9787287,20.0,20.978728711605072
220,43,21,1.5056604,30.0,31.50566041469574
218,20,21,1.484167,30.0,31.484166979789734
212,6,21,2.5055454,50.0,52.50554537773132
208,43,21,2.4634037,50.0,52.46340370178223
218,2,21,1.4944041,30.0,31.494404077529907
217,20,21,1.6523043,20.0,21.65230429172516
199,7,21,1.5158335,30.0,31.515833497047424
205,23,21,1.0688312,20.0,21.068831205368042
202,2,21,2.4948378,50.0,52.49483776092529
201,4,21,2.5055265,50.0,52.505526542663574
217,4,21,2.061227,30.0,32.06122708320618
217,22,21,1.4030497,20.0,21.40304970741272
219,7,21,2.5173326,50.0,52.517332553863525
213,47,21,1.415612,30.0,31.41561198234558
205,22,21,2.5165982,50.0,52.51659822463989
203,47,21,2.5006332,50.0,52.500633239746094
212,37,21,1.4785708,30.0,31.478570818901062
208,41,21,2.5088806,50.0,52.508880615234375
212,38,21,0.9763174,20.0,20.976317405700684
212,39,21,2.5055401,50.0,52.50554013252258
215,12,21,2.5252795,50.0,52.52527952194214
211,5,21,2.5025144,50.0,52.502514362335205
210,24,21,2.3397558,50.0,52.33975577354431
205,24,21,1.50812,30.0,31.50811994075775
218,21,21,1.0001757,20.0,21.000175714492798
202,22,21,2.5045757,50.0,52.50457572937012
201,5,21,2.4934022,50.0,52.49340224266052
207,7,21,1.4717901,30.0,31.471790075302124
213,48,21,2.456411,50.0,52.45641088485718
202,44,21,0.97863257,20.0,20.97863256931305
204,7,21,2.5187473,50.0,52.518747329711914
211,43,21,2.5032465,50.0,52.503246545791626
215,15,21,1.4916694,30.0,31.491669416427612
208,38,21,0.9976475,20.0,20.997647523880005
215,7,21,2.5189393,50.0,52.51893925666809
210,23,21,1.5116811,30.0,31.511681079864502
220,41,21,1.0182897,20.0,21.01828968524933
199,12,21,2.5359614,50.0,52.535961389541626
202,23,21,1.0098614,20.0,21.00986135005951
216,2,21,1.0062099,20.0,21.00620985031128
209,39,21,0.99731064,20.0,20.997310638427734
219,21,21,2.4719849,50.0,52.47198486328125
200,43,21,0.9950088,20.0,20.9950088262558
211,38,21,1.0118533,20.0,21.011853337287903
205,37,21,1.0083437,20.0,21.00834369659424
201,48,21,1.4869256,30.0,31.48692560195923
200,12,21,1.0581602,20.0,21.058160185813904
199,47,21,2.5050244,50.0,52.505024433135986
209,20,21,2.502188,50.0,52.502187967300415
205,39,21,2.512535,50.0,52.512535095214844
215,6,21,2.516409,50.0,52.516408920288086
201,44,21,1.4756624,30.0,31.475662350654602
216,4,21,1.5124747,30.0,31.51247465610504
210,22,21,2.4868088,50.0,52.48680877685547
214,2,21,1.4687124,30.0,31.46871244907379
209,48,21,0.98725426,20.0,20.98725426197052
199,24,21,1.4870164,30.0,31.487016439437866
204,20,21,1.5143592,30.0,31.51435923576355
202,41,21,1.4849194,30.0,31.48491942882538
219,6,21,1.4995028,30.0,31.499502778053284
218,22,21,1.0071055,20.0,21.007105469703674
205,38,21,2.4967628,50.0,52.49676275253296
216,43,21,1.4804436,30.0,31.480443596839905
208,39,21,2.517172,50.0,52.51717209815979
212,41,21,0.9900461,20.0,20.990046083927155
200,20,21,2.4834213,50.0,52.483421325683594
203,48,21,2.4743364,50.0,52.47433638572693
217,37,21,1.8641081,30.0,31.864108085632324
201,43,21,1.4972053,30.0,31.49720525741577
203,21,21,2.4795656,50.0,52.47956562042236
217,7,21,2.5270953,50.0,52.527095317840576
207,6,21,0.9760729,20.0,20.976072907447815
207,41,21,0.9926974,20.0,20.992697417736053
213,22,21,2.5123398,50.0,52.51233983039856
217,2,21,1.4454831,20.0,21.445483088493347
211,6,21,1.5025012,30.0,31.502501249313354
200,15,21,1.4995407,30.0,31.49954068660736
219,44,21,2.4959502,50.0,52.49595022201538
217,23,21,1.3143158,20.0,21.314315795898438
220,39,21,1.0275794,20.0,21.027579426765442
204,41,21,2.5016513,50.0,52.50165128707886
220,7,21,1.4909602,30.0,31.490960240364075
204,39,21,1.4986392,30.0,31.498639225959778
215,4,21,1.4879136,30.0,31.487913608551025
215,5,21,1.1233265,20.0,21.123326539993286
205,43,21,2.5047266,50.0,52.50472664833069
211,7,21,1.4889451,30.0,31.48894512653351
205,44,21,2.495473,50.0,52.49547290802002
201,41,21,1.0009649,20.0,21.000964879989624
208,37,21,2.5148106,50.0,52.51481056213379
219,43,21,0.98878264,20.0,20.98878264427185
200,41,21,1.0108105,20.0,21.010810494422913
219,22,21,2.5140948,50.0,52.514094829559326
213,23,21,2.4886005,50.0,52.48860049247742
201,6,21,1.5424283,30.0,31.542428255081177
214,4,21,0.99783915,20.0,20.997839152812958
205,41,21,2.5053225,50.0,52.50532245635986
210,21,21,2.4778528,50.0,52.4778528213501
199,15,21,1.028723,20.0,21.028723001480103
205,47,21,1.4853529,30.0,31.485352873802185
218,24,21,1.4902928,30.0,31.49029278755188
216,5,21,1.4816465,30.0,31.48164653778076
219,4,21,1.5001187,30.0,31.500118732452393
201,7,21,2.5088744,50.0,52.50887441635132
207,5,21,2.447273,50.0,52.44727301597595
216,21,21,2.459753,50.0,52.45975303649902
202,39,21,1.4703339,30.0,31.47033393383026
211,37,21,1.014741,20.0,21.01474094390869
218,23,21,1.0153644,20.0,21.015364408493042
212,43,21,2.5115986,50.0,52.51159858703613
212,5,21,2.4685204,50.0,52.468520402908325
209,21,21,1.0385832,20.0,21.038583159446716
199,44,21,2.491447,50.0,52.49144697189331
204,2,21,2.4785018,50.0,52.47850179672241
208,23,21,1.5165726,30.0,31.51657259464264
212,47,21,2.50752,50.0,52.50751996040344
210,20,21,2.4830537,50.0,52.48305368423462
212,44,21,2.494461,50.0,52.49446105957031
208,24,21,1.0458413,20.0,21.045841336250305
216,41,21,2.4989586,50.0,52.498958587646484
214,48,21,2.5174026,50.0,52.51740264892578
205,48,21,1.0153409,20.0,21.015340924263
219,2,21,1.4903526,30.0,31.490352630615234
203,6,21,2.4945378,50.0,52.49453783035278
204,6,21,1.5001874,30.0,31.500187397003174
216,24,21,1.52709,30.0,31.527089953422546
207,43,21,1.0186248,20.0,21.018624782562256
220,23,21,1.5284052,30.0,31.52840518951416
215,2,21,1.5077816,30.0,31.507781624794006
206,4,21,1.4677165,30.0,31.467716455459595
214,44,21,1.5069155,30.0,31.50691545009613
204,38,21,1.477993,30.0,31.47799301147461
217,48,21,2.4393353,50.0,52.439335346221924
201,39,21,1.0046132,20.0,21.004613161087036
200,21,21,1.0502019,20.0,21.050201892852783
212,4,21,1.4628276,30.0,31.462827563285828
209,22,21,2.513278,50.0,52.513278007507324
214,47,21,2.4989357,50.0,52.49893569946289
217,5,21,1.6044166,30.0,31.604416608810425
220,20,21,2.494628,50.0,52.494627952575684
199,39,21,1.0143814,20.0,21.014381408691406
203,38,21,2.4821963,50.0,52.48219633102417
207,4,21,1.5081352,30.0,31.508135199546814
214,5,21,2.4828296,50.0,52.482829570770264
211,12,21,2.4851973,50.0,52.48519730567932
220,38,21,1.501836,30.0,31.50183594226837
208,22,21,2.5072124,50.0,52.5072124004364
219,41,21,2.5038087,50.0,52.50380873680115
203,5,21,0.99663436,20.0,20.996634364128113
218,38,21,2.4959066,50.0,52.495906591415405
207,47,21,1.4844381,30.0,31.484438061714172
213,20,21,1.0158963,20.0,21.015896320343018
207,44,21,2.4877987,50.0,52.4877986907959
213,21,21,1.469199,30.0,31.46919894218445
214,6,21,0.99174213,20.0,20.99174213409424
207,2,21,1.0376706,20.0,21.037670612335205
203,24,21,1.5282539,30.0,31.52825391292572
206,2,21,2.5068345,50.0,52.506834506988525
218,37,21,2.534515,50.0,52.53451490402222
203,12,21,1.0273091,20.0,21.02730906009674
203,22,21,1.0184661,20.0,21.018466114997864
206,6,21,2.4908798,50.0,52.49087977409363
216,48,21,2.5042934,50.0,52.50429344177246
199,43,21,1.5252484,30.0,31.525248408317566
202,48,21,2.511054,50.0,52.511054039001465
212,48,21,1.4713949,30.0,31.471394896507263
202,24,21,2.4479685,50.0,52.44796848297119
201,37,21,1.0057857,20.0,21.005785703659058
206,48,21,2.4783106,50.0,52.47831058502197
211,24,21,1.024159,20.0,21.02415895462036
210,4,21,2.4213202,50.0,52.42132019996643
210,2,21,2.4898477,50.0,52.4898476600647
204,21,21,2.477098,50.0,52.47709798812866
216,20,21,2.493909,50.0,52.49390888214111
201,38,21,2.4796176,50.0,52.47961759567261
214,43,21,2.5013933,50.0,52.50139331817627
211,15,21,2.5134654,50.0,52.5134654045105
204,37,21,1.0039172,20.0,21.00391721725464
216,6,21,1.4829123,30.0,31.482912302017212
214,41,21,1.013638,20.0,21.013638019561768
220,12,21,2.5039592,50.0,52.50395917892456
213,2,21,1.4764749,30.0,31.47647488117218
219,39,21,2.5135498,50.0,52.5135498046875
218,39,21,2.502348,50.0,52.50234794616699
214,7,21,1.4888912,30.0,31.48889124393463
211,44,21,0.9951887,20.0,20.99518871307373
200,39,21,2.5193698,50.0,52.51936984062195
201,12,21,1.4715271,30.0,31.471527099609375
206,5,21,0.9848644,20.0,20.98486441373825
208,21,21,2.4771724,50.0,52.47717237472534
200,22,21,2.5223737,50.0,52.52237367630005
209,23,21,2.5344667,50.0,52.53446674346924
199,20,21,2.5108023,50.0,52.510802268981934
213,5,21,2.445784,50.0,52.44578409194946
208,12,21,2.4773192,50.0,52.47731924057007
200,23,21,1.5460625,30.0,31.546062469482422
208,20,21,2.5037284,50.0,52.50372838973999
204,4,21,1.5125972,30.0,31.5125972032547
201,24,21,2.4935544,50.0,52.49355435371399
211,23,21,1.4973074,30.0,31.497307419776917
211,47,21,0.98819894,20.0,20.988198935985565
217,39,21,1.4375452,30.0,31.43754518032074
207,48,21,2.5172572,50.0,52.51725721359253
209,38,21,1.07949,20.0,21.079489946365356
199,23,21,2.5086856,50.0,52.50868558883667
206,47,21,0.9898695,20.0,20.989869475364685
206,7,21,2.5028648,50.0,52.502864837646484
210,15,21,2.4791918,50.0,52.47919178009033
210,12,21,1.4867158,30.0,31.48671579360962
201,23,21,2.4933558,50.0,52.4933557510376
217,6,21,2.3840904,50.0,52.384090423583984
216,7,21,2.5112925,50.0,52.511292457580566
217,47,21,2.3745255,50.0,52.37452554702759
214,39,21,1.4885423,30.0,31.488542318344116
206,12,21,2.3017435,50.0,52.301743507385254
206,15,21,2.445815,50.0,52.445815086364746
218,41,21,1.1219705,20.0,21.121970534324646
210,5,21,2.430533,50.0,52.430532932281494
201,15,21,1.0130848,20.0,21.013084769248962
218,48,21,1.4815745,30.0,31.481574535369873
217,44,21,2.0627701,30.0,32.06277012825012
220,37,21,1.4964004,30.0,31.496400356292725
211,20,21,1.0116476,20.0,21.011647582054138
216,38,21,1.4832523,30.0,31.48325228691101
208,15,21,2.5096927,50.0,52.509692668914795
209,24,21,1.401789,30.0,31.40178894996643
219,38,21,1.5133609,30.0,31.513360857963562
200,24,21,2.4788976,50.0,52.47889757156372
213,6,21,2.491664,50.0,52.49166393280029
206,20,21,1.0143046,20.0,21.014304637908936
214,24,21,1.0176835,20.0,21.017683506011963
214,12,21,2.4817915,50.0,52.481791496276855
214,20,21,2.501461,50.0,52.501461029052734
219,24,21,1.507673,30.0,31.507673025131226
219,23,21,1.0020199,20.0,21.00201988220215
209,37,21,1.0173867,20.0,21.01738667488098
220,15,21,1.5078597,30.0,31.507859706878662
214,38,21,1.0055046,20.0,21.005504608154297
213,4,21,1.0189795,20.0,21.01897954940796
216,39,21,1.4977207,30.0,31.49772071838379
212,2,21,2.4895687,50.0,52.48956871032715
204,24,21,1.5367345,30.0,31.536734461784363
218,43,21,1.4783422,30.0,31.478342175483704
211,21,21,1.0080547,20.0,21.008054733276367
206,22,21,2.5087214,50.0,52.508721351623535
206,23,21,2.469741,50.0,52.469741106033325
201,22,21,1.0211935,20.0,21.021193504333496
214,37,21,1.4995408,30.0,31.49954080581665
208,7,21,1.4868885,30.0,31.486888527870178
199,41,21,2.5157266,50.0,52.5157265663147
210,7,21,2.4937363,50.0,52.493736267089844
206,39,21,2.4646704,50.0,52.46467041969299
203,7,21,2.515464,50.0,52.515464067459106
217,21,21,2.4160929,50.0,52.41609287261963
214,15,21,1.5073051,30.0,31.507305145263672
206,41,21,1.4855119,30.0,31.485511898994446
203,23,21,2.4942904,50.0,52.494290351867676
201,21,21,1.468811,30.0,31.46881103515625
199,21,21,1.4727266,30.0,31.472726583480835
199,22,21,1.5249509,30.0,31.524950861930847
200,37,21,1.0123832,20.0,21.012383222579956
219,37,21,2.5163932,50.0,52.516393184661865
208,4,21,2.4871385,50.0,52.487138509750366
216,12,21,1.4722757,30.0,31.472275733947754
218,47,21,0.9890951,20.0,20.989095091819763
208,2,21,2.503069,50.0,52.503068923950195
213,15,21,2.5054736,50.0,52.505473613739014
200,38,21,2.493377,50.0,52.49337697029114
217,38,21,1.4901512,20.0,21.490151166915894
202,47,21,0.99675536,20.0,20.996755361557007
208,6,21,1.0205538,20.0,21.020553827285767
206,24,21,1.4489589,30.0,31.44895887374878
210,6,21,1.4716041,30.0,31.471604108810425
205,4,21,1.49665,30.0,31.496649980545044
212,21,21,1.488861,30.0,31.488860964775085
209,4,21,2.5141404,50.0,52.514140367507935
220,4,21,1.4912838,30.0,31.491283774375916
210,41,21,2.489064,50.0,52.48906397819519
220,5,21,1.5090961,30.0,31.509096145629883
209,5,21,1.5814575,30.0,31.581457495689392
212,20,21,2.4794264,50.0,52.47942638397217
202,15,21,1.4968162,30.0,31.496816158294678
200,47,21,1.5077648,30.0,31.50776481628418
217,41,21,1.5958098,30.0,31.595809817314148
204,12,21,1.4929963,30.0,31.492996335029602
203,37,21,1.479818,30.0,31.479817986488342
219,15,21,1.5129815,30.0,31.51298153400421
202,43,21,0.9798436,20.0,20.979843616485596
215,41,21,1.4913423,30.0,31.491342306137085
220,24,21,1.4744667,30.0,31.474466681480408
199,2,21,1.5273124,30.0,31.527312397956848
203,15,21,1.3103476,30.0,31.31034755706787
217,15,21,2.3988922,50.0,52.39889216423035
202,20,21,0.98956186,20.0,20.989561855793
210,44,21,2.473006,50.0,52.47300601005554
210,43,21,1.4777771,30.0,31.477777123451233
209,6,21,2.5206647,50.0,52.52066469192505
203,43,21,1.4831266,30.0,31.483126640319824
203,4,21,2.507018,50.0,52.507018089294434
199,4,21,1.4970809,30.0,31.49708092212677
220,48,21,1.4847274,30.0,31.484727382659912
199,5,22,2.463478,52.5,54.963478088378906
220,47,22,1.5042504,31.5,33.00425040721893
209,6,22,2.5192566,52.5,55.019256591796875
203,43,22,1.4851562,31.5,32.985156178474426
203,4,22,2.5048394,52.5,55.0048394203186
209,43,22,0.9990251,21.0,21.999025106430054
201,6,22,1.5412023,31.5,33.04120230674744
219,22,22,2.4823685,52.5,54.98236846923828
200,41,22,1.0269179,21.0,22.026917934417725
211,37,22,1.0255903,21.0,22.025590300559998
218,23,22,1.0197506,21.0,22.019750595092773
208,24,22,1.0171509,21.0,22.01715087890625
219,43,22,0.99632275,21.0,21.996322751045227
208,37,22,2.5123065,52.5,55.012306451797485
203,48,22,2.4749837,52.5,54.97498369216919
217,7,22,2.5219579,52.5,55.021957874298096
218,6,22,2.504827,52.5,55.00482702255249
215,39,22,1.0233173,21.0,22.023317337036133
212,15,22,1.485341,31.5,32.98534095287323
200,2,22,2.4989114,52.5,54.99891138076782
215,41,22,1.4820496,31.5,32.98204958438873
219,15,22,1.5152215,31.5,33.01522147655487
218,44,22,1.5366479,31.5,33.03664791584015
206,37,22,1.48986,31.5,32.98986005783081
206,38,22,2.4481065,52.5,54.94810652732849
214,21,22,1.487739,31.5,32.98773896694183
211,22,22,2.504206,52.5,55.00420594215393
220,24,22,1.4714606,31.5,32.971460580825806
217,15,22,2.4957323,52.5,54.99573230743408
199,4,22,1.4973947,31.5,32.99739468097687
203,15,22,1.4849819,31.5,32.9849818944931
210,43,22,1.4882882,31.5,32.988288164138794
201,21,22,1.4752,31.5,32.975200057029724
214,22,22,2.508872,52.5,55.00887203216553
214,23,22,2.4999585,52.5,54.999958515167236
206,23,22,2.4764593,52.5,54.97645926475525
201,22,22,1.016597,21.0,22.016597032546997
202,38,22,2.5015392,52.5,55.00153923034668
204,22,22,1.021107,21.0,22.021106958389282
220,5,22,1.5107479,31.5,33.0107479095459
210,41,22,2.4948015,52.5,54.99480152130127
220,4,22,1.4899886,31.5,32.989988565444946
209,4,22,2.512313,52.5,55.01231288909912
212,21,22,1.5045577,31.5,33.004557728767395
205,4,22,1.4999149,31.5,32.99991488456726
205,5,22,2.4700837,52.5,54.970083713531494
213,41,22,1.4506302,31.5,32.95063018798828
213,12,22,2.4991302,52.5,54.99913024902344
218,47,22,0.98145854,21.0,21.98145854473114
216,12,22,1.4855691,31.5,32.98556911945343
208,4,22,2.4914408,52.5,54.991440773010254
219,37,22,2.5128613,52.5,55.012861251831055
200,37,22,1.0174036,21.0,22.017403602600098
208,6,22,1.0234681,21.0,22.023468136787415
199,22,22,1.5258256,31.5,33.02582561969757
199,21,22,1.4739158,31.5,32.973915815353394
217,43,22,2.5072975,52.5,55.00729751586914
207,22,22,2.4971514,52.5,54.997151374816895
200,48,22,2.5203655,52.5,55.020365476608276
207,21,22,0.9836922,21.0,21.983692228794098
210,39,22,1.4737909,31.5,32.973790884017944
204,47,22,1.4916196,31.5,32.99161958694458
218,4,22,1.4845324,31.5,32.98453235626221
220,44,22,2.491,52.5,54.990999937057495
217,38,22,1.0094924,21.0,22.00949239730835
203,38,22,2.4901872,52.5,54.99018716812134
214,20,22,2.5024354,52.5,55.00243544578552
200,38,22,2.5073295,52.5,55.00732946395874
213,15,22,2.4923892,52.5,54.99238920211792
212,12,22,2.366534,52.5,54.86653399467468
199,6,22,1.0203178,21.0,22.020317792892456
215,37,22,0.9957692,21.0,21.995769202709198
216,44,22,2.4843576,52.5,54.984357595443726
199,48,22,1.0061666,21.0,22.006166577339172
210,48,22,2.491864,52.5,54.99186396598816
215,38,22,2.5050454,52.5,55.00504541397095
207,24,22,1.0028281,21.0,22.002828121185303
204,7,22,2.5150912,52.5,55.01509118080139
219,20,22,2.4978735,52.5,54.99787354469299
208,2,22,2.5012388,52.5,55.00123882293701
211,21,22,1.0098412,21.0,22.009841203689575
206,22,22,2.5160198,52.5,55.01601982116699
218,43,22,1.4784727,31.5,32.97847270965576
204,24,22,1.5392575,31.5,33.039257526397705
210,7,22,2.498173,52.5,54.998172998428345
210,6,22,1.4675772,31.5,32.9675772190094
213,38,22,0.9712787,21.0,21.971278727054596
211,39,22,2.5097086,52.5,55.009708642959595
199,37,22,2.51237,52.5,55.012370109558105
204,44,22,1.5035928,31.5,33.00359284877777
200,4,22,1.0421212,21.0,22.042121171951294
209,2,22,2.4854922,52.5,54.98549222946167
212,22,22,2.496738,52.5,54.99673795700073
210,38,22,1.4801375,31.5,32.98013746738434
206,24,22,1.442315,31.5,32.942314982414246
202,47,22,0.9645503,21.0,21.96455031633377
203,23,22,2.489913,52.5,54.98991298675537
210,5,22,1.6472244,52.5,54.14722442626953
206,39,22,2.4809375,52.5,54.980937480926514
199,41,22,2.5175142,52.5,55.0175142288208
209,24,22,1.4812324,31.5,32.98123240470886
208,7,22,1.4907919,31.5,32.99079191684723
218,12,22,2.513338,52.5,55.01333808898926
217,12,22,1.4910034,31.5,32.99100339412689
205,6,22,2.5098543,52.5,55.009854316711426
202,12,22,1.4837714,31.5,32.983771443367004
205,7,22,2.511882,52.5,55.011882066726685
215,47,22,1.489748,31.5,32.98974800109863
213,43,22,2.4763985,52.5,54.97639846801758
207,37,22,1.535263,31.5,33.03526294231415
214,37,22,1.500426,31.5,33.000426054000854
204,23,22,2.5113437,52.5,55.01134371757507
206,20,22,0.9998516,21.0,21.99985158443451
213,6,22,2.5002966,52.5,55.0002965927124
200,24,22,2.4741893,52.5,54.97418928146362
219,38,22,1.5141777,31.5,33.014177680015564
217,6,22,2.5027366,52.5,55.00273656845093
206,41,22,1.473685,31.5,32.97368502616882
214,15,22,1.5060936,31.5,33.00609362125397
216,23,22,1.5051082,31.5,33.00510823726654
211,41,22,2.5070734,52.5,55.007073402404785
219,12,22,1.4991677,31.5,32.999167680740356
215,24,22,2.5023541,52.5,55.00235414505005
203,41,22,2.4922597,52.5,54.99225974082947
200,6,22,1.5047816,31.5,33.00478160381317
220,2,22,2.4991739,52.5,54.99917387962341
217,21,22,2.5026476,52.5,55.00264763832092
203,7,22,2.5161061,52.5,55.01610612869263
205,15,22,1.5015045,31.5,33.00150454044342
203,20,22,2.4900265,52.5,54.99002647399902
205,12,22,1.0264418,21.0,22.02644181251526
201,2,22,1.5094826,31.5,33.009482622146606
209,44,22,1.0222979,21.0,22.022297859191895
208,12,22,2.4879265,52.5,54.9879264831543
201,23,22,2.4926171,52.5,54.99261713027954
212,2,22,2.4874868,52.5,54.987486839294434
213,4,22,1.0207031,21.0,22.020703077316284
214,38,22,1.0107393,21.0,22.01073932647705
218,41,22,1.0381337,21.0,22.03813374042511
211,23,22,1.4979771,31.5,32.99797713756561
220,15,22,1.5109007,31.5,33.0109007358551
209,37,22,1.0217259,21.0,22.02172589302063
219,24,22,1.5050341,31.5,33.00503408908844
214,24,22,1.0098062,21.0,22.009806156158447
218,48,22,1.4821038,31.5,32.98210382461548
201,15,22,1.0164475,21.0,22.0164475440979
206,15,22,2.4480326,52.5,54.94803261756897
214,39,22,1.4882054,31.5,32.988205432891846
217,47,22,2.5058818,52.5,55.005881786346436
216,7,22,2.5089326,52.5,55.00893259048462
200,44,22,2.495582,52.5,54.99558210372925
213,37,22,2.4806218,52.5,54.98062181472778
209,47,22,2.4901247,52.5,54.99012470245361
210,37,22,1.4603035,31.5,32.96030354499817
205,20,22,1.522906,31.5,33.02290594577789
208,48,22,1.0051016,21.0,22.005101561546326
203,44,22,2.5024004,52.5,55.002400398254395
217,24,22,1.546567,31.5,33.0465669631958
202,7,22,1.483397,31.5,32.983397006988525
215,23,22,1.5025593,31.5,33.002559304237366
204,4,22,1.5100895,31.5,33.01008951663971
216,38,22,1.4771701,31.5,32.97717010974884
211,20,22,1.0118226,21.0,22.0118225812912
220,37,22,1.4976768,31.5,32.997676849365234
199,23,22,2.5049758,52.5,55.00497579574585
214,12,22,2.490127,52.5,54.990127086639404
216,47,22,1.4790896,31.5,32.97908961772919
218,15,22,2.5005846,52.5,55.00058460235596
219,48,22,1.4968402,31.5,32.99684023857117
212,23,22,1.513023,31.5,33.013023018836975
208,47,22,1.4865233,31.5,32.986523270606995
211,2,22,2.5005822,52.5,55.000582218170166
207,20,22,1.0303099,21.0,22.030309915542603
213,44,22,2.4882414,52.5,54.98824143409729
217,44,22,1.5135123,31.5,33.01351225376129
216,20,22,2.4911413,52.5,54.9911413192749
201,24,22,2.4919581,52.5,54.991958141326904
206,12,22,2.2590442,52.5,54.75904417037964
216,39,22,1.498537,31.5,32.99853694438934
208,20,22,2.5013871,52.5,55.00138711929321
200,23,22,1.511567,31.5,33.0115669965744
207,15,22,2.5043502,52.5,55.00435018539429
216,22,22,1.0165747,21.0,22.01657474040985
220,22,22,1.5134512,31.5,33.01345121860504
212,7,22,2.513084,52.5,55.013083934783936
209,12,22,1.0095198,21.0,22.009519815444946
212,24,22,2.3975754,52.5,54.89757537841797
202,21,22,1.5505389,31.5,33.05053889751434
202,5,22,1.4689591,31.5,32.96895909309387
220,6,22,2.5055556,52.5,55.005555629730225
213,5,22,2.4607804,52.5,54.96078038215637
208,15,22,2.509812,52.5,55.009812116622925
215,21,22,1.0034118,21.0,22.003411769866943
205,21,22,1.4945519,31.5,32.99455189704895
207,39,22,2.5104475,52.5,55.01044750213623
213,24,22,2.5043979,52.5,55.00439786911011
206,6,22,2.4868321,52.5,54.98683214187622
216,6,22,1.4817897,31.5,32.98178970813751
204,37,22,1.0008948,21.0,22.000894784927368
210,12,22,1.4853781,31.5,32.98537814617157
210,15,22,2.4813962,52.5,54.981396198272705
206,7,22,2.4992769,52.5,54.999276876449585
218,39,22,2.5014222,52.5,55.00142216682434
209,38,22,1.1359723,21.0,22.135972261428833
211,47,22,0.98911965,21.0,21.98911964893341
207,48,22,2.5200496,52.5,55.02004957199097
217,39,22,1.5193794,31.5,33.01937937736511
210,4,22,2.412615,52.5,54.912615060806274
215,48,22,0.9938919,21.0,21.993891894817352
204,43,22,1.5049402,31.5,33.004940152168274
211,4,22,2.501235,52.5,55.001235008239746
200,7,22,1.5185286,31.5,33.01852858066559
208,44,22,2.4973948,52.5,54.99739480018616
211,44,22,0.9955858,21.0,21.995585799217224
214,7,22,1.4859453,31.5,32.98594534397125
206,47,22,0.9743079,21.0,21.974307894706726
219,39,22,2.5107815,52.5,55.01078152656555
213,2,22,1.4816604,31.5,32.98166036605835
220,12,22,2.499423,52.5,54.999423027038574
209,23,22,2.5226436,52.5,55.02264356613159
214,41,22,1.011871,21.0,22.011870980262756
220,43,22,1.5075254,31.5,33.00752544403076
202,4,22,0.99829733,21.0,21.998297333717346
215,22,22,2.513627,52.5,55.01362705230713
203,47,22,2.501027,52.5,55.00102710723877
203,2,22,1.4897091,31.5,32.98970913887024
205,22,22,2.5129251,52.5,55.012925148010254
219,7,22,2.5159163,52.5,55.01591634750366
199,20,22,2.5038676,52.5,55.003867626190186
200,22,22,2.535191,52.5,55.03519105911255
208,21,22,2.4856243,52.5,54.98562431335449
206,5,22,0.9459911,21.0,21.945991098880768
200,39,22,2.5049734,52.5,55.00497341156006
219,23,22,1.0049562,21.0,22.004956245422363
213,20,22,1.0142838,21.0,22.014283776283264
207,38,22,1.5465689,31.5,33.046568870544434
209,41,22,1.4746246,31.5,32.97462463378906
213,48,22,2.449593,52.5,54.94959306716919
204,15,22,1.0253527,21.0,22.025352716445923
213,47,22,1.4351134,31.5,32.93511343002319
201,12,22,1.4460205,31.5,32.94602048397064
201,37,22,1.0097651,21.0,22.009765148162842
216,5,22,1.4857204,31.5,32.98572039604187
202,24,22,2.4723659,52.5,54.972365856170654
212,48,22,1.4684035,31.5,32.968403458595276
202,48,22,2.5090194,52.5,55.00901937484741
199,43,22,1.5361607,31.5,33.036160707473755
217,4,22,1.5984821,31.5,33.09848213195801
217,22,22,1.0209519,21.0,22.020951867103577
217,5,22,1.4895654,31.5,32.98956537246704
201,4,22,2.506215,52.5,55.00621509552002
202,2,22,2.498685,52.5,54.998684883117676
205,23,22,1.246549,21.0,22.246549010276794
199,7,22,1.5135324,31.5,33.013532400131226
209,15,22,1.50375,31.5,33.0037499666214
212,37,22,1.4632933,31.5,32.9632933139801
219,47,22,1.4969237,31.5,32.99692368507385
208,43,22,2.4605346,52.5,54.96053457260132
212,6,22,2.5033948,52.5,55.00339484214783
218,20,22,1.4933542,31.5,32.99335420131683
207,12,22,1.514263,31.5,33.01426303386688
220,38,22,1.5052942,31.5,33.00529420375824
211,15,22,2.5147727,52.5,55.01477265357971
214,43,22,2.4985292,52.5,54.99852919578552
206,2,22,2.5013542,52.5,55.0013542175293
218,37,22,2.5290718,52.5,55.02907180786133
201,38,22,2.4905655,52.5,54.99056553840637
218,38,22,2.4981527,52.5,54.99815273284912
204,21,22,2.4891062,52.5,54.98910617828369
210,2,22,2.4855657,52.5,54.98556566238403
211,24,22,1.0331409,21.0,22.033140897750854
206,48,22,2.4713387,52.5,54.971338748931885
216,2,22,1.0052104,21.0,22.005210399627686
218,21,22,1.006578,21.0,22.006577968597412
205,24,22,1.5101935,31.5,33.0101934671402
210,24,22,2.398724,52.5,54.89872407913208
211,5,22,2.5029006,52.5,55.00290060043335
207,44,22,2.4960783,52.5,54.99607825279236
207,47,22,1.5117387,31.5,33.011738657951355
206,4,22,1.4639595,31.5,32.96395945549011
203,5,22,0.999347,21.0,21.99934697151184
219,41,22,2.5003004,52.5,55.00030040740967
208,22,22,2.5060155,52.5,55.00601553916931
217,48,22,2.514573,52.5,55.014573097229004
217,20,22,1.0537395,21.0,22.053739547729492
215,20,22,0.989423,21.0,21.989422976970673
215,15,22,1.4856522,31.5,32.98565220832825
218,2,22,1.4900842,31.5,32.990084171295166
212,38,22,0.9793197,21.0,21.97931969165802
208,41,22,2.5056891,52.5,55.00568914413452
202,22,22,2.5038218,52.5,55.003821849823
200,21,22,1.0242673,21.0,22.024267315864563
201,39,22,1.0029832,21.0,22.00298321247101
204,38,22,1.4826274,31.5,32.982627391815186
214,44,22,1.5098245,31.5,33.00982451438904
203,22,22,1.0145228,21.0,22.014522790908813
203,12,22,1.0245764,21.0,22.024576425552368
203,24,22,1.53341,31.5,33.03340995311737
207,2,22,1.0421481,21.0,22.042148113250732
214,6,22,1.0005704,21.0,22.0005704164505
211,43,22,2.4924786,52.5,54.99247860908508
202,44,22,0.9922962,21.0,21.99229621887207
207,7,22,1.4692466,31.5,32.96924662590027
201,5,22,2.490672,52.5,54.99067211151123
199,47,22,2.5054975,52.5,55.005497455596924
200,12,22,1.0476602,21.0,22.04766023159027
201,48,22,1.485758,31.5,32.98575794696808
205,37,22,1.0118711,21.0,22.011871099472046
211,38,22,1.0092316,21.0,22.009231567382812
207,4,22,1.512223,31.5,33.0122230052948
199,39,22,1.0185771,21.0,22.018577098846436
220,20,22,2.490141,52.5,54.99014091491699
213,21,22,1.4757745,31.5,32.97577452659607
214,47,22,2.4975095,52.5,54.997509479522705
209,22,22,2.5299125,52.5,55.02991247177124
212,4,22,1.4653183,31.5,32.9653183221817
215,12,22,2.5223253,52.5,55.02232527732849
199,12,22,2.5362198,52.5,55.03621983528137
212,39,22,2.5033793,52.5,55.003379344940186
208,39,22,2.5045223,52.5,55.0045223236084
208,23,22,1.5039325,31.5,33.0039324760437
204,2,22,2.4857805,52.5,54.985780477523804
216,41,22,2.4942105,52.5,54.99421048164368
211,12,22,2.4771798,52.5,54.977179765701294
214,5,22,2.4881818,52.5,54.988181829452515
200,43,22,1.008276,21.0,22.008275985717773
219,21,22,2.4846988,52.5,54.98469877243042
209,39,22,1.0003201,21.0,22.000320076942444
217,2,22,1.0195477,21.0,22.019547700881958
202,23,22,1.0091761,21.0,22.00917613506317
220,41,22,1.0241336,21.0,22.024133563041687
210,23,22,1.5022149,31.5,33.00221490859985
205,38,22,2.498549,52.5,54.99854898452759
215,7,22,2.5182395,52.5,55.01823949813843
216,48,22,2.50764,52.5,55.00763988494873
209,20,22,2.5016966,52.5,55.00169658660889
211,6,22,1.4934318,31.5,32.99343180656433
208,38,22,1.0064816,21.0,22.006481647491455
212,41,22,0.99256665,21.0,21.992566645145416
216,43,22,1.4758091,31.5,32.97580909729004
204,20,22,1.5180132,31.5,33.01801323890686
202,41,22,1.4833001,31.5,32.98330008983612
216,24,22,1.5274253,31.5,33.02742528915405
204,6,22,1.5010586,31.5,33.00105857849121
219,2,22,1.4939426,31.5,32.993942618370056
205,48,22,1.0122747,21.0,22.012274742126465
214,48,22,2.513431,52.5,55.01343107223511
212,44,22,2.49606,52.5,54.99605989456177
209,21,22,1.0697482,21.0,22.069748163223267
220,7,22,1.4918385,31.5,32.991838455200195
210,20,22,2.4792433,52.5,54.97924327850342
212,47,22,2.5095162,52.5,55.00951623916626
218,24,22,1.4837344,31.5,32.983734369277954
205,47,22,1.487273,31.5,32.98727297782898
210,21,22,2.4745235,52.5,54.97452354431152
199,15,22,1.0289048,21.0,22.028904795646667
215,2,22,1.4922264,31.5,32.992226362228394
207,43,22,1.0110295,21.0,22.011029481887817
199,24,22,1.4821666,31.5,32.98216664791107
209,48,22,1.0221269,21.0,22.02212691307068
214,2,22,1.4716879,31.5,32.97168791294098
210,22,22,2.4988284,52.5,54.998828411102295
220,39,22,1.0272375,21.0,22.02723753452301
216,4,22,1.5158479,31.5,33.01584792137146
201,44,22,1.4793135,31.5,32.97931349277496
215,6,22,2.5190046,52.5,55.019004583358765
205,39,22,2.5096083,52.5,55.00960826873779
218,22,22,1.0073775,21.0,22.00737750530243
219,44,22,2.4975507,52.5,54.99755072593689
200,15,22,1.4770179,31.5,32.977017879486084
219,6,22,1.4933078,31.5,32.9933078289032
203,6,22,2.5066528,52.5,55.00665283203125
213,22,22,2.5206308,52.5,55.020630836486816
204,39,22,1.4990104,31.5,32.99901044368744
199,44,22,2.492356,52.5,54.992356061935425
212,5,22,2.4675436,52.5,54.967543601989746
212,43,22,2.510417,52.5,55.010416984558105
201,41,22,1.0036664,21.0,22.003666400909424
202,39,22,1.470771,31.5,32.970770955085754
216,21,22,2.463147,52.5,54.963146924972534
207,5,22,2.4423175,52.5,54.942317485809326
201,7,22,2.5069032,52.5,55.00690317153931
219,4,22,1.4991016,31.5,32.999101638793945
220,23,22,1.5239295,31.5,33.023929476737976
205,44,22,2.488157,52.5,54.98815703392029
211,7,22,1.4945456,31.5,32.994545578956604
215,5,22,1.1223077,21.0,22.122307658195496
215,4,22,1.4894712,31.5,32.989471197128296
205,43,22,2.5031106,52.5,55.00311064720154
207,41,22,0.99557275,21.0,21.99557274580002
213,23,22,2.485754,52.5,54.98575401306152
207,6,22,0.9808312,21.0,21.98083120584488
203,21,22,2.4745407,52.5,54.97454071044922
201,43,22,1.5002369,31.5,33.00023686885834
217,37,22,1.5168984,31.5,33.01689839363098
200,20,22,2.4832072,52.5,54.98320722579956
205,41,22,2.506452,52.5,55.00645208358765
214,4,22,1.0009902,21.0,22.00099015235901
204,41,22,2.4954019,52.5,54.99540185928345
217,23,22,1.0180776,21.0,22.018077611923218
216,37,22,1.0117605,21.0,22.011760473251343
204,5,22,1.4963473,31.5,32.996347308158875
201,20,22,1.0135113,21.0,22.013511300086975
211,48,22,2.5086577,52.5,55.008657693862915
203,39,22,1.0435296,21.0,22.043529629707336
213,7,22,2.5513155,52.5,55.05131554603577
204,12,22,1.4749573,31.5,32.9749573469162
217,41,22,1.4999037,31.5,32.99990367889404
200,47,22,1.5489244,31.5,33.04892444610596
207,23,22,1.4812499,31.5,32.981249928474426
202,15,22,1.4942425,31.5,32.994242548942566
212,20,22,2.4802372,52.5,54.98023724555969
209,5,22,1.5865693,31.5,33.08656930923462
209,7,22,2.487092,52.5,54.98709201812744
205,2,22,1.587917,31.5,33.08791697025299
204,48,22,1.4904215,31.5,32.990421533584595
210,44,22,2.4767342,52.5,54.97673416137695
202,20,22,0.9833257,21.0,21.983325719833374
215,44,22,1.501731,31.5,33.00173103809357
218,5,22,0.9920776,21.0,21.992077589035034
210,47,22,1.4764122,31.5,32.97641217708588
199,2,22,1.5195777,31.5,33.019577741622925
202,43,22,1.010048,21.0,22.010048031806946
203,37,22,1.4832581,31.5,32.9832581281662
213,39,22,2.454581,52.5,54.95458102226257
220,21,22,1.5482379,31.5,33.048237919807434
199,38,22,2.482851,52.5,54.98285102844238
220,48,22,1.4931196,31.5,32.993119597435
220,21,23,1.5528674,33.0,34.55286741256714
213,39,23,2.4411275,55.0,57.44112753868103
203,37,23,1.4889884,33.0,34.488988399505615
202,43,23,1.012294,22.0,23.012294054031372
205,2,23,1.5903476,33.0,34.59034764766693
210,47,23,1.4809003,33.0,34.480900287628174
215,44,23,1.5025347,33.0,34.50253474712372
199,5,23,2.4459457,55.0,57.445945739746094
220,47,23,1.4862286,33.0,34.486228585243225
209,5,23,1.5940765,33.0,34.59407651424408
209,6,23,2.5186744,55.0,57.51867437362671
203,4,23,2.5000715,55.0,57.50007152557373
210,44,23,2.4749608,55.0,57.474960803985596
210,43,23,1.4854743,33.0,34.48547434806824
199,24,23,1.4829186,33.0,34.48291862010956
200,43,23,1.0022779,22.0,23.002277851104736
219,22,23,2.5043192,55.0,57.504319190979004
200,41,23,1.0067716,22.0,23.006771564483643
211,37,23,1.0277905,22.0,23.027790546417236
208,24,23,1.0108926,22.0,23.010892629623413
219,43,23,0.9945142,22.0,22.994514226913452
219,44,23,2.498671,55.0,57.49867105484009
208,37,23,2.5116448,55.0,57.51164484024048
203,48,23,2.4791477,55.0,57.4791476726532
202,48,23,2.5082455,55.0,57.50824546813965
217,37,23,1.5132298,33.0,34.513229846954346
217,7,23,2.5188675,55.0,57.51886749267578
205,44,23,2.4977179,55.0,57.49771785736084
211,7,23,1.4954076,33.0,34.495407581329346
215,4,23,1.4915557,33.0,34.49155569076538
205,43,23,2.4998577,55.0,57.499857664108276
207,6,23,0.980597,22.0,22.980597019195557
214,4,23,1.0005248,22.0,23.000524759292603
203,21,23,2.4776578,55.0,57.47765779495239
201,43,23,1.5098822,33.0,34.50988221168518
215,5,23,0.98637486,22.0,22.986374855041504
205,41,23,2.5073233,55.0,57.507323265075684
201,6,23,1.4993421,33.0,34.49934208393097
217,23,23,1.0183152,22.0,23.018315196037292
212,39,23,2.501421,55.0,57.501420974731445
200,15,23,1.4754459,33.0,34.47544586658478
208,38,23,0.9989063,22.0,22.998906314373016
210,22,23,2.4984345,55.0,57.49843454360962
219,4,23,1.501456,33.0,34.50145602226257
203,6,23,2.5079398,55.0,57.50793981552124
213,22,23,2.511959,55.0,57.511959075927734
207,41,23,1.0119257,22.0,23.01192569732666
218,23,23,1.0197712,22.0,23.019771218299866
204,39,23,1.4986138,33.0,34.4986138343811
212,5,23,2.4636052,55.0,57.46360516548157
212,43,23,2.5054698,55.0,57.50546979904175
201,41,23,1.1750247,22.0,23.17502474784851
207,5,23,2.446879,55.0,57.4468789100647
202,39,23,1.4760361,33.0,34.476036071777344
216,21,23,2.4727316,55.0,57.472731590270996
220,23,23,1.5257835,33.0,34.52578353881836
218,24,23,1.4791325,33.0,34.479132533073425
205,47,23,1.4876443,33.0,34.48764431476593
210,21,23,2.4738154,55.0,57.47381544113159
199,15,23,1.026808,22.0,23.02680802345276
215,2,23,1.5078844,33.0,34.5078843832016
207,43,23,0.997447,22.0,22.99744701385498
209,48,23,0.98605263,22.0,22.986052632331848
220,39,23,1.0244775,22.0,23.02447748184204
216,4,23,1.5149324,33.0,34.51493239402771
215,6,23,2.5120842,55.0,57.51208424568176
205,39,23,2.5045285,55.0,57.504528522491455
218,22,23,1.0065569,22.0,23.00655686855316
204,41,23,2.4853203,55.0,57.48532032966614
211,6,23,1.4875648,33.0,34.4875648021698
212,41,23,0.998492,22.0,22.998492002487183
216,43,23,1.4740454,33.0,34.474045395851135
216,48,23,2.507147,55.0,57.50714707374573
201,44,23,1.448242,33.0,34.44824194908142
201,5,23,2.4914813,55.0,57.4914813041687
214,2,23,1.4731343,33.0,34.4731342792511
204,20,23,1.5373726,33.0,34.53737258911133
202,41,23,1.4869839,33.0,34.48698389530182
216,24,23,1.528725,33.0,34.528725028038025
204,6,23,1.4998817,33.0,34.499881744384766
219,2,23,1.4945374,33.0,34.494537353515625
201,7,23,2.5078864,55.0,57.50788640975952
207,4,23,1.502627,33.0,34.50262701511383
205,48,23,1.0205274,22.0,23.020527362823486
214,48,23,2.509037,55.0,57.509037017822266
200,20,23,2.48602,55.0,57.4860200881958
212,44,23,2.4795017,55.0,57.479501724243164
208,23,23,1.5143499,33.0,34.514349937438965
220,7,23,1.491656,33.0,34.49165594577789
210,20,23,2.492572,55.0,57.49257206916809
212,47,23,2.5062358,55.0,57.5062358379364
216,39,23,1.5010253,33.0,34.501025319099426
216,41,23,2.491749,55.0,57.49174904823303
211,12,23,2.4765544,55.0,57.47655439376831
214,5,23,2.4849982,55.0,57.48499822616577
213,23,23,2.4949753,55.0,57.494975328445435
219,21,23,2.4795244,55.0,57.47952437400818
205,38,23,2.505474,55.0,57.50547409057617
202,23,23,0.9833144,22.0,22.983314394950867
210,23,23,1.5051569,33.0,34.50515687465668
215,7,23,2.5184464,55.0,57.51844644546509
199,47,23,2.5028548,55.0,57.50285482406616
199,44,23,2.4922528,55.0,57.492252826690674
200,12,23,1.0791761,22.0,23.07917606830597
201,48,23,1.4826969,33.0,34.482696890830994
205,37,23,1.0217032,22.0,23.021703243255615
219,6,23,1.49389,33.0,34.493890047073364
209,47,23,2.4887109,55.0,57.48871088027954
211,38,23,1.0053885,22.0,23.005388498306274
217,39,23,1.5204896,33.0,34.5204895734787
217,41,23,1.5013866,33.0,34.501386642456055
199,39,23,1.023291,22.0,23.023290991783142
200,39,23,2.515965,55.0,57.5159649848938
213,21,23,1.4641562,33.0,34.46415615081787
203,24,23,1.5311313,33.0,34.53113126754761
204,38,23,1.4880545,33.0,34.488054513931274
209,22,23,2.533258,55.0,57.53325796127319
212,4,23,1.4704927,33.0,34.47049272060394
209,21,23,1.1216409,22.0,23.121640920639038
200,21,23,1.0329176,22.0,23.032917618751526
211,5,23,2.503492,55.0,57.5034921169281
199,12,23,2.5367823,55.0,57.53678226470947
215,15,23,1.4807652,33.0,34.48076522350311
215,12,23,2.515329,55.0,57.515328884124756
208,39,23,2.5134497,55.0,57.51344966888428
212,38,23,1.0018141,22.0,23.001814126968384
208,41,23,2.5084276,55.0,57.50842761993408
202,22,23,2.5071456,55.0,57.50714564323425
209,20,23,2.5098658,55.0,57.50986576080322
201,39,23,1.0040922,22.0,23.0040922164917
214,44,23,1.5160449,33.0,34.5160448551178
206,2,23,2.5083652,55.0,57.50836515426636
203,22,23,1.0213047,22.0,23.021304726600647
214,47,23,2.4936419,55.0,57.49364185333252
207,2,23,1.0335262,22.0,23.033526182174683
214,6,23,1.0002971,22.0,23.00029706954956
220,20,23,2.4917312,55.0,57.4917311668396
199,38,23,2.4899297,55.0,57.48992967605591
209,39,23,1.0029902,22.0,23.002990245819092
207,7,23,1.4755915,33.0,34.47559154033661
216,2,23,1.0107796,22.0,23.01077961921692
218,21,23,1.0048919,22.0,23.004891872406006
205,24,23,1.5120664,33.0,34.51206636428833
207,47,23,1.5093285,33.0,34.50932848453522
207,44,23,2.483851,55.0,57.483850955963135
206,4,23,1.4757346,33.0,34.47573459148407
217,21,23,2.506042,55.0,57.50604200363159
203,5,23,0.9997448,22.0,22.999744772911072
219,41,23,2.4998887,55.0,57.49988865852356
208,22,23,2.5024023,55.0,57.50240230560303
212,48,23,1.4610574,33.0,34.46105742454529
217,48,23,2.508955,55.0,57.508955001831055
215,20,23,0.98484313,22.0,22.984843134880066
218,2,23,1.4863018,33.0,34.48630177974701
219,47,23,1.4966278,33.0,34.49662780761719
208,43,23,2.4632363,55.0,57.4632363319397
212,6,23,2.5032487,55.0,57.50324869155884
218,20,23,1.4838852,33.0,34.483885169029236
211,43,23,2.4987886,55.0,57.498788595199585
210,15,23,2.4913497,55.0,57.49134969711304
211,15,23,2.511642,55.0,57.51164197921753
214,43,23,2.4943361,55.0,57.49433612823486
218,37,23,2.5073407,55.0,57.50734066963196
201,38,23,2.4851513,55.0,57.485151290893555
204,21,23,2.485632,55.0,57.48563194274902
206,48,23,2.4493272,55.0,57.44932723045349
210,2,23,2.4872363,55.0,57.4872362613678
211,24,23,1.0338056,22.0,23.03380560874939
201,12,23,1.503845,33.0,34.50384497642517
216,5,23,1.478057,33.0,34.4780570268631
202,24,23,2.4710696,55.0,57.47106957435608
199,43,23,1.5438915,33.0,34.54389154911041
220,38,23,1.5040985,33.0,34.504098534584045
217,22,23,0.9952001,22.0,22.995200097560883
201,4,23,2.5043087,55.0,57.50430870056152
207,12,23,1.5216535,33.0,34.52165353298187
202,2,23,2.4952226,55.0,57.49522256851196
205,23,23,1.0240154,22.0,23.024015426635742
203,12,23,1.0222113,22.0,23.02221131324768
210,24,23,2.398316,55.0,57.39831590652466
199,7,23,1.5118431,33.0,34.511843085289
217,20,23,1.0421814,22.0,23.042181372642517
220,6,23,2.5068197,55.0,57.50681972503662
209,15,23,1.5088843,33.0,34.50888431072235
212,37,23,1.4661702,33.0,34.46617019176483
203,47,23,2.499428,55.0,57.499428033828735
203,2,23,1.4916244,33.0,34.49162435531616
205,22,23,2.523565,55.0,57.52356505393982
215,48,23,0.9967104,22.0,22.996710419654846
213,47,23,1.5272975,33.0,34.527297496795654
219,7,23,2.5104632,55.0,57.51046323776245
217,4,23,1.616761,33.0,34.61676096916199
199,20,23,2.5028334,55.0,57.50283336639404
204,2,23,2.5049229,55.0,57.50492286682129
200,22,23,2.4977124,55.0,57.49771237373352
208,21,23,2.4833212,55.0,57.48332118988037
206,5,23,0.984184,22.0,22.98418402671814
201,37,23,1.0095726,22.0,23.009572625160217
202,44,23,0.9850918,22.0,22.98509180545807
219,23,23,1.0152909,22.0,23.01529085636139
213,20,23,1.0056324,22.0,23.005632400512695
213,48,23,2.4411724,55.0,57.4411723613739
204,15,23,1.0183275,22.0,23.018327474594116
204,43,23,1.5033904,33.0,34.503390431404114
220,41,23,1.027691,22.0,23.02769100666046
200,7,23,1.5005584,33.0,34.500558376312256
208,44,23,2.495592,55.0,57.49559211730957
211,44,23,0.985745,22.0,22.985745012760162
214,7,23,1.4852972,33.0,34.485297203063965
206,47,23,0.97054183,22.0,22.970541834831238
219,39,23,2.506897,55.0,57.50689697265625
213,2,23,1.494476,33.0,34.494475960731506
220,12,23,2.4987295,55.0,57.49872946739197
214,41,23,1.0141534,22.0,23.014153361320496
206,6,23,2.4905849,55.0,57.49058485031128
220,43,23,1.5076016,33.0,34.507601618766785
211,4,23,2.5057254,55.0,57.505725383758545
202,4,23,0.99920577,22.0,22.999205768108368
205,20,23,1.516246,33.0,34.51624596118927
215,21,23,1.0197467,22.0,23.01974666118622
205,21,23,1.5096391,33.0,34.50963914394379
207,39,23,2.5097585,55.0,57.50975847244263
213,24,23,2.490295,55.0,57.49029493331909
207,38,23,1.5475249,33.0,34.54752492904663
204,37,23,1.0072224,22.0,23.007222414016724
210,12,23,1.4834305,33.0,34.48343050479889
206,7,23,2.4991426,55.0,57.49914264678955
218,38,23,2.494436,55.0,57.49443602561951
218,39,23,2.5030708,55.0,57.50307083129883
209,38,23,1.0197188,22.0,23.019718766212463
207,48,23,2.5217533,55.0,57.52175331115723
211,23,23,1.4918722,33.0,34.49187219142914
210,4,23,2.4789524,55.0,57.478952407836914
201,24,23,2.4961443,55.0,57.49614429473877
206,12,23,2.4015832,55.0,57.401583194732666
208,20,23,2.5000162,55.0,57.50001621246338
208,15,23,2.5090575,55.0,57.50905752182007
200,23,23,1.5232142,33.0,34.52321422100067
214,39,23,1.4891222,33.0,34.48912215232849
216,22,23,1.0168234,22.0,23.016823410987854
220,22,23,1.5130937,33.0,34.51309370994568
212,7,23,2.511087,55.0,57.51108694076538
209,12,23,0.9897568,22.0,22.98975682258606
219,48,23,1.4897864,33.0,34.48978638648987
212,24,23,2.448159,55.0,57.448158979415894
202,21,23,1.6450616,33.0,34.64506161212921
216,6,23,1.4780097,33.0,34.47800970077515
204,4,23,1.5108937,33.0,34.51089370250702
216,38,23,1.476674,33.0,34.47667396068573
211,20,23,1.0220102,22.0,23.02201020717621
220,37,23,1.4989306,33.0,34.49893057346344
199,23,23,2.5043511,55.0,57.5043511390686
214,12,23,2.4830692,55.0,57.48306918144226
217,44,23,1.5182159,33.0,34.5182158946991
218,15,23,2.4945498,55.0,57.49454975128174
215,22,23,2.507571,55.0,57.50757098197937
212,23,23,1.487262,33.0,34.48726201057434
208,47,23,1.4973811,33.0,34.49738109111786
211,2,23,2.499896,55.0,57.49989604949951
207,20,23,1.0329075,22.0,23.032907485961914
213,44,23,2.491619,55.0,57.49161911010742
207,15,23,2.5074522,55.0,57.50745224952698
216,20,23,2.4886198,55.0,57.488619804382324
218,48,23,1.4837137,33.0,34.48371374607086
201,15,23,1.0152514,22.0,23.015251398086548
206,15,23,2.420823,55.0,57.420823097229004
214,38,23,1.0079149,22.0,23.007914900779724
217,47,23,2.5070758,55.0,57.507075786590576
216,7,23,2.505382,55.0,57.50538206100464
208,12,23,2.4908094,55.0,57.49080944061279
209,41,23,1.4890414,33.0,34.489041447639465
200,44,23,2.4840117,55.0,57.48401165008545
213,37,23,2.4857564,55.0,57.485756397247314
210,37,23,1.4658259,33.0,34.46582591533661
208,48,23,1.0014215,22.0,23.001421451568604
203,44,23,2.498567,55.0,57.4985671043396
217,24,23,1.562713,33.0,34.56271302700043
216,47,23,1.4792014,33.0,34.479201436042786
215,37,23,1.0880841,22.0,23.08808410167694
218,12,23,2.5066104,55.0,57.50661039352417
202,5,23,1.4854747,33.0,34.485474705696106
205,15,23,1.5018762,33.0,34.50187623500824
203,20,23,2.4852414,55.0,57.485241413116455
215,23,23,1.5047885,33.0,34.504788517951965
205,12,23,1.0289202,22.0,23.02892017364502
201,2,23,1.5120225,33.0,34.512022495269775
209,44,23,1.0309103,22.0,23.03091025352478
201,23,23,2.4948323,55.0,57.494832277297974
209,23,23,2.5266485,55.0,57.52664852142334
212,2,23,2.4860473,55.0,57.48604726791382
213,4,23,1.0223033,22.0,23.022303342819214
218,41,23,1.0349386,22.0,23.03493857383728
220,15,23,1.5132805,33.0,34.513280510902405
211,47,23,0.9950994,22.0,22.995099425315857
209,37,23,0.9800546,22.0,22.9800546169281
200,38,23,2.5041337,55.0,57.50413370132446
218,47,23,0.9937347,22.0,22.99373471736908
206,41,23,1.4671186,33.0,34.4671186208725
206,20,23,1.0053209,22.0,23.0053209066391
219,38,23,1.5174525,33.0,34.51745247840881
217,6,23,2.5117204,55.0,57.511720418930054
216,23,23,1.498605,33.0,34.49860501289368
204,7,23,2.5135052,55.0,57.51350522041321
211,41,23,2.5085883,55.0,57.5085883140564
219,12,23,1.495951,33.0,34.49595105648041
215,24,23,2.5019202,55.0,57.501920223236084
202,7,23,1.4878147,33.0,34.4878146648407
203,41,23,2.4971678,55.0,57.49716782569885
200,6,23,1.4929373,33.0,34.492937326431274
220,2,23,2.4839008,55.0,57.48390078544617
206,39,23,2.483033,55.0,57.48303294181824
214,15,23,1.4998273,33.0,34.49982726573944
203,7,23,2.5117962,55.0,57.51179623603821
203,23,23,2.500553,55.0,57.50055289268494
209,24,23,1.4416574,33.0,34.44165742397308
213,5,23,2.4452496,55.0,57.44524955749512
208,7,23,1.4910473,33.0,34.49104726314545
213,6,23,2.5017028,55.0,57.50170278549194
199,6,23,1.0222658,22.0,23.022265791893005
205,7,23,2.5113566,55.0,57.511356592178345
217,12,23,1.5292585,33.0,34.529258489608765
205,6,23,2.5059757,55.0,57.5059757232666
215,47,23,1.4922875,33.0,34.49228751659393
204,44,23,1.4951189,33.0,34.495118856430054
213,43,23,2.477582,55.0,57.47758197784424
207,37,23,1.546438,33.0,34.54643797874451
214,37,23,1.5092843,33.0,34.509284257888794
204,23,23,2.501145,55.0,57.501144886016846
214,24,23,1.0107157,22.0,23.01071572303772
206,22,23,2.5162065,55.0,57.51620650291443
218,43,23,1.4801707,33.0,34.48017072677612
201,22,23,0.9972743,22.0,22.99727427959442
204,24,23,1.5369134,33.0,34.53691339492798
210,7,23,2.4944882,55.0,57.49448823928833
213,38,23,0.96197784,22.0,22.96197783946991
211,39,23,2.5108533,55.0,57.51085329055786
199,37,23,2.5109231,55.0,57.51092314720154
203,43,23,1.4853023,33.0,34.485302329063416
200,4,23,1.0342693,22.0,23.034269332885742
209,2,23,2.4926775,55.0,57.492677450180054
212,22,23,2.4938726,55.0,57.49387264251709
210,38,23,1.4868448,33.0,34.48684477806091
202,47,23,0.9733597,22.0,22.97335970401764
217,38,23,1.0116731,22.0,23.011673092842102
200,24,23,2.4700027,55.0,57.4700026512146
217,2,23,1.0231204,22.0,23.023120403289795
199,41,23,2.5128427,55.0,57.512842655181885
211,21,23,1.0417672,22.0,23.041767239570618
214,20,23,2.4939706,55.0,57.4939706325531
213,15,23,2.5053492,55.0,57.50534915924072
219,24,23,1.5053923,33.0,34.50539231300354
212,12,23,2.3003168,55.0,57.30031681060791
216,44,23,2.4807024,55.0,57.48070240020752
199,48,23,1.0113131,22.0,23.01131308078766
210,48,23,2.4846838,55.0,57.48468375205994
215,38,23,2.501948,55.0,57.50194811820984
219,20,23,2.4953716,55.0,57.4953715801239
208,2,23,2.500219,55.0,57.500219106674194
216,12,23,1.4924152,33.0,34.49241518974304
219,37,23,2.5113301,55.0,57.511330127716064
200,37,23,1.0098027,22.0,23.00980269908905
208,6,23,1.0222824,22.0,23.022282361984253
199,21,23,1.480473,33.0,34.480473041534424
210,6,23,1.4587333,33.0,34.458733320236206
217,43,23,2.5068655,55.0,57.50686550140381
200,48,23,2.5148904,55.0,57.51489043235779
207,21,23,0.98285973,22.0,22.98285973072052
202,12,23,1.9322256,33.0,34.932225584983826
205,5,23,2.4718056,55.0,57.471805572509766
218,4,23,1.4839104,33.0,34.48391044139862
220,44,23,2.4927402,55.0,57.49274015426636
210,39,23,1.4720404,33.0,34.47204041481018
214,22,23,2.5061808,55.0,57.50618076324463
214,23,23,2.501536,55.0,57.50153589248657
206,23,23,2.469577,55.0,57.4695770740509
206,24,23,1.4545763,33.0,34.45457625389099
202,38,23,2.5028014,55.0,57.50280141830444
204,22,23,1.0000702,22.0,23.000070214271545
210,5,23,2.4374936,55.0,57.437493562698364
217,5,23,1.4777826,33.0,34.47778260707855
213,12,23,2.4853826,55.0,57.48538255691528
210,41,23,2.5040267,55.0,57.504026651382446
209,7,23,2.5070183,55.0,57.50701832771301
220,4,23,1.4912313,33.0,34.49123132228851
209,4,23,2.513864,55.0,57.513864040374756
212,21,23,1.5054766,33.0,34.50547659397125
205,4,23,1.4979261,33.0,34.497926115989685
207,22,23,2.4933815,55.0,57.49338150024414
213,41,23,1.4581912,33.0,34.45819115638733
216,37,23,1.011828,22.0,23.01182794570923
204,5,23,1.471994,33.0,34.471994042396545
211,48,23,2.5045304,55.0,57.50453042984009
206,37,23,1.4920515,33.0,34.49205148220062
203,39,23,1.0509795,22.0,23.050979495048523
203,38,23,2.4912164,55.0,57.49121642112732
213,7,23,2.537951,55.0,57.53795099258423
208,4,23,2.4885628,55.0,57.48856282234192
218,44,23,1.5106825,33.0,34.510682463645935
204,12,23,1.4932841,33.0,34.49328410625458
200,47,23,1.5283684,33.0,34.52836835384369
207,24,23,1.0010645,22.0,23.00106453895569
207,23,23,1.4810112,33.0,34.481011152267456
202,15,23,1.4445884,33.0,34.44458842277527
218,6,23,2.5000496,55.0,57.50004959106445
212,20,23,2.4274893,55.0,57.427489280700684
220,5,23,1.5190446,33.0,34.519044637680054
199,4,23,1.4968759,33.0,34.49687588214874
204,48,23,1.4574761,33.0,34.4574761390686
212,15,23,1.4851661,33.0,34.48516607284546
215,39,23,1.1315928,22.0,23.131592750549316
200,2,23,2.4816394,55.0,57.48163938522339
215,41,23,1.475874,33.0,34.475873947143555
218,5,23,0.9955816,22.0,22.99558162689209
219,15,23,1.5170459,33.0,34.517045855522156
201,21,23,1.4764615,33.0,34.47646152973175
206,38,23,2.438306,55.0,57.43830609321594
214,21,23,1.4872953,33.0,34.487295269966125
211,22,23,2.5034142,55.0,57.503414154052734
199,22,23,1.5263443,33.0,34.526344299316406
220,24,23,1.4752395,33.0,34.475239515304565
201,20,23,1.0134735,22.0,23.013473510742188
204,47,23,1.5074121,33.0,34.5074120759964
202,20,23,1.0104308,22.0,23.010430812835693
209,43,23,1.0229838,22.0,23.02298378944397
199,2,23,1.522171,33.0,34.52217102050781
203,15,23,1.4983443,33.0,34.49834430217743
220,48,23,1.4885651,33.0,34.48856508731842
202,20,24,1.0180804,23.0,24.018080353736877
215,44,24,1.5164492,34.5,36.016449213027954
199,4,24,1.5144643,34.5,36.014464259147644
220,47,24,1.4734256,34.5,35.97342562675476
199,2,24,1.5231718,34.5,36.02317178249359
213,15,24,2.4960778,57.5,59.9960777759552
207,48,24,2.507331,57.5,60.007330894470215
202,44,24,0.9897852,23.0,23.989785194396973
219,23,24,1.0364256,23.0,24.036425590515137
213,20,24,1.0171362,23.0,24.017136216163635
207,47,24,1.5183053,34.5,36.01830530166626
207,44,24,2.4898558,57.5,59.98985576629639
200,39,24,2.5171304,57.5,60.01713037490845
213,21,24,1.466544,34.5,35.96654403209686
207,43,24,1.0112197,23.0,24.01121973991394
216,24,24,1.5174916,34.5,36.017491579055786
211,2,24,2.4991808,57.5,59.99918079376221
210,37,24,1.4721518,34.5,35.97215175628662
220,43,24,1.5038654,34.5,36.003865361213684
211,4,24,2.505671,57.5,60.00567102432251
220,41,24,1.029449,23.0,24.029448986053467
202,12,24,1.4834584,34.5,35.983458399772644
205,5,24,2.4745038,57.5,59.97450375556946
218,4,24,1.4826005,34.5,35.98260045051575
202,15,24,1.4857098,34.5,35.9857097864151
218,6,24,2.496455,57.5,59.99645495414734
215,39,24,1.1374325,23.0,24.13743245601654
205,4,24,1.5193288,34.5,36.01932883262634
215,41,24,1.4969097,34.5,35.996909737586975
210,43,24,1.4786696,34.5,35.9786696434021
210,44,24,2.474329,57.5,59.97432899475098
204,47,24,1.4862398,34.5,35.98623979091644
203,21,24,2.4782915,57.5,59.978291511535645
211,7,24,1.4960982,34.5,35.99609816074371
210,21,24,2.4788804,57.5,59.978880405426025
199,15,24,1.0262768,23.0,24.02627682685852
205,20,24,1.5351254,34.5,36.035125374794006
205,15,24,1.5039717,34.5,36.00397169589996
202,21,24,1.7127115,34.5,36.212711453437805
215,48,24,0.997768,23.0,23.997767984867096
218,12,24,2.5116968,57.5,60.01169681549072
202,5,24,1.4660599,34.5,35.966059923172
215,23,24,1.5468297,34.5,36.04682970046997
205,12,24,1.0286142,23.0,24.028614163398743
199,7,24,1.5282673,34.5,36.02826726436615
210,24,24,2.350559,57.5,59.85055899620056
217,20,24,1.3408848,23.0,24.340884804725647
203,12,24,1.0224944,23.0,24.022494435310364
220,38,24,1.5048267,34.5,36.00482666492462
210,15,24,2.4960504,57.5,59.9960503578186
211,15,24,2.5162396,57.5,60.016239643096924
199,20,24,2.5018797,57.5,60.00187969207764
210,12,24,1.48265,34.5,35.9826500415802
218,20,24,1.4827051,34.5,35.98270511627197
205,22,24,2.5151238,57.5,60.01512384414673
204,43,24,1.4997269,34.5,35.99972689151764
202,4,24,1.0154153,23.0,24.01541531085968
215,21,24,1.0036511,23.0,24.00365114212036
205,21,24,1.5011029,34.5,36.001102924346924
218,15,24,2.4986687,57.5,59.9986686706543
215,22,24,2.5078087,57.5,60.007808685302734
210,22,24,2.5002704,57.5,60.0002703666687
220,39,24,1.0288241,23.0,24.02882409095764
217,7,24,2.517168,57.5,60.017168045043945
203,22,24,1.019131,23.0,24.01913094520569
210,7,24,2.4983664,57.5,59.998366355895996
211,21,24,1.034646,23.0,24.034646034240723
199,21,24,1.4768867,34.5,35.97688674926758
210,6,24,1.4638859,34.5,35.96388590335846
218,21,24,1.0064006,23.0,24.00640058517456
205,24,24,1.5063556,34.5,36.0063556432724
215,15,24,1.4999996,34.5,35.99999964237213
218,2,24,1.4860551,34.5,35.98605513572693
216,2,24,1.010496,23.0,24.010496020317078
202,2,24,2.4937267,57.5,59.99372673034668
205,23,24,1.0507116,23.0,24.050711631774902
215,20,24,1.1201123,23.0,24.12011229991913
211,12,24,2.4471874,57.5,59.947187423706055
210,20,24,2.4848022,57.5,59.98480224609375
217,21,24,2.4900663,57.5,59.99006628990173
203,23,24,2.497963,57.5,59.997962951660156
211,23,24,1.508816,34.5,36.00881600379944
210,4,24,2.4758472,57.5,59.975847244262695
199,23,24,2.5062575,57.5,60.0062575340271
201,44,24,1.4504673,34.5,35.950467348098755
205,38,24,2.5112052,57.5,60.011205196380615
204,41,24,2.4976583,57.5,59.997658252716064
202,23,24,0.9786143,23.0,23.978614270687103
202,22,24,2.50975,57.5,60.00974988937378
215,7,24,2.5168061,57.5,60.01680612564087
205,37,24,1.009971,23.0,24.009971022605896
215,12,24,2.5159717,57.5,60.015971660614014
201,48,24,1.485893,34.5,35.98589301109314
211,20,24,1.0118452,23.0,24.011845231056213
220,37,24,1.4986676,34.5,35.99866759777069
217,6,24,2.5070086,57.5,60.00700855255127
217,5,24,1.4802309,34.5,35.980230927467346
220,23,24,1.5352647,34.5,36.03526473045349
211,37,24,1.0221715,23.0,24.02217149734497
201,43,24,1.5220368,34.5,36.02203679084778
205,41,24,2.5254433,57.5,60.02544331550598
216,4,24,1.5163027,34.5,36.016302704811096
215,5,24,0.9820657,23.0,23.982065677642822
218,23,24,1.0191362,23.0,24.01913619041443
205,39,24,2.504547,57.5,60.004547119140625
215,6,24,2.5136275,57.5,60.01362752914429
218,22,24,1.0064466,23.0,24.006446599960327
211,22,24,2.5000849,57.5,60.00008487701416
199,22,24,1.5272076,34.5,36.02720761299133
220,24,24,1.4690915,34.5,35.96909153461456
210,5,24,2.4412754,57.5,59.94127535820007
203,7,24,2.514737,57.5,60.01473689079285
211,38,24,1.0146936,23.0,24.01469361782074
217,4,24,1.6013714,34.5,36.10137140750885
217,22,24,1.019312,23.0,24.019312024116516
220,22,24,1.5118527,34.5,36.011852741241455
209,44,24,1.041837,23.0,24.041836977005005
211,39,24,2.5154543,57.5,60.01545429229736
205,47,24,1.4895233,34.5,35.98952329158783
215,2,24,1.5149417,34.5,36.014941692352295
204,39,24,1.5076818,34.5,36.00768184661865
201,41,24,1.0204262,23.0,24.020426154136658
205,44,24,2.4956908,57.5,59.99569082260132
215,4,24,1.5069025,34.5,36.00690245628357
205,43,24,2.5023317,57.5,60.00233173370361
211,24,24,1.0220034,23.0,24.022003412246704
210,2,24,2.499012,57.5,59.9990119934082
203,24,24,1.5080003,34.5,36.00800025463104
220,21,24,1.5488588,34.5,36.048858761787415
211,41,24,2.5128694,57.5,60.012869358062744
209,41,24,1.515003,34.5,36.015002965927124
211,43,24,2.5001063,57.5,60.00010633468628
220,20,24,2.495215,57.5,59.99521493911743
218,37,24,2.5017066,57.5,60.00170660018921
214,47,24,2.4953446,57.5,59.99534463882446
204,38,24,1.4909158,34.5,35.99091577529907
217,48,24,2.514958,57.5,60.014957904815674
201,39,24,1.0073706,23.0,24.007370591163635
205,48,24,1.0198786,23.0,24.01987862586975
214,48,24,2.5077083,57.5,60.00770831108093
218,24,24,1.4797151,34.5,35.97971510887146
199,24,24,1.4848924,34.5,35.98489236831665
209,48,24,0.98806524,23.0,23.988065242767334
209,47,24,2.4898558,57.5,59.98985576629639
199,39,24,1.0225387,23.0,24.022538661956787
211,44,24,0.99775094,23.0,23.99775093793869
209,38,24,1.0260551,23.0,24.026055097579956
220,15,24,1.5134879,34.5,36.01348793506622
211,47,24,0.9967071,23.0,23.99670708179474
206,5,24,0.99044,23.0,23.990440011024475
216,5,24,1.4798117,34.5,35.979811668395996
202,24,24,2.4885807,57.5,59.98858070373535
214,43,24,2.4971414,57.5,59.99714136123657
201,38,24,2.4918041,57.5,59.991804122924805
206,4,24,1.4684788,34.5,35.96847879886627
214,44,24,1.5158936,34.5,36.01589357852936
206,2,24,2.5029159,57.5,60.00291585922241
199,37,24,2.5165489,57.5,60.01654887199402
203,37,24,1.4910761,34.5,35.99107611179352
209,43,24,1.0777506,23.0,24.07775056362152
217,2,24,1.0121124,23.0,24.012112379074097
199,41,24,2.5203314,57.5,60.020331382751465
209,24,24,1.4505991,34.5,35.95059907436371
209,23,24,2.5265033,57.5,60.02650332450867
212,2,24,2.4857574,57.5,59.98575735092163
214,39,24,1.4851294,34.5,35.98512935638428
206,7,24,2.4966297,57.5,59.99662971496582
204,37,24,1.0035582,23.0,24.00355815887451
218,39,24,2.5041025,57.5,60.0041024684906
214,41,24,1.0111753,23.0,24.011175274848938
206,6,24,2.480893,57.5,59.98089289665222
201,37,24,1.0161912,23.0,24.016191244125366
218,38,24,2.4886918,57.5,59.98869180679321
199,38,24,2.504415,57.5,60.0044150352478
209,39,24,0.99654263,23.0,23.996542632579803
203,6,24,2.503707,57.5,60.00370693206787
203,39,24,1.0445688,23.0,24.04456877708435
209,22,24,2.5247226,57.5,60.02472257614136
212,4,24,1.4741396,34.5,35.97413957118988
209,21,24,1.1291811,23.0,24.129181146621704
220,7,24,1.4920154,34.5,35.99201536178589
218,41,24,1.0069721,23.0,24.006972074508667
206,15,24,2.4463887,57.5,59.946388721466064
214,38,24,1.0103936,23.0,24.010393619537354
216,6,24,1.482839,34.5,35.98283898830414
217,47,24,2.5070872,57.5,60.00708723068237
216,7,24,2.5025558,57.5,60.00255584716797
206,12,24,2.374424,57.5,59.87442398071289
201,24,24,2.495366,57.5,59.99536609649658
209,37,24,0.9990252,23.0,23.999025225639343
211,48,24,2.5048184,57.5,60.00481843948364
203,38,24,2.4934957,57.5,59.99349570274353
216,48,24,2.5063496,57.5,60.00634956359863
199,47,24,2.5053177,57.5,60.00531768798828
199,44,24,2.4984307,57.5,59.99843072891235
212,6,24,2.5046687,57.5,60.00466871261597
209,15,24,1.5159916,34.5,36.01599156856537
218,43,24,1.4790596,34.5,35.97905957698822
201,22,24,1.0029874,23.0,24.002987384796143
204,24,24,1.5101109,34.5,36.01011085510254
204,23,24,2.5025096,57.5,60.00250959396362
214,24,24,1.0083922,23.0,24.008392214775085
206,20,24,0.9659786,23.0,23.965978622436523
201,23,24,2.4910078,57.5,59.991007804870605
214,37,24,1.526549,34.5,36.026548981666565
220,12,24,2.4669182,57.5,59.96691823005676
199,43,24,1.5538644,34.5,36.05386435985565
203,5,24,0.9966571,23.0,23.996657073497772
216,47,24,1.4771309,34.5,35.97713088989258
203,41,24,2.4978328,57.5,59.99783277511597
199,48,24,1.0069354,23.0,24.006935358047485
212,12,24,2.2927191,57.5,59.79271912574768
209,7,24,2.5124774,57.5,60.0124773979187
201,21,24,1.4735426,34.5,35.97354257106781
214,22,24,2.5052052,57.5,60.005205154418945
206,24,24,1.4541417,34.5,35.95414173603058
202,38,24,2.511794,57.5,60.011794090270996
216,12,24,1.5120362,34.5,36.012036204338074
214,23,24,2.5005183,57.5,60.00051832199097
206,23,24,2.484919,57.5,59.98491907119751
206,22,24,2.51017,57.5,60.010169982910156
212,5,24,2.454607,57.5,59.954607009887695
209,20,24,2.4797266,57.5,59.97972655296326
217,23,24,1.0184249,23.0,24.01842486858368
212,15,24,1.4777328,34.5,35.97773277759552
200,2,24,2.4829638,57.5,59.9829638004303
209,5,24,1.5479411,34.5,36.04794108867645
212,20,24,2.3787467,57.5,59.87874674797058
220,4,24,1.491122,34.5,35.991122007369995
214,20,24,2.494998,57.5,59.99499797821045
218,47,24,1.0102167,23.0,24.01021671295166
204,22,24,1.0106201,23.0,24.0106201171875
206,38,24,2.463594,57.5,59.96359395980835
214,21,24,1.484042,34.5,35.984042048454285
201,20,24,1.0177027,23.0,24.01770269870758
206,37,24,1.497894,34.5,35.997894048690796
218,44,24,1.5096486,34.5,36.00964856147766
220,6,24,2.5043635,57.5,60.00436353683472
212,7,24,2.5110137,57.5,60.0110137462616
209,12,24,1.013322,23.0,24.01332199573517
209,2,24,2.501665,57.5,60.001665115356445
200,4,24,1.0262016,23.0,24.026201605796814
212,22,24,2.4942455,57.5,59.994245529174805
200,6,24,1.4883837,34.5,35.988383650779724
206,47,24,0.9784069,23.0,23.97840690612793
214,12,24,2.5041065,57.5,60.004106521606445
217,44,24,1.5545709,34.5,36.05457091331482
216,20,24,2.4905012,57.5,59.990501165390015
218,48,24,1.483491,34.5,35.98349094390869
201,15,24,1.0190833,23.0,24.019083261489868
206,41,24,1.4701658,34.5,35.970165848731995
206,39,24,2.4734712,57.5,59.97347116470337
214,15,24,1.5011047,34.5,36.00110471248627
220,5,24,1.5053939,34.5,36.005393862724304
209,6,24,2.5290549,57.5,60.02905488014221
203,4,24,2.500321,57.5,60.00032091140747
217,24,24,1.5570214,34.5,36.057021379470825
212,23,24,1.4839771,34.5,35.98397707939148
208,47,24,1.4858775,34.5,35.9858775138855
219,48,24,1.4906094,34.5,35.99060940742493
212,24,24,2.4182785,57.5,59.91827845573425
214,6,24,1.001913,23.0,24.00191295146942
219,2,24,1.4937099,34.5,35.99370992183685
201,7,24,2.5058823,57.5,60.005882263183594
206,48,24,2.4676566,57.5,59.96765661239624
204,21,24,2.4925954,57.5,59.99259543418884
201,12,24,1.5152025,34.5,36.01520252227783
214,7,24,1.490725,34.5,35.99072504043579
209,4,24,2.5074787,57.5,60.00747871398926
212,21,24,1.5105143,34.5,36.01051425933838
216,44,24,2.486444,57.5,59.98644399642944
203,43,24,1.4865657,34.5,35.986565709114075
203,2,24,1.4942465,34.5,35.99424648284912
208,43,24,2.4632833,57.5,59.96328330039978
219,47,24,1.4906329,34.5,35.99063289165497
212,38,24,1.0015256,23.0,24.00152564048767
208,41,24,2.508861,57.5,60.00886106491089
201,6,24,1.5001109,34.5,36.00011086463928
219,4,24,1.5019944,34.5,36.001994371414185
207,5,24,2.4559526,57.5,59.955952644348145
216,21,24,2.472805,57.5,59.97280502319336
202,39,24,1.4733708,34.5,35.97337079048157
207,4,24,1.5086725,34.5,36.00867247581482
214,5,24,2.4819686,57.5,59.98196864128113
207,2,24,1.0352969,23.0,24.03529691696167
220,2,24,2.488202,57.5,59.98820209503174
208,48,24,1.0092642,23.0,24.00926423072815
203,44,24,2.5034122,57.5,60.0034122467041
212,39,24,2.5009196,57.5,60.000919580459595
200,15,24,1.4981511,34.5,35.99815106391907
208,38,24,0.9965993,23.0,23.996599316596985
212,41,24,0.99970526,23.0,23.999705255031586
207,7,24,1.484771,34.5,35.98477101325989
219,6,24,1.4932348,34.5,35.993234753608704
219,7,24,2.506699,57.5,60.006699085235596
214,2,24,1.4730124,34.5,35.97301244735718
204,20,24,1.5252688,34.5,36.02526879310608
202,41,24,1.4862305,34.5,35.98623049259186
201,5,24,2.488896,57.5,59.988895893096924
207,6,24,0.98036087,23.0,23.980360865592957
214,4,24,0.99909747,23.0,23.99909746646881
200,7,24,1.5022422,34.5,36.00224220752716
208,44,24,2.4966707,57.5,59.996670722961426
212,37,24,1.4618238,34.5,35.96182382106781
217,37,24,1.5135766,34.5,36.01357662677765
212,43,24,2.502842,57.5,60.00284194946289
208,24,24,1.0116332,23.0,24.011633157730103
219,43,24,1.0000056,23.0,24.00000560283661
219,12,24,1.4991713,34.5,35.99917125701904
207,15,24,2.5088158,57.5,60.00881576538086
216,22,24,1.0119566,23.0,24.011956572532654
204,15,24,1.0181609,23.0,24.018160939216614
213,47,24,1.4315375,34.5,35.93153750896454
207,12,24,1.5064752,34.5,36.00647521018982
201,4,24,2.5082765,57.5,60.00827646255493
213,48,24,2.4376993,57.5,59.93769931793213
200,12,24,1.0596818,23.0,24.05968177318573
208,39,24,2.5116057,57.5,60.011605739593506
216,43,24,1.4817005,34.5,35.98170053958893
203,47,24,2.4983044,57.5,59.99830436706543
208,23,24,1.5000404,34.5,36.00004041194916
216,39,24,1.5014797,34.5,36.001479744911194
216,41,24,2.4932177,57.5,59.9932177066803
200,21,24,1.3309044,23.0,24.330904364585876
212,47,24,2.5044827,57.5,60.00448274612427
219,41,24,2.4957542,57.5,59.99575424194336
207,21,24,0.98579633,23.0,23.985796332359314
213,43,24,2.464222,57.5,59.9642219543457
217,43,24,2.5063677,57.5,60.006367683410645
201,2,24,1.5141361,34.5,36.01413607597351
207,20,24,1.0350999,23.0,24.035099864006042
213,44,24,2.4867508,57.5,59.98675084114075
219,44,24,2.4961057,57.5,59.996105670928955
208,37,24,2.5094016,57.5,60.00940155982971
203,48,24,2.4776669,57.5,59.9776668548584
202,48,24,2.511926,57.5,60.01192593574524
204,12,24,1.4897515,34.5,35.98975145816803
202,43,24,1.0029565,23.0,24.00295650959015
219,15,24,1.5174954,34.5,36.01749539375305
207,23,24,1.5170263,34.5,36.01702630519867
207,22,24,2.493873,57.5,59.99387288093567
213,41,24,1.4494307,34.5,35.94943070411682
200,48,24,2.5118995,57.5,60.01189947128296
208,22,24,2.500462,57.5,60.0004620552063
212,48,24,1.9109346,34.5,36.41093456745148
204,2,24,2.4529748,57.5,59.952974796295166
200,22,24,2.5032072,57.5,60.003207206726074
208,21,24,2.4941893,57.5,59.99418926239014
219,39,24,2.5030522,57.5,60.00305223464966
213,2,24,1.4908881,34.5,35.9908881187439
200,20,24,2.498086,57.5,59.99808597564697
212,44,24,2.4859452,57.5,59.98594522476196
207,37,24,1.5723592,34.5,36.0723592042923
216,23,24,1.4999475,34.5,35.9999475479126
204,7,24,2.5109463,57.5,60.01094627380371
219,20,24,2.4959679,57.5,59.995967864990234
213,38,24,0.9717512,23.0,23.97175121307373
200,47,24,1.4664979,34.5,35.96649789810181
208,20,24,2.4993572,57.5,59.99935722351074
208,15,24,2.5079155,57.5,60.00791549682617
200,23,24,1.5674036,34.5,36.06740355491638
216,38,24,1.4902369,34.5,35.99023687839508
213,4,24,1.0217576,23.0,24.02175760269165
208,12,24,2.4620366,57.5,59.96203660964966
219,38,24,1.5163941,34.5,36.01639413833618
213,5,24,2.43341,57.5,59.93340992927551
207,24,24,1.002844,23.0,24.002843976020813
213,39,24,2.468039,57.5,59.96803903579712
219,21,24,2.4857016,57.5,59.98570156097412
217,39,24,1.51901,34.5,36.019009947776794
217,41,24,1.4941539,34.5,35.99415385723114
207,39,24,2.50625,57.5,60.00624990463257
213,24,24,2.4778929,57.5,59.97789287567139
207,38,24,1.5486302,34.5,36.048630237579346
208,7,24,1.4923896,34.5,35.99238955974579
213,6,24,2.5027246,57.5,60.00272464752197
208,6,24,1.0224543,23.0,24.022454261779785
202,47,24,0.9548473,23.0,23.954847276210785
217,38,24,1.0122099,23.0,24.01220989227295
204,4,24,1.5113236,34.5,36.01132357120514
200,24,24,2.4649239,57.5,59.96492385864258
200,37,24,1.0189884,23.0,24.018988370895386
200,44,24,2.5006936,57.5,60.000693559646606
213,37,24,2.5094655,57.5,60.00946545600891
204,6,24,1.4979835,34.5,35.99798345565796
219,22,24,2.5116744,57.5,60.01167440414429
200,41,24,1.0047295,23.0,24.004729509353638
213,22,24,2.511855,57.5,60.01185488700867
207,41,24,1.000351,23.0,24.000350952148438
200,43,24,0.9874264,23.0,23.98742640018463
213,7,24,2.545728,57.5,60.04572796821594
208,4,24,2.4849072,57.5,59.984907150268555
213,12,24,2.4607415,57.5,59.96074151992798
204,5,24,1.4334987,34.5,35.93349874019623
216,37,24,1.0719514,23.0,24.071951389312744
219,24,24,1.5011778,34.5,36.00117778778076
219,37,24,2.5064511,57.5,60.00645112991333
208,2,24,2.5028598,57.5,60.00285983085632
200,38,24,2.513115,57.5,60.01311492919922
213,23,24,2.4758906,57.5,59.97589063644409
217,12,24,1.523018,34.5,36.02301800251007
211,5,24,2.504404,57.5,60.004404067993164
210,23,24,1.5145781,34.5,36.014578104019165
199,12,24,2.534855,57.5,60.034854888916016
211,6,24,1.4945589,34.5,35.994558930397034
215,24,24,2.5039892,57.5,60.00398921966553
202,7,24,1.4913884,34.5,35.99138844013214
205,7,24,2.5074463,57.5,60.0074462890625
215,37,24,1.012837,23.0,24.012837052345276
215,47,24,1.4924057,34.5,35.99240565299988
204,44,24,1.4942379,34.5,35.99423789978027
205,6,24,2.504836,57.5,60.004836082458496
215,38,24,2.5039444,57.5,60.003944396972656
210,38,24,1.4944499,34.5,35.994449853897095
199,6,24,1.0209758,23.0,24.020975828170776
203,20,24,2.4835277,57.5,59.98352766036987
204,48,24,1.4921479,34.5,35.99214792251587
205,2,24,1.5919744,34.5,36.09197437763214
218,5,24,0.9955811,23.0,23.995581090450287
210,48,24,2.4888215,57.5,59.988821506500244
220,44,24,2.496185,57.5,59.996185064315796
210,39,24,1.4765775,34.5,35.97657752037048
210,41,24,2.494766,57.5,59.99476599693298
210,47,24,1.4682745,34.5,35.96827447414398
203,15,24,1.4999546,34.5,35.99995458126068
199,5,24,2.4654746,57.5,59.9654746055603
220,48,24,1.4845009,34.5,35.984500885009766
199,2,25,1.5259529,36.0,37.52595293521881
199,4,25,1.5144598,36.0,37.51445984840393
210,41,25,2.494205,60.0,62.49420499801636
210,47,25,1.4692719,36.0,37.46927189826965
203,15,25,1.4991064,36.0,37.49910640716553
210,39,25,1.4753181,36.0,37.47531807422638
199,5,25,2.4737935,60.0,62.473793506622314
220,44,25,2.4965763,60.0,62.4965763092041
210,48,25,2.4924598,60.0,62.492459774017334
218,5,25,0.9989076,24.0,24.9989076256752
205,2,25,1.592165,36.0,37.59216499328613
204,48,25,1.4568682,36.0,37.456868171691895
204,47,25,1.4811207,36.0,37.48112070560455
202,20,25,1.0136968,24.0,25.013696789741516
215,44,25,1.514064,36.0,37.51406395435333
220,47,25,1.4771142,36.0,37.47711420059204
207,48,25,2.5165648,60.0,62.51656484603882
202,44,25,0.98596585,24.0,24.985965847969055
204,5,25,1.4881314,36.0,37.488131403923035
219,23,25,0.9657626,24.0,24.965762615203857
207,47,25,1.5163515,36.0,37.51635146141052
213,20,25,1.0112585,24.0,25.011258482933044
207,44,25,2.4925852,60.0,62.49258518218994
200,39,25,2.5417092,60.0,62.541709184646606
213,21,25,1.4789087,36.0,37.47890865802765
207,43,25,1.0025735,24.0,25.002573490142822
216,24,25,1.5132422,36.0,37.51324224472046
204,6,25,1.5011117,36.0,37.50111174583435
200,41,25,0.9990462,24.0,24.999046206474304
213,22,25,2.5466294,60.0,62.546629428863525
207,41,25,0.98998773,24.0,24.98998773097992
208,4,25,2.483739,60.0,62.48373889923096
213,12,25,2.4465818,60.0,62.44658184051514
216,37,25,1.0128293,24.0,25.012829303741455
219,24,25,1.5172868,36.0,37.51728677749634
208,2,25,2.503921,60.0,62.503921031951904
200,38,25,2.5123906,60.0,62.51239061355591
213,15,25,2.51876,60.0,62.518759965896606
219,22,25,2.4352407,60.0,62.435240745544434
213,23,25,2.467507,60.0,62.467506885528564
219,21,25,2.1661513,60.0,62.16615128517151
200,43,25,0.9824707,24.0,24.98247069120407
207,39,25,2.5137525,60.0,62.513752460479736
217,39,25,1.5153743,36.0,37.515374302864075
213,24,25,2.4563336,60.0,62.45633363723755
207,38,25,1.5468811,36.0,37.54688107967377
200,44,25,2.5014668,60.0,62.50146675109863
213,6,25,2.4951334,60.0,62.49513339996338
208,6,25,1.0219598,24.0,25.02195978164673
219,37,25,2.482522,60.0,62.48252201080322
217,38,25,1.0013862,24.0,25.001386165618896
204,4,25,1.5098071,36.0,37.509807109832764
200,24,25,2.5064154,60.0,62.506415367126465
200,37,25,1.0085431,24.0,25.008543133735657
213,7,25,2.536521,60.0,62.53652095794678
213,37,25,2.5011349,60.0,62.50113487243652
207,37,25,1.5726521,36.0,37.572652101516724
216,23,25,1.4891118,36.0,37.4891117811203
204,7,25,2.5128317,60.0,62.512831687927246
219,20,25,2.2934358,60.0,62.29343581199646
213,38,25,0.97682714,24.0,24.976827144622803
200,47,25,1.466688,36.0,37.46668803691864
207,24,25,1.002382,24.0,25.002382040023804
208,15,25,2.5141652,60.0,62.51416516304016
200,23,25,1.5860485,36.0,37.58604848384857
216,38,25,1.4909993,36.0,37.49099934101105
213,4,25,1.0220505,24.0,25.022050499916077
208,12,25,2.4555793,60.0,62.45557928085327
219,38,25,1.7527657,36.0,37.75276565551758
213,5,25,2.455727,60.0,62.455727100372314
208,7,25,1.4920272,36.0,37.492027163505554
207,23,25,1.5205275,36.0,37.520527482032776
213,39,25,2.4542527,60.0,62.45425271987915
202,43,25,0.96217304,24.0,24.96217304468155
219,15,25,1.4770927,36.0,37.47709274291992
207,22,25,2.5002737,60.0,62.50027370452881
213,41,25,1.451086,36.0,37.45108604431152
200,48,25,2.498723,60.0,62.49872303009033
208,22,25,2.5025973,60.0,62.50259733200073
212,48,25,1.4688221,36.0,37.46882212162018
204,2,25,2.4774613,60.0,62.47746133804321
202,47,25,0.989793,24.0,24.98979300260544
200,22,25,2.5090866,60.0,62.50908660888672
208,21,25,2.491334,60.0,62.491333961486816
208,20,25,2.5123434,60.0,62.512343406677246
219,39,25,2.5250702,60.0,62.52507019042969
213,2,25,1.4861938,36.0,37.486193776130676
200,20,25,2.4979355,60.0,62.49793553352356
212,44,25,2.4827724,60.0,62.48277235031128
208,23,25,1.4953711,36.0,37.49537110328674
216,39,25,1.4966744,36.0,37.4966744184494
200,21,25,1.3444108,24.0,25.34441077709198
219,43,25,0.91445285,24.0,24.914452850818634
212,47,25,2.509594,60.0,62.50959396362305
219,41,25,2.435592,60.0,62.43559193611145
207,21,25,0.9992783,24.0,24.99927830696106
213,43,25,2.4823618,60.0,62.482361793518066
217,41,25,1.4987038,36.0,37.498703837394714
217,43,25,2.5117922,60.0,62.51179218292236
204,12,25,1.4870021,36.0,37.48700213432312
201,2,25,1.5144083,36.0,37.514408349990845
207,20,25,1.0455226,24.0,25.045522570610046
213,44,25,2.4858408,60.0,62.485840797424316
219,7,25,2.5455632,60.0,62.54556322097778
219,12,25,1.2604063,36.0,37.260406255722046
212,41,25,0.9870023,24.0,24.987002313137054
219,44,25,2.552834,60.0,62.552834033966064
208,37,25,2.5142066,60.0,62.514206647872925
203,48,25,2.476494,60.0,62.4764940738678
202,48,25,2.5119267,60.0,62.51192665100098
217,37,25,1.5183297,36.0,37.51832973957062
212,43,25,2.509212,60.0,62.509212017059326
208,24,25,1.0105932,24.0,25.01059317588806
207,15,25,2.5121684,60.0,62.512168407440186
216,22,25,0.9974085,24.0,24.997408509254456
204,15,25,1.0098859,24.0,25.009885907173157
213,47,25,1.4412764,36.0,37.44127643108368
207,12,25,1.4967307,36.0,37.49673068523407
201,4,25,2.5108562,60.0,62.51085615158081
213,48,25,2.449588,60.0,62.44958806037903
207,7,25,1.4800749,36.0,37.480074882507324
200,12,25,1.048672,24.0,25.04867196083069
208,39,25,2.5128474,60.0,62.51284742355347
212,39,25,2.5053372,60.0,62.50533723831177
216,41,25,2.4940605,60.0,62.49406051635742
216,43,25,1.4767728,36.0,37.47677278518677
203,47,25,2.5009513,60.0,62.500951290130615
200,15,25,1.4666333,36.0,37.466633319854736
208,38,25,0.99953175,24.0,24.999531745910645
219,6,25,1.3154718,36.0,37.31547176837921
214,2,25,1.4731594,36.0,37.473159432411194
202,41,25,1.4784725,36.0,37.47847247123718
201,5,25,2.4968715,60.0,62.49687147140503
207,6,25,0.9780786,24.0,24.978078603744507
207,5,25,2.4540455,60.0,62.45404553413391
214,4,25,0.99893653,24.0,24.998936533927917
200,7,25,1.5080739,36.0,37.508073925971985
208,44,25,2.5002162,60.0,62.500216245651245
212,37,25,1.874743,36.0,37.87474298477173
203,2,25,1.4921329,36.0,37.492132902145386
208,43,25,2.4657285,60.0,62.465728521347046
219,47,25,1.3516698,36.0,37.351669788360596
208,41,25,2.5111754,60.0,62.51117539405823
212,38,25,0.99433535,24.0,24.99433535337448
201,6,25,1.5030482,36.0,37.50304818153381
219,4,25,1.4065762,36.0,37.40657615661621
202,39,25,1.4760797,36.0,37.47607970237732
204,20,25,1.5230348,36.0,37.5230348110199
207,4,25,1.511698,36.0,37.51169800758362
214,5,25,2.4760227,60.0,62.476022720336914
207,2,25,1.0353913,24.0,25.035391330718994
214,6,25,0.9999756,24.0,24.999975621700287
208,48,25,1.0160111,24.0,25.016011118888855
203,44,25,2.5016887,60.0,62.501688718795776
217,24,25,1.5464028,36.0,37.54640281200409
212,23,25,1.5012698,36.0,37.501269817352295
208,47,25,1.4852176,36.0,37.485217571258545
219,48,25,1.3871782,36.0,37.38717818260193
200,6,25,1.5182871,36.0,37.51828706264496
212,24,25,2.484993,60.0,62.48499298095703
219,2,25,1.2895914,36.0,37.28959143161774
201,7,25,2.5070462,60.0,62.50704622268677
206,48,25,2.4905982,60.0,62.49059820175171
204,21,25,2.489499,60.0,62.48949909210205
216,20,25,2.4934273,60.0,62.49342727661133
216,21,25,2.4814696,60.0,62.48146963119507
201,12,25,1.5038568,36.0,37.503856778144836
214,7,25,1.4944655,36.0,37.494465470314026
206,47,25,0.9690933,24.0,24.969093322753906
209,4,25,2.5107527,60.0,62.51075267791748
212,21,25,1.5002391,36.0,37.50023913383484
216,44,25,2.4827476,60.0,62.48274755477905
203,43,25,1.4741881,36.0,37.47418808937073
209,2,25,2.4958432,60.0,62.495843172073364
220,2,25,2.474265,60.0,62.47426509857178
200,4,25,1.0270035,24.0,25.027003526687622
212,22,25,2.5056782,60.0,62.50567817687988
206,41,25,1.4748174,36.0,37.474817395210266
214,12,25,2.5098534,60.0,62.50985336303711
218,48,25,1.4765853,36.0,37.476585268974304
217,44,25,1.5261059,36.0,37.526105880737305
201,15,25,1.0110247,24.0,25.011024713516235
206,39,25,2.4769862,60.0,62.47698616981506
214,15,25,1.49589,36.0,37.49589002132416
209,6,25,2.5255623,60.0,62.52556228637695
203,4,25,2.4963217,60.0,62.49632167816162
216,47,25,1.4786153,36.0,37.478615283966064
212,15,25,1.4882406,36.0,37.48824059963226
200,2,25,2.5132456,60.0,62.513245582580566
209,5,25,1.5496255,36.0,37.549625515937805
212,20,25,2.4915648,60.0,62.49156475067139
220,4,25,1.4917461,36.0,37.49174606800079
218,47,25,0.99042785,24.0,24.99042785167694
206,38,25,2.4669333,60.0,62.466933250427246
204,22,25,1.0128047,24.0,25.012804746627808
214,20,25,2.4982142,60.0,62.49821424484253
214,21,25,1.4775094,36.0,37.4775093793869
201,20,25,1.1670301,24.0,25.167030096054077
206,37,25,1.4938741,36.0,37.493874073028564
218,44,25,1.5112759,36.0,37.51127588748932
220,6,25,2.5069342,60.0,62.50693416595459
212,7,25,2.5263457,60.0,62.52634572982788
209,12,25,1.001544,24.0,25.00154399871826
203,41,25,2.5000372,60.0,62.50003719329834
199,48,25,1.0113466,24.0,25.011346578598022
212,12,25,2.245683,60.0,62.24568295478821
209,7,25,2.514399,60.0,62.51439905166626
220,5,25,1.5056231,36.0,37.50562310218811
201,21,25,1.4799514,36.0,37.47995138168335
214,22,25,2.5121455,60.0,62.51214551925659
206,24,25,1.4486738,36.0,37.44867384433746
202,38,25,2.510641,60.0,62.51064109802246
216,12,25,1.5031883,36.0,37.503188252449036
214,23,25,2.50453,60.0,62.50452995300293
206,23,25,2.4671564,60.0,62.467156410217285
206,22,25,2.5020144,60.0,62.50201439857483
212,5,25,2.4533463,60.0,62.453346252441406
209,20,25,2.4497633,60.0,62.44976329803467
217,23,25,1.0195016,24.0,25.019501566886902
216,48,25,2.5036445,60.0,62.50364446640015
199,44,25,2.4977388,60.0,62.4977388381958
212,6,25,2.5081072,60.0,62.50810718536377
209,15,25,1.5012276,36.0,37.501227617263794
199,47,25,2.5128765,60.0,62.51287651062012
218,43,25,1.4825823,36.0,37.482582330703735
201,22,25,1.0058849,24.0,25.005884885787964
204,24,25,1.5012757,36.0,37.50127565860748
204,23,25,2.5008755,60.0,62.50087547302246
214,24,25,1.0088027,24.0,25.00880265235901
206,20,25,0.9834048,24.0,24.98340481519699
214,37,25,1.5197093,36.0,37.51970934867859
218,41,25,1.0075344,24.0,25.007534384727478
220,12,25,2.45723,60.0,62.45723009109497
199,43,25,1.4964597,36.0,37.49645972251892
209,22,25,2.5273209,60.0,62.527320861816406
203,5,25,0.9951816,24.0,24.995181620121002
203,39,25,1.0407445,24.0,25.04074454307556
212,4,25,1.4621749,36.0,37.46217489242554
209,21,25,1.0489395,24.0,25.04893946647644
220,7,25,1.4940507,36.0,37.49405074119568
201,23,25,2.4956446,60.0,62.49564456939697
206,15,25,2.4763265,60.0,62.47632646560669
214,38,25,1.0075512,24.0,25.007551193237305
216,6,25,1.481806,36.0,37.48180603981018
217,47,25,2.5067074,60.0,62.506707429885864
216,7,25,2.5021496,60.0,62.50214958190918
206,12,25,2.3537285,60.0,62.35372853279114
201,24,25,2.496294,60.0,62.496294021606445
209,37,25,1.0014633,24.0,25.001463294029236
209,24,25,1.4470471,36.0,37.44704711437225
203,38,25,2.4958665,60.0,62.495866537094116
217,2,25,1.001986,24.0,25.001986026763916
199,41,25,2.521563,60.0,62.5215630531311
211,48,25,2.5086627,60.0,62.508662700653076
209,23,25,2.5259275,60.0,62.52592754364014
212,2,25,2.489101,60.0,62.48910093307495
218,39,25,2.5038223,60.0,62.503822326660156
214,39,25,1.4886643,36.0,37.48866426944733
206,7,25,2.495782,60.0,62.495781898498535
204,37,25,0.9969487,24.0,24.996948719024658
206,6,25,2.484116,60.0,62.484116077423096
214,41,25,1.0092261,24.0,25.009226083755493
201,37,25,1.0819474,24.0,25.081947445869446
218,38,25,2.5022235,60.0,62.5022234916687
199,38,25,2.504928,60.0,62.50492811203003
209,39,25,1.0265547,24.0,25.026554703712463
203,6,25,2.5080967,60.0,62.50809669494629
199,39,25,1.0225102,24.0,25.022510170936584
211,44,25,1.002267,24.0,25.002267003059387
209,38,25,1.035421,24.0,25.035421013832092
220,15,25,1.5053446,36.0,37.50534462928772
211,47,25,0.99165285,24.0,24.991652846336365
206,5,25,1.0049372,24.0,25.004937171936035
214,43,25,2.4973795,60.0,62.497379541397095
216,5,25,1.4770653,36.0,37.477065324783325
202,24,25,2.496831,60.0,62.49683094024658
206,4,25,1.4677035,36.0,37.467703461647034
214,44,25,1.5189698,36.0,37.518969774246216
206,2,25,2.515481,60.0,62.51548099517822
218,37,25,2.503352,60.0,62.50335192680359
220,21,25,1.5493892,36.0,37.549389243125916
199,37,25,2.5114894,60.0,62.511489391326904
209,43,25,1.0916116,24.0,25.091611623764038
203,37,25,1.4907233,36.0,37.49072325229645
211,41,25,2.5154853,60.0,62.51548528671265
209,41,25,1.4875119,36.0,37.48751187324524
211,43,25,2.503967,60.0,62.50396704673767
220,20,25,2.5012956,60.0,62.50129556655884
201,38,25,2.4975636,60.0,62.49756360054016
214,47,25,2.4958959,60.0,62.495895862579346
217,48,25,2.51021,60.0,62.510210037231445
202,23,25,1.0146518,24.0,25.014651775360107
201,39,25,1.0116682,24.0,25.01166820526123
205,48,25,1.0151058,24.0,25.015105843544006
214,48,25,2.507419,60.0,62.50741910934448
218,24,25,1.4709324,36.0,37.470932364463806
209,47,25,2.492096,60.0,62.492095947265625
211,38,25,1.0697441,24.0,25.069744110107422
217,4,25,1.6033325,36.0,37.60333251953125
217,22,25,1.0212219,24.0,25.02122187614441
220,22,25,1.5107975,36.0,37.51079750061035
209,44,25,1.0361371,24.0,25.036137104034424
211,39,25,2.514668,60.0,62.514667987823486
205,47,25,1.492063,36.0,37.49206304550171
215,2,25,1.5128145,36.0,37.51281452178955
204,39,25,1.4994746,36.0,37.49947464466095
204,38,25,1.4573464,36.0,37.45734643936157
201,41,25,1.0093075,24.0,25.009307503700256
205,44,25,2.502934,60.0,62.502933979034424
215,4,25,1.50868,36.0,37.50867998600006
205,43,25,2.5067878,60.0,62.50678777694702
201,43,25,1.5118177,36.0,37.51181769371033
199,22,25,1.5264996,36.0,37.52649962902069
210,2,25,2.4912992,60.0,62.49129915237427
203,24,25,1.4975768,36.0,37.4975768327713
217,5,25,1.4788795,36.0,37.47887945175171
199,23,25,2.4990392,60.0,62.49903917312622
220,23,25,1.5354944,36.0,37.535494446754456
211,24,25,1.0224581,24.0,25.02245807647705
209,48,25,0.99373066,24.0,24.993730664253235
211,37,25,1.0235144,24.0,25.02351438999176
199,24,25,1.4806787,36.0,37.4806786775589
205,41,25,2.5146637,60.0,62.51466369628906
216,4,25,1.5159849,36.0,37.515984892845154
215,5,25,0.99005306,24.0,24.990053057670593
218,23,25,1.0197577,24.0,25.019757747650146
205,39,25,2.506977,60.0,62.50697708129883
215,6,25,2.5149157,60.0,62.51491570472717
218,22,25,1.00744,24.0,25.007439970970154
201,44,25,1.4501033,36.0,37.45010328292847
211,22,25,2.5004692,60.0,62.50046920776367
220,24,25,1.4745115,36.0,37.47451150417328
210,5,25,2.452757,60.0,62.45275688171387
203,23,25,2.4969566,60.0,62.49695658683777
203,7,25,2.5150878,60.0,62.515087842941284
211,23,25,1.4897425,36.0,37.48974251747131
210,4,25,2.4732718,60.0,62.47327184677124
205,38,25,2.5142715,60.0,62.51427149772644
204,41,25,2.4971006,60.0,62.497100591659546
202,22,25,2.5139055,60.0,62.51390552520752
215,7,25,2.5183992,60.0,62.518399238586426
205,37,25,1.013709,24.0,25.01370894908905
215,12,25,2.5164146,60.0,62.516414642333984
201,48,25,1.4822426,36.0,37.482242584228516
211,20,25,1.0145009,24.0,25.014500856399536
220,37,25,1.4996048,36.0,37.49960482120514
217,6,25,2.505965,60.0,62.50596499443054
203,22,25,1.0186653,24.0,25.018665313720703
210,7,25,2.495215,60.0,62.49521493911743
211,21,25,1.0077599,24.0,25.007759928703308
199,21,25,1.4758797,36.0,37.47587966918945
210,6,25,1.4567342,36.0,37.45673418045044
218,21,25,1.0075396,24.0,25.00753962993622
205,24,25,1.4738612,36.0,37.47386121749878
215,15,25,1.5115076,36.0,37.511507630348206
218,2,25,1.4856316,36.0,37.485631585121155
216,2,25,1.0053296,24.0,25.005329608917236
202,2,25,2.4830317,60.0,62.48303174972534
205,23,25,1.0329809,24.0,25.032980918884277
215,20,25,1.1381758,24.0,25.13817584514618
211,12,25,2.441301,60.0,62.441301107406616
217,20,25,1.0472918,24.0,25.04729175567627
217,21,25,2.502174,60.0,62.50217390060425
220,38,25,1.5086572,36.0,37.50865721702576
210,15,25,2.501569,60.0,62.50156903266907
211,15,25,2.5166812,60.0,62.51668119430542
199,20,25,2.5019886,60.0,62.501988649368286
210,12,25,1.4871156,36.0,37.48711562156677
218,20,25,1.4836034,36.0,37.48360335826874
205,22,25,2.5187426,60.0,62.51874256134033
204,43,25,1.5082177,36.0,37.50821769237518
218,15,25,2.5033295,60.0,62.50332951545715
202,4,25,1.0026006,24.0,25.00260055065155
215,21,25,1.0121675,24.0,25.01216745376587
205,21,25,1.5400815,36.0,37.54008150100708
215,22,25,2.510175,60.0,62.51017498970032
210,22,25,2.4924421,60.0,62.49244213104248
220,39,25,1.0288703,24.0,25.028870344161987
199,12,25,2.5393405,60.0,62.53934049606323
211,7,25,1.4979259,36.0,37.497925877571106
217,7,25,2.5175862,60.0,62.51758623123169
203,21,25,2.4850883,60.0,62.48508834838867
210,21,25,2.4767003,60.0,62.47670030593872
199,15,25,1.0269676,24.0,25.026967644691467
210,20,25,2.4924169,60.0,62.492416858673096
205,20,25,1.5259618,36.0,37.52596175670624
205,15,25,1.5158083,36.0,37.51580834388733
202,21,25,1.5658724,36.0,37.56587243080139
215,48,25,0.9969914,24.0,24.996991395950317
218,12,25,2.5153077,60.0,62.515307664871216
202,5,25,1.6070262,36.0,37.60702621936798
215,23,25,1.5606744,36.0,37.56067442893982
205,12,25,1.0310985,24.0,25.03109848499298
199,7,25,1.5260803,36.0,37.52608025074005
210,24,25,2.406217,60.0,62.406217098236084
203,12,25,1.0244943,24.0,25.024494290351868
217,12,25,1.4964408,36.0,37.49644076824188
211,5,25,2.5074306,60.0,62.50743055343628
210,23,25,1.5167131,36.0,37.51671314239502
211,6,25,1.4855413,36.0,37.485541343688965
215,24,25,2.4988234,60.0,62.498823404312134
205,7,25,2.514967,60.0,62.51496696472168
215,37,25,1.0068188,24.0,25.006818771362305
215,47,25,1.480728,36.0,37.48072803020477
204,44,25,1.4892828,36.0,37.489282846450806
205,6,25,2.5075064,60.0,62.507506370544434
202,7,25,1.4851614,36.0,37.48516142368317
215,38,25,2.50632,60.0,62.506319999694824
210,38,25,1.4902029,36.0,37.49020290374756
199,6,25,1.0255599,24.0,25.025559902191162
220,43,25,1.4725034,36.0,37.472503423690796
203,20,25,2.4925566,60.0,62.49255657196045
211,2,25,2.4995246,60.0,62.49952459335327
210,37,25,1.471245,36.0,37.4712450504303
211,4,25,2.5010056,60.0,62.50100564956665
220,41,25,1.0120143,24.0,25.012014269828796
218,6,25,2.5013504,60.0,62.50135040283203
202,12,25,1.4836429,36.0,37.48364293575287
205,5,25,2.4757202,60.0,62.475720167160034
218,4,25,1.4805366,36.0,37.480536580085754
202,15,25,1.4783924,36.0,37.478392362594604
215,39,25,1.0084338,24.0,25.00843381881714
205,4,25,1.5175692,36.0,37.517569184303284
215,41,25,1.501593,36.0,37.50159299373627
210,43,25,1.4734104,36.0,37.4734103679657
210,44,25,2.4778135,60.0,62.477813482284546
220,48,25,1.4776603,36.0,37.47766029834747
209,41,26,1.4964404,37.5,38.996440410614014
204,47,26,1.4842021,37.5,38.98420214653015
218,4,26,1.4796228,37.5,38.97962284088135
215,47,26,1.4657513,37.5,38.96575129032135
204,44,26,1.4901017,37.5,38.99010169506073
204,48,26,1.4888815,37.5,38.98888146877289
215,44,26,1.5075544,37.5,39.00755441188812
202,20,26,1.0116477,25.0,26.011647701263428
209,43,26,1.1169854,25.0,26.11698544025421
211,41,26,2.5190833,62.5,65.01908326148987
202,21,26,1.575267,37.5,39.07526695728302
215,48,26,1.0037901,25.0,26.003790140151978
209,44,26,1.0698166,25.0,26.06981658935547
211,39,26,2.511752,62.5,65.0117518901825
220,21,26,1.5467933,37.5,39.04679334163666
199,37,26,2.517369,62.5,65.01736903190613
200,41,26,1.0054553,25.0,26.005455255508423
213,22,26,2.5447745,62.5,65.04477453231812
207,48,26,2.515102,62.5,65.01510190963745
207,47,26,1.5314925,37.5,39.031492471694946
219,23,26,0.9509972,25.0,25.950997173786163
220,48,26,1.4754229,37.5,38.975422859191895
213,20,26,1.0138528,25.0,26.013852834701538
207,44,26,2.4890409,62.5,64.98904085159302
200,39,26,2.516025,62.5,65.01602506637573
213,21,26,1.4748274,37.5,38.97482740879059
207,43,26,1.0098207,25.0,26.009820699691772
217,6,26,2.507701,62.5,65.00770092010498
203,22,26,0.9754824,25.0,25.975482404232025
217,20,26,1.0389438,25.0,26.038943767547607
217,21,26,2.5089872,62.5,65.00898718833923
199,2,26,1.5253409,37.5,39.02534091472626
213,39,26,2.4539359,62.5,64.95393586158752
219,20,26,2.2810917,62.5,64.78109169006348
219,37,26,2.5332222,62.5,65.03322219848633
200,37,26,1.0212898,25.0,26.021289825439453
213,7,26,2.5390863,62.5,65.03908634185791
213,37,26,2.4995525,62.5,64.99955248832703
207,37,26,1.5715598,37.5,39.07155978679657
208,4,26,2.4941635,62.5,64.9941635131836
213,12,26,2.450471,62.5,64.95047092437744
219,24,26,1.5754813,37.5,39.07548129558563
217,4,26,1.605023,37.5,39.10502302646637
217,22,26,1.0124948,25.0,26.012494802474976
203,24,26,1.4992977,37.5,38.999297738075256
217,5,26,1.4764758,37.5,38.9764758348465
203,23,26,2.5018978,62.5,65.00189781188965
207,39,26,2.5080686,62.5,65.00806856155396
219,15,26,1.51834,37.5,39.01833999156952
207,22,26,2.4993587,62.5,64.99935865402222
208,7,26,1.4921621,37.5,38.992162108421326
213,6,26,2.503604,62.5,65.0036039352417
208,6,26,1.0227506,25.0,26.02275061607361
200,24,26,2.5120656,62.5,65.01206564903259
203,6,26,2.5077243,62.5,65.00772428512573
203,37,26,1.4876763,37.5,38.98767626285553
210,48,26,2.4973083,62.5,64.99730825424194
210,38,26,1.4748471,37.5,38.974847078323364
199,6,26,1.0196633,25.0,26.019663333892822
220,43,26,1.4812772,37.5,38.98127722740173
213,38,26,0.97497165,25.0,25.974971652030945
200,47,26,1.4780108,37.5,38.97801077365875
207,24,26,1.0049994,25.0,26.00499939918518
207,23,26,1.528856,37.5,39.02885603904724
207,21,26,1.0185461,25.0,26.018546104431152
213,43,26,2.483786,62.5,64.98378610610962
201,2,26,1.5126376,37.5,39.01263761520386
207,20,26,1.0298305,25.0,26.02983045578003
213,44,26,2.4913983,62.5,64.99139833450317
213,41,26,1.4537748,37.5,38.95377480983734
200,48,26,2.4996624,62.5,64.99966239929199
213,4,26,1.0216906,25.0,26.021690607070923
208,12,26,2.4553308,62.5,64.95533084869385
219,38,26,1.5689168,37.5,39.06891679763794
213,5,26,2.4609413,62.5,64.96094131469727
211,4,26,2.500187,62.5,65.00018692016602
203,39,26,1.035743,25.0,26.03574299812317
203,5,26,0.9919911,25.0,25.991991102695465
203,38,26,2.5050495,62.5,65.00504946708679
217,2,26,1.01434,25.0,26.014340043067932
214,2,26,1.4713789,37.5,38.97137892246246
213,47,26,1.4284334,37.5,38.928433418273926
207,12,26,1.4936719,37.5,38.993671894073486
201,4,26,2.5122437,62.5,65.01224374771118
208,20,26,2.5016713,62.5,65.0016713142395
219,39,26,2.4647417,62.5,64.96474170684814
219,7,26,2.547513,62.5,65.04751300811768
219,12,26,1.2881731,37.5,38.78817307949066
207,15,26,2.5142202,62.5,65.01422023773193
208,15,26,2.5146623,62.5,65.01466226577759
200,23,26,1.5619447,37.5,39.06194472312927
203,41,26,2.5017335,62.5,65.00173354148865
217,23,26,1.4429296,25.0,26.44292962551117
216,48,26,2.499348,62.5,64.99934792518616
211,2,26,2.4898186,62.5,64.98981857299805
210,37,26,1.4667978,37.5,38.966797828674316
201,5,26,2.4973307,62.5,64.99733066558838
207,6,26,0.98160183,25.0,25.98160183429718
212,48,26,1.4955174,37.5,38.99551737308502
208,21,26,2.493533,62.5,64.99353289604187
200,22,26,2.502592,62.5,65.00259208679199
207,5,26,2.4498088,62.5,64.94980883598328
203,43,26,1.4783953,37.5,38.97839534282684
203,4,26,2.4957395,62.5,64.99573945999146
216,47,26,1.4756191,37.5,38.975619077682495
220,41,26,1.0113747,25.0,26.011374711990356
199,7,26,1.5260286,37.5,39.026028633117676
210,24,26,2.4044545,62.5,64.90445446968079
213,2,26,1.4857632,37.5,38.98576319217682
213,48,26,2.4431062,62.5,64.943106174469
207,7,26,1.4814199,37.5,38.981419920921326
219,6,26,1.3415159,37.5,38.84151589870453
206,48,26,2.4704614,62.5,64.97046136856079
208,22,26,2.5042858,62.5,65.00428581237793
207,4,26,1.5100178,37.5,39.0100177526474
214,5,26,2.4888744,62.5,64.9888744354248
207,2,26,1.0370059,25.0,26.03700590133667
214,6,26,0.9992405,25.0,25.999240517616272
214,4,26,1.0084113,25.0,26.008411288261414
201,6,26,1.5061066,37.5,39.00610661506653
219,4,26,1.47595,37.5,38.97595000267029
212,47,26,2.5082552,62.5,65.00825524330139
219,41,26,2.4507108,62.5,64.95071077346802
217,24,26,1.5520719,37.5,39.052071928977966
216,44,26,2.489039,62.5,64.98903894424438
211,5,26,2.5088916,62.5,65.00889158248901
210,23,26,1.5111455,37.5,39.01114547252655
211,6,26,1.487547,37.5,38.98754703998566
218,48,26,1.4843713,37.5,38.984371304512024
201,15,26,1.0109484,25.0,26.010948419570923
201,12,26,1.4973024,37.5,38.997302412986755
214,7,26,1.4969139,37.5,38.99691390991211
206,47,26,0.97582,25.0,25.975820004940033
208,24,26,1.0076188,25.0,26.00761878490448
200,20,26,2.5149822,62.5,65.01498222351074
199,12,26,2.5341115,62.5,65.03411149978638
203,47,26,2.5021415,62.5,65.00214147567749
203,2,26,1.4974862,37.5,38.99748623371124
203,44,26,2.5037632,62.5,65.00376319885254
219,2,26,1.1833247,37.5,38.683324694633484
201,7,26,2.5050392,62.5,65.00503921508789
208,23,26,1.4962711,37.5,38.99627113342285
200,21,26,1.0143802,25.0,26.01438021659851
219,43,26,0.9044665,25.0,25.90446650981903
206,39,26,2.4727745,62.5,64.97277450561523
212,41,26,0.9850588,25.0,25.985058784484863
208,37,26,2.514278,62.5,65.01427793502808
219,44,26,2.5386152,62.5,65.0386152267456
212,43,26,2.507638,62.5,65.0076379776001
214,15,26,1.4900104,37.5,38.990010380744934
203,48,26,2.4831734,62.5,64.98317337036133
202,48,26,2.510107,62.5,65.01010704040527
217,37,26,1.5189776,37.5,39.018977642059326
216,41,26,2.4975524,62.5,64.99755239486694
216,43,26,1.4770027,37.5,38.97700273990631
210,22,26,2.4933748,62.5,64.99337482452393
220,39,26,1.0274836,25.0,26.027483582496643
212,44,26,2.4956589,62.5,64.99565887451172
206,41,26,1.4687226,37.5,38.9687225818634
214,12,26,2.5088575,62.5,65.0088574886322
208,38,26,0.9951284,25.0,25.995128393173218
214,21,26,1.4899181,37.5,38.98991811275482
206,37,26,1.489957,37.5,38.989956974983215
201,20,26,1.0116943,25.0,26.011694312095642
214,22,26,2.5123467,62.5,65.01234674453735
201,21,26,1.4728861,37.5,38.972886085510254
218,47,26,0.97600126,25.0,25.976001262664795
206,38,26,2.4722662,62.5,64.97226619720459
214,20,26,2.4954033,62.5,64.99540328979492
212,39,26,2.5065536,62.5,65.00655364990234
200,15,26,1.4692081,37.5,38.969208121299744
216,39,26,1.500319,37.5,39.00031900405884
211,7,26,1.497931,37.5,38.99793100357056
210,21,26,2.4786422,62.5,64.9786422252655
199,15,26,1.0188378,25.0,26.018837809562683
210,20,26,2.4970155,62.5,64.9970154762268
206,23,26,2.4960985,62.5,64.99609851837158
218,44,26,1.4713434,37.5,38.97134339809418
212,37,26,1.4486027,37.5,38.9486026763916
208,43,26,2.4643874,62.5,64.9643874168396
219,47,26,1.3743765,37.5,38.87437653541565
206,24,26,1.4493225,37.5,38.94932246208191
214,23,26,2.5038466,62.5,65.00384664535522
208,41,26,2.5151887,62.5,65.01518869400024
212,38,26,0.9788634,25.0,25.978863418102264
200,12,26,1.054883,25.0,26.054883003234863
208,39,26,2.5158172,62.5,65.01581716537476
204,4,26,1.5105758,37.5,39.01057577133179
217,38,26,1.0126811,25.0,26.012681126594543
216,38,26,1.4813843,37.5,38.98138427734375
204,2,26,2.4834297,62.5,64.98342967033386
202,47,26,0.99262273,25.0,25.99262273311615
200,6,26,1.4747,37.5,38.97469997406006
218,43,26,1.4814916,37.5,38.981491565704346
214,37,26,1.5201797,37.5,39.020179748535156
212,24,26,2.4838524,62.5,64.98385238647461
200,7,26,1.4896379,37.5,38.98963785171509
208,44,26,2.5005004,62.5,65.00050044059753
206,22,26,2.5048025,62.5,65.00480246543884
201,22,26,1.0054109,25.0,26.00541090965271
214,24,26,1.015908,25.0,26.015908002853394
206,20,26,0.98580205,25.0,25.985802054405212
202,44,26,0.9882562,25.0,25.988256216049194
204,5,26,1.486154,37.5,38.986153960227966
216,37,26,1.0113457,25.0,26.011345744132996
211,12,26,2.454999,62.5,64.95499897003174
210,15,26,2.5029228,62.5,65.0029227733612
220,38,26,1.5089425,37.5,39.00894248485565
206,12,26,2.4067721,62.5,64.90677213668823
201,24,26,2.4973383,62.5,64.99733829498291
218,39,26,2.5028057,62.5,65.00280570983887
214,39,26,1.4893413,37.5,38.989341259002686
206,7,26,2.499344,62.5,64.99934411048889
217,39,26,1.5295624,37.5,39.02956235408783
216,24,26,1.5148753,37.5,39.014875292778015
211,15,26,2.5225372,62.5,65.02253723144531
199,20,26,2.505032,62.5,65.00503206253052
210,12,26,1.4803354,37.5,38.98033535480499
204,6,26,1.497826,37.5,38.99782598018646
218,41,26,1.0082271,25.0,26.008227109909058
201,23,26,2.4978213,62.5,64.99782133102417
206,15,26,2.462426,62.5,64.96242594718933
214,38,26,1.0100776,25.0,26.010077595710754
208,47,26,1.4852386,37.5,38.985238552093506
201,37,26,1.1195877,25.0,26.119587659835815
218,38,26,2.5036855,62.5,65.00368547439575
206,5,26,0.9854994,25.0,25.985499382019043
214,43,26,2.4984202,62.5,64.99842023849487
209,2,26,2.4836369,62.5,64.9836368560791
206,6,26,2.486343,62.5,64.9863429069519
212,22,26,2.5094056,62.5,65.00940561294556
208,48,26,1.0184524,25.0,26.018452405929565
212,23,26,1.5015855,37.5,39.001585483551025
214,41,26,1.0054636,25.0,26.00546360015869
210,7,26,2.491937,62.5,64.99193692207336
204,12,26,1.488508,37.5,38.988507986068726
202,43,26,0.98892313,25.0,25.988923132419586
216,23,26,1.4809301,37.5,38.98093008995056
204,7,26,2.5102897,62.5,65.01028966903687
219,48,26,1.4262145,37.5,38.92621445655823
201,38,26,2.5033367,62.5,65.00333666801453
212,20,26,2.4945376,62.5,64.9945375919342
220,4,26,1.4893868,37.5,38.989386796951294
209,4,26,2.5280204,62.5,65.02802038192749
212,21,26,1.4818863,37.5,38.98188626766205
220,2,26,2.4803295,62.5,64.9803295135498
200,4,26,1.0356381,25.0,26.035638093948364
206,4,26,1.4708935,37.5,38.97089350223541
214,44,26,1.4899664,37.5,38.98996639251709
206,2,26,2.513857,62.5,65.01385688781738
216,22,26,1.003916,25.0,26.003916025161743
204,15,26,1.009001,25.0,26.00900101661682
217,41,26,1.4981636,37.5,38.99816358089447
217,43,26,2.5130014,62.5,65.01300144195557
211,20,26,1.0198977,25.0,26.01989769935608
220,37,26,1.5115893,37.5,39.01158928871155
209,6,26,2.5298336,62.5,65.02983355522156
209,5,26,1.5528294,37.5,39.05282938480377
214,48,26,2.5079489,62.5,65.00794887542725
218,24,26,1.4714448,37.5,38.971444845199585
205,47,26,1.468615,37.5,38.96861505508423
215,2,26,1.518119,37.5,39.01811897754669
214,47,26,2.4987988,62.5,64.99879884719849
201,39,26,1.0060472,25.0,26.006047248840332
205,48,26,1.0154059,25.0,26.015405893325806
212,15,26,1.4961816,37.5,38.9961816072464
200,2,26,2.483495,62.5,64.98349499702454
202,41,26,1.4811114,37.5,38.98111140727997
211,21,26,1.0014747,25.0,26.001474738121033
199,21,26,1.4868224,37.5,38.98682236671448
210,6,26,1.4586989,37.5,38.958698868751526
218,37,26,2.503118,62.5,65.00311803817749
205,43,26,2.462064,62.5,64.96206402778625
201,43,26,1.5124723,37.5,39.01247227191925
205,41,26,2.4709423,62.5,64.97094225883484
209,12,26,1.0198283,25.0,26.01982831954956
199,48,26,1.011421,25.0,26.011420965194702
220,24,26,1.4691644,37.5,38.96916437149048
204,21,26,2.4933047,62.5,64.99330472946167
216,20,26,2.4973762,62.5,64.99737620353699
216,21,26,2.4843655,62.5,64.98436546325684
202,39,26,1.4744377,37.5,38.97443771362305
204,20,26,1.5227315,37.5,39.02273154258728
205,44,26,2.5050602,62.5,65.00506019592285
201,41,26,1.0107349,25.0,26.010734915733337
212,12,26,2.285389,62.5,64.7853889465332
209,7,26,2.5168574,62.5,65.01685738563538
220,5,26,1.5069875,37.5,39.00698745250702
205,38,26,2.5160942,62.5,65.01609420776367
215,7,26,2.5160627,62.5,65.01606273651123
209,15,26,1.5120714,37.5,39.01207137107849
199,47,26,2.5096993,62.5,65.00969934463501
220,6,26,2.5069604,62.5,65.00696039199829
212,7,26,2.526999,62.5,65.02699899673462
215,5,26,0.99377525,25.0,25.993775248527527
218,23,26,1.1351274,25.0,26.135127425193787
205,39,26,2.5089886,62.5,65.00898861885071
215,6,26,2.51507,62.5,65.01506996154785
216,12,26,1.499705,37.5,38.99970495700836
204,22,26,1.0132917,25.0,26.013291716575623
217,44,26,1.5161623,37.5,39.016162276268005
211,22,26,2.4940689,62.5,64.99406886100769
210,5,26,2.4525588,62.5,64.95255875587463
215,4,26,1.4992788,37.5,38.99927878379822
215,12,26,2.509048,62.5,65.0090479850769
201,48,26,1.4847033,37.5,38.98470330238342
218,21,26,1.1949792,25.0,26.194979190826416
205,24,26,1.5068765,37.5,39.00687646865845
215,15,26,1.5060166,37.5,39.00601661205292
205,37,26,1.011574,25.0,26.011574029922485
218,22,26,1.0054841,25.0,26.005484104156494
209,20,26,2.5089784,62.5,65.0089783668518
199,44,26,2.5037904,62.5,65.00379037857056
212,6,26,2.5117755,62.5,65.01177549362183
216,7,26,2.501185,62.5,65.00118494033813
202,38,26,2.5139797,62.5,65.01397967338562
211,23,26,1.4850801,37.5,38.98508012294769
210,4,26,2.483547,62.5,64.98354697227478
199,22,26,1.5256221,37.5,39.02562212944031
201,44,26,1.4490439,37.5,38.94904386997223
205,20,26,1.5041567,37.5,39.004156708717346
215,20,26,1.1230724,25.0,26.123072385787964
202,2,26,2.4842,62.5,64.98420000076294
218,20,26,1.4834837,37.5,38.98348367214203
205,22,26,2.5203023,62.5,65.02030229568481
209,22,26,2.532226,62.5,65.03222608566284
199,43,26,1.505422,37.5,39.00542199611664
205,23,26,1.0315385,25.0,26.031538486480713
209,21,26,1.0875897,25.0,26.087589740753174
220,7,26,1.4935532,37.5,38.993553161621094
212,5,26,2.4623148,62.5,64.96231484413147
220,23,26,1.5328906,37.5,39.0328905582428
204,24,26,1.4997479,37.5,38.9997478723526
216,6,26,1.4843504,37.5,38.98435044288635
217,47,26,2.50659,62.5,65.00658988952637
204,23,26,2.5009494,62.5,65.00094938278198
199,41,26,2.5218112,62.5,65.02181124687195
215,22,26,2.5125573,62.5,65.0125572681427
209,23,26,2.5431743,62.5,65.04317426681519
212,2,26,2.4925766,62.5,64.9925765991211
220,12,26,2.5071075,62.5,65.0071074962616
205,15,26,1.5154741,37.5,39.01547408103943
202,24,26,2.449283,62.5,64.94928288459778
204,37,26,1.0381403,25.0,26.038140296936035
210,2,26,2.4917543,62.5,64.99175429344177
211,24,26,1.0233983,25.0,26.023398280143738
199,23,26,2.4825375,62.5,64.98253750801086
212,4,26,1.4551036,37.5,38.955103635787964
218,15,26,2.5078187,62.5,65.00781869888306
202,4,26,0.99023366,25.0,25.990233659744263
215,21,26,1.0105776,25.0,26.01057755947113
205,21,26,1.5319171,37.5,39.031917095184326
211,48,26,2.50862,62.5,65.00862002372742
205,12,26,1.1071074,25.0,26.107107400894165
215,24,26,2.5094385,62.5,65.00943851470947
205,7,26,2.5160065,62.5,65.01600646972656
215,37,26,1.0056152,25.0,26.005615234375
202,23,26,1.0148917,25.0,26.014891743659973
217,48,26,2.5126143,62.5,65.0126142501831
209,48,26,1.0177131,25.0,26.01771306991577
211,37,26,1.0098668,25.0,26.00986683368683
199,24,26,1.4806308,37.5,38.9806307554245
216,5,26,1.472851,37.5,38.972851037979126
218,12,26,2.523944,62.5,65.02394390106201
202,5,26,1.4525468,37.5,38.95254683494568
215,23,26,1.5572478,37.5,39.05724775791168
209,37,26,1.0105965,25.0,26.01059651374817
209,24,26,1.4674408,37.5,38.96744084358215
215,41,26,1.5057101,37.5,39.00571012496948
215,38,26,2.5124047,62.5,65.01240468025208
218,6,26,2.500883,62.5,65.00088310241699
202,12,26,1.474743,37.5,38.974743008613586
199,38,26,2.5078943,62.5,65.00789427757263
209,39,26,0.98835254,25.0,25.98835253715515
199,39,26,1.019185,25.0,26.019184947013855
205,6,26,2.5085135,62.5,65.00851345062256
202,7,26,1.4858932,37.5,38.98589324951172
220,15,26,1.5015876,37.5,39.00158762931824
211,47,26,0.9974143,25.0,25.997414290905
204,41,26,2.5004015,62.5,65.0004014968872
202,22,26,2.520841,62.5,65.020840883255
216,4,26,1.5143964,37.5,39.01439642906189
204,39,26,1.5004934,37.5,39.00049340724945
204,38,26,1.4909942,37.5,38.9909942150116
205,2,26,1.5938926,37.5,39.0938925743103
218,5,26,0.9914196,25.0,25.99141961336136
211,43,26,2.5059469,62.5,65.00594687461853
220,20,26,2.4948192,62.5,64.99481916427612
204,43,26,1.5068803,37.5,39.00688028335571
218,2,26,1.482202,37.5,38.98220205307007
216,2,26,1.0128486,25.0,26.012848615646362
209,47,26,2.487641,62.5,64.98764109611511
211,38,26,1.0297437,25.0,26.029743671417236
220,22,26,1.5109873,37.5,39.010987281799316
211,44,26,0.9963698,25.0,25.996369779109955
209,38,26,1.0496448,25.0,26.049644827842712
205,5,26,2.4816594,62.5,64.98165941238403
202,15,26,1.4799849,37.5,38.97998487949371
215,39,26,1.0081342,25.0,26.008134245872498
205,4,26,1.5179026,37.5,39.01790261268616
219,21,26,2.1124532,62.5,64.61245322227478
200,43,26,0.9956701,25.0,25.995670080184937
213,24,26,2.439981,62.5,64.93998098373413
207,38,26,1.5613238,37.5,39.06132376194
200,44,26,2.5237975,62.5,65.02379751205444
207,41,26,0.9864036,25.0,25.986403584480286
219,22,26,2.4031296,62.5,64.90312957763672
213,23,26,2.4670255,62.5,64.96702551841736
208,2,26,2.5041244,62.5,65.00412440299988
200,38,26,2.5181768,62.5,65.01817679405212
213,15,26,2.5250926,62.5,65.02509260177612
203,7,26,2.5141122,62.5,65.0141122341156
210,47,26,1.4737374,37.5,38.973737359046936
210,39,26,1.475109,37.5,38.97510898113251
199,5,26,2.4789298,62.5,64.9789297580719
220,44,26,2.4975948,62.5,64.99759483337402
217,12,26,1.5160896,37.5,39.01608955860138
203,12,26,1.0274622,25.0,26.027462244033813
203,21,26,2.4847221,62.5,64.98472213745117
210,41,26,2.4969547,62.5,64.99695467948914
203,15,26,1.5007279,37.5,39.000727891922
203,20,26,2.4920812,62.5,64.99208116531372
210,43,26,1.4437217,37.5,38.943721652030945
220,47,26,1.4771675,37.5,38.97716748714447
199,4,26,1.5038103,37.5,39.00381028652191
210,44,26,2.4857144,62.5,64.98571443557739
217,7,26,2.5164535,62.5,65.01645350456238
203,15,27,1.5045222,39.0,40.50452220439911
203,20,27,2.497736,65.0,67.49773597717285
220,47,27,1.4829128,39.0,40.48291277885437
210,44,27,2.481871,65.0,67.4818708896637
200,6,27,1.4897084,39.0,40.4897084236145
208,47,27,1.4773475,39.0,40.47734749317169
214,38,27,1.0168214,26.0,27.01682138442993
206,15,27,2.4813619,65.0,67.48136186599731
201,23,27,2.4952374,65.0,67.49523735046387
210,12,27,1.4835793,39.0,40.48357927799225
199,20,27,2.4937072,65.0,67.4937071800232
211,15,27,2.5206537,65.0,67.52065372467041
204,6,27,1.5009688,39.0,40.50096881389618
206,22,27,2.502442,65.0,67.50244188308716
208,41,27,2.5125847,65.0,67.5125846862793
208,43,27,2.46255,65.0,67.46254992485046
207,47,27,1.4876139,39.0,40.487613916397095
213,22,27,2.5415215,65.0,67.54152154922485
200,41,27,1.0005543,26.0,27.00055432319641
210,48,27,2.4542785,65.0,67.4542784690857
215,44,27,1.5203618,39.0,40.5203617811203
204,48,27,1.4943694,39.0,40.49436938762665
202,21,27,1.5809884,39.0,40.58098840713501
204,44,27,1.5000606,39.0,40.50006055831909
215,47,27,1.4770399,39.0,40.47703993320465
218,4,27,1.4829535,39.0,40.4829535484314
204,47,27,1.4834775,39.0,40.48347747325897
209,41,27,1.4994211,39.0,40.49942111968994
199,2,27,1.5273201,39.0,40.52732014656067
199,4,27,1.505966,39.0,40.50596594810486
210,43,27,1.4743637,39.0,40.474363684654236
210,47,27,1.4668947,39.0,40.46689474582672
200,43,27,1.0116005,26.0,27.011600494384766
207,39,27,2.5039606,65.0,67.50396060943604
203,23,27,2.502572,65.0,67.50257205963135
217,5,27,1.4787117,39.0,40.47871172428131
216,2,27,1.008811,26.0,27.008810997009277
202,15,27,1.4849843,39.0,40.484984278678894
199,38,27,2.5146375,65.0,67.51463747024536
220,20,27,2.4943333,65.0,67.49433326721191
211,43,27,2.4969845,65.0,67.49698448181152
218,5,27,1.002809,26.0,27.002809047698975
205,2,27,1.9815451,39.0,40.981545090675354
204,43,27,1.5064918,39.0,40.50649178028107
199,5,27,2.4785104,65.0,67.47851037979126
210,39,27,1.4722905,39.0,40.47229051589966
203,22,27,1.0290546,26.0,27.029054641723633
203,7,27,2.509173,65.0,67.50917291641235
217,4,27,1.6019464,39.0,40.60194635391235
208,2,27,2.4936566,65.0,67.49365663528442
219,24,27,1.5680506,39.0,40.56805062294006
213,12,27,2.382853,65.0,67.38285303115845
207,37,27,1.5729483,39.0,40.57294833660126
205,4,27,1.5688455,39.0,40.56884551048279
215,39,27,1.0129988,26.0,27.012998819351196
209,38,27,1.0514867,26.0,27.05148673057556
199,24,27,1.487273,39.0,40.48727297782898
211,38,27,1.0048301,26.0,27.00483012199402
209,47,27,2.500814,65.0,67.50081396102905
218,2,27,1.4834477,39.0,40.483447670936584
219,22,27,2.382438,65.0,67.38243794441223
200,44,27,2.5195322,65.0,67.51953220367432
207,38,27,1.5703824,39.0,40.57038235664368
213,24,27,2.4501579,65.0,67.45015788078308
207,24,27,1.0097336,26.0,27.00973355770111
213,37,27,2.4758766,65.0,67.47587656974792
219,20,27,2.2551224,65.0,67.255122423172
219,15,27,1.531353,39.0,40.53135299682617
202,7,27,1.4765072,39.0,40.47650718688965
205,6,27,2.3587742,65.0,67.35877418518066
211,44,27,0.99221826,26.0,26.992218255996704
209,39,27,0.99975955,26.0,26.999759554862976
205,5,27,2.2912383,65.0,67.29123830795288
202,12,27,1.4694214,39.0,40.46942138671875
218,6,27,2.497799,65.0,67.49779891967773
215,38,27,2.506802,65.0,67.50680208206177
215,41,27,1.5136114,39.0,40.5136114358902
203,24,27,1.5030597,39.0,40.5030597448349
217,22,27,1.0086527,26.0,27.008652687072754
217,21,27,2.5124333,65.0,67.51243329048157
211,2,27,2.4831383,65.0,67.4831383228302
220,43,27,1.4857743,39.0,40.48577427864075
210,38,27,1.478483,39.0,40.47848296165466
204,39,27,1.5074123,39.0,40.50741231441498
216,4,27,1.5918852,39.0,40.59188520908356
202,22,27,2.5165982,65.0,67.51659822463989
204,41,27,2.4862633,65.0,67.48626327514648
209,44,27,1.078992,26.0,27.078992009162903
211,47,27,0.9974818,26.0,26.99748182296753
199,39,27,1.0263963,26.0,27.02639627456665
220,15,27,1.5073253,39.0,40.507325291633606
209,37,27,1.0256048,26.0,27.025604844093323
219,21,27,2.1843743,65.0,67.18437433242798
213,7,27,2.5208817,65.0,67.52088165283203
200,37,27,1.0195043,26.0,27.01950430870056
219,37,27,2.5596423,65.0,67.55964231491089
208,6,27,1.0285838,26.0,27.028583765029907
213,6,27,2.5035126,65.0,67.5035126209259
207,22,27,2.488346,65.0,67.48834609985352
217,2,27,1.0044549,26.0,27.004454851150513
217,48,27,2.5062456,65.0,67.50624561309814
215,37,27,1.0066608,26.0,27.00666081905365
205,7,27,2.2614448,65.0,67.26144480705261
215,24,27,2.486226,65.0,67.48622608184814
205,12,27,1.3684887,26.0,27.368488669395447
211,48,27,2.498043,65.0,67.49804306030273
204,38,27,1.4868932,39.0,40.48689317703247
213,39,27,2.4318295,65.0,67.43182945251465
207,23,27,1.5366259,39.0,40.53662586212158
200,47,27,1.4756835,39.0,40.47568345069885
213,38,27,0.9670465,26.0,26.96704649925232
208,4,27,2.4614968,65.0,67.46149682998657
213,5,27,2.4511802,65.0,67.45118021965027
208,12,27,2.3999126,65.0,67.3999125957489
207,21,27,1.0264457,26.0,27.026445746421814
219,12,27,1.2834707,39.0,40.28347074985504
209,24,27,1.4685585,39.0,40.46855854988098
215,23,27,1.5576723,39.0,40.55767226219177
202,5,27,1.4769171,39.0,40.476917147636414
218,12,27,2.4780185,65.0,67.47801852226257
202,24,27,2.505927,65.0,67.50592708587646
211,37,27,1.0137746,26.0,27.013774633407593
220,22,27,1.512023,39.0,40.512022972106934
216,5,27,1.4831702,39.0,40.48317015171051
203,37,27,1.4817775,39.0,40.48177754878998
203,6,27,2.5054839,65.0,67.50548386573792
213,41,27,1.4566803,39.0,40.45668029785156
200,24,27,2.512864,65.0,67.512864112854
213,43,27,2.4979348,65.0,67.49793481826782
208,7,27,1.4921091,39.0,40.492109060287476
210,37,27,1.4568051,39.0,40.45680510997772
204,37,27,1.0033233,26.0,27.003323316574097
202,23,27,1.004348,26.0,27.004348039627075
205,15,27,1.5718365,39.0,40.57183647155762
212,2,27,2.4797473,65.0,67.47974729537964
220,12,27,2.484145,65.0,67.48414492607117
209,23,27,2.5452533,65.0,67.54525327682495
215,22,27,2.511695,65.0,67.51169490814209
199,41,27,2.5177255,65.0,67.51772546768188
203,38,27,2.500863,65.0,67.50086307525635
203,5,27,0.9969262,26.0,26.996926188468933
203,39,27,1.039414,26.0,27.039414048194885
211,4,27,2.488484,65.0,67.48848390579224
199,6,27,1.0270712,26.0,27.027071237564087
213,4,27,1.0170319,26.0,27.01703190803528
219,38,27,1.5455208,39.0,40.5455207824707
200,23,27,1.5485029,39.0,40.548502922058105
208,15,27,2.5165086,65.0,67.51650857925415
205,21,27,1.470567,39.0,40.47056698799133
215,21,27,1.0181457,26.0,27.01814568042755
202,4,27,0.9935478,26.0,26.993547797203064
218,15,27,2.5053937,65.0,67.50539374351501
212,4,27,1.4565568,39.0,40.45655679702759
199,23,27,2.503432,65.0,67.50343203544617
211,24,27,1.0281225,26.0,27.028122544288635
204,24,27,1.5108622,39.0,40.51086223125458
200,48,27,2.5320253,65.0,67.53202533721924
213,44,27,2.4925056,65.0,67.49250555038452
207,20,27,1.0332448,26.0,27.033244848251343
201,2,27,1.5153592,39.0,40.5153591632843
201,4,27,2.5084257,65.0,67.50842571258545
207,12,27,1.4973596,39.0,40.49735963344574
213,47,27,1.4402696,39.0,40.44026958942413
201,5,27,2.4968288,65.0,67.49682879447937
205,23,27,1.1999162,26.0,27.19991624355316
218,20,27,1.4845989,39.0,40.484598875045776
199,43,27,1.5088155,39.0,40.50881552696228
209,22,27,2.5329232,65.0,67.53292322158813
205,22,27,2.277766,65.0,67.27776598930359
202,2,27,2.472765,65.0,67.47276496887207
215,20,27,1.0008432,26.0,27.000843167304993
205,20,27,1.6687747,39.0,40.66877472400665
216,48,27,2.4867873,65.0,67.48678731918335
217,23,27,1.0160931,26.0,27.016093134880066
203,41,27,2.4976158,65.0,67.49761581420898
211,5,27,2.4822826,65.0,67.4822826385498
213,48,27,2.4134314,65.0,67.41343140602112
213,2,27,1.4889462,39.0,40.488946199417114
210,24,27,2.3644068,65.0,67.36440682411194
199,7,27,1.5304377,39.0,40.530437707901
220,41,27,1.0030072,26.0,27.003007173538208
217,47,27,2.4963512,65.0,67.49635124206543
216,6,27,1.4866309,39.0,40.48663091659546
209,48,27,0.99284685,26.0,26.992846846580505
220,23,27,1.5390635,39.0,40.539063453674316
212,5,27,2.4691577,65.0,67.46915769577026
220,7,27,1.4949371,39.0,40.49493706226349
209,21,27,1.0889077,26.0,27.088907718658447
207,15,27,2.504076,65.0,67.50407600402832
219,7,27,2.5515227,65.0,67.551522731781
219,39,27,2.459435,65.0,67.4594349861145
208,20,27,2.512001,65.0,67.51200103759766
212,48,27,1.4933431,39.0,40.493343114852905
208,21,27,2.497161,65.0,67.49716091156006
214,2,27,1.4717185,39.0,40.471718549728394
211,6,27,1.4893667,39.0,40.48936665058136
205,37,27,1.2572515,26.0,27.257251501083374
215,7,27,2.5209084,65.0,67.52090835571289
215,15,27,1.5075245,39.0,40.507524490356445
205,24,27,1.5828838,39.0,40.58288383483887
218,21,27,1.026314,26.0,27.02631402015686
201,48,27,1.490711,39.0,40.490710973739624
215,12,27,2.510244,65.0,67.51024389266968
209,15,27,1.5110892,39.0,40.51108920574188
204,23,27,2.498457,65.0,67.49845695495605
207,6,27,0.9791212,26.0,26.979121208190918
219,6,27,1.3175261,39.0,40.31752610206604
207,7,27,1.486386,39.0,40.48638594150543
200,21,27,1.0238329,26.0,27.02383291721344
219,41,27,2.407332,65.0,67.40733194351196
212,47,27,2.5062013,65.0,67.50620126724243
210,4,27,2.4761376,65.0,67.47613763809204
211,23,27,1.4907343,39.0,40.490734338760376
216,12,27,1.4996111,39.0,40.499611139297485
202,38,27,2.5124068,65.0,67.51240682601929
216,7,27,2.4914994,65.0,67.49149942398071
212,6,27,2.5178385,65.0,67.51783847808838
199,44,27,2.5036845,65.0,67.50368452072144
209,20,27,2.5078568,65.0,67.50785684585571
218,22,27,1.0066693,26.0,27.006669282913208
216,47,27,1.4787458,39.0,40.47874581813812
203,4,27,2.493422,65.0,67.49342203140259
207,5,27,2.4477086,65.0,67.44770860671997
200,22,27,2.4799318,65.0,67.47993183135986
207,4,27,1.502702,39.0,40.50270199775696
208,22,27,2.4942346,65.0,67.49423456192017
206,48,27,2.488134,65.0,67.48813390731812
215,5,27,0.9907491,26.0,26.99074912071228
212,12,27,2.2376366,65.0,67.23763656616211
209,12,27,0.9972869,26.0,26.997286915779114
212,7,27,2.5096283,65.0,67.50962829589844
220,6,27,2.494835,65.0,67.49483489990234
205,38,27,2.3823643,65.0,67.38236427307129
201,44,27,1.44508,39.0,40.445080041885376
210,2,27,2.4455194,65.0,67.44551944732666
199,22,27,1.5273712,39.0,40.5273711681366
210,23,27,1.5145962,39.0,40.51459622383118
203,43,27,1.3634883,39.0,40.36348831653595
216,44,27,2.485289,65.0,67.48528909683228
203,2,27,1.4958954,39.0,40.49589538574219
217,24,27,1.5455204,39.0,40.545520424842834
203,44,27,2.5074573,65.0,67.50745725631714
216,43,27,1.4655868,39.0,40.46558678150177
202,48,27,2.5105987,65.0,67.51059865951538
204,21,27,2.499199,65.0,67.49919891357422
217,44,27,1.4710993,39.0,40.47109925746918
204,22,27,1.0135345,26.0,27.013534545898438
215,6,27,2.5157385,65.0,67.51573848724365
205,39,27,2.2296495,65.0,67.2296495437622
218,23,27,1.1825929,26.0,27.18259286880493
219,4,27,1.4009614,39.0,40.40096139907837
214,4,27,1.000186,26.0,27.0001859664917
214,6,27,1.0005223,26.0,27.000522255897522
207,2,27,1.0351946,26.0,27.035194635391235
214,5,27,2.4878511,65.0,67.4878511428833
201,6,27,1.5084497,39.0,40.50844967365265
212,43,27,2.5054812,65.0,67.50548124313354
206,47,27,0.96623904,26.0,26.966239035129547
214,7,27,1.4964288,39.0,40.49642884731293
216,20,27,2.4943678,65.0,67.49436783790588
199,47,27,2.506971,65.0,67.50697088241577
209,7,27,2.51361,65.0,67.51360988616943
205,41,27,2.3033204,65.0,67.30332040786743
201,43,27,1.5259008,39.0,40.52590084075928
205,43,27,2.4009466,65.0,67.40094661712646
215,4,27,1.487202,39.0,40.4872020483017
220,24,27,1.4686384,39.0,40.46863842010498
210,5,27,2.4391274,65.0,67.43912744522095
219,43,27,0.903956,26.0,26.90395599603653
208,23,27,1.5013295,39.0,40.50132954120636
201,7,27,2.5029087,65.0,67.50290870666504
219,2,27,1.139317,39.0,40.13931703567505
206,41,27,1.4633132,39.0,40.46331322193146
212,44,27,2.4937963,65.0,67.49379634857178
199,12,27,2.492157,65.0,67.49215698242188
220,39,27,1.0273554,26.0,27.027355432510376
210,22,27,2.4778523,65.0,67.47785234451294
209,6,27,2.5304198,65.0,67.53041982650757
220,5,27,1.5150977,39.0,40.51509773731232
199,48,27,1.0107148,26.0,27.010714769363403
201,41,27,1.0033985,26.0,27.003398537635803
204,20,27,1.5214273,39.0,40.521427273750305
202,39,27,1.4809834,39.0,40.48098337650299
217,43,27,2.513473,65.0,67.51347303390503
203,47,27,2.5030904,65.0,67.50309038162231
210,21,27,2.4907289,65.0,67.49072885513306
200,20,27,2.506722,65.0,67.50672197341919
208,24,27,1.0093427,26.0,27.009342670440674
212,41,27,0.99519134,26.0,26.9951913356781
214,15,27,1.4992718,39.0,40.499271750450134
206,39,27,2.4747214,65.0,67.47472143173218
203,48,27,2.458329,65.0,67.45832896232605
205,48,27,1.1441591,26.0,27.144159078598022
201,39,27,1.00759,26.0,27.0075900554657
205,44,27,2.368154,65.0,67.36815404891968
215,2,27,1.5160366,39.0,40.51603662967682
205,47,27,1.3965518,39.0,40.396551847457886
218,24,27,1.4768689,39.0,40.476868867874146
209,5,27,1.5707471,39.0,40.5707471370697
220,4,27,1.4863597,39.0,40.48635971546173
201,15,27,1.0070353,26.0,27.00703525543213
201,12,27,1.4926417,39.0,40.49264168739319
218,48,27,1.4871008,39.0,40.48710083961487
214,12,27,2.4678934,65.0,67.46789336204529
216,39,27,1.4962146,39.0,40.496214628219604
200,15,27,1.4757745,39.0,40.47577452659607
212,39,27,2.4964259,65.0,67.49642586708069
214,20,27,2.4640126,65.0,67.46401262283325
199,21,27,1.4875735,39.0,40.48757350444794
211,21,27,1.0011959,26.0,27.001195907592773
216,22,27,1.0103602,26.0,27.01036024093628
216,21,27,2.4822469,65.0,67.48224687576294
202,41,27,1.4820753,39.0,40.482075333595276
200,2,27,2.4685268,65.0,67.46852684020996
212,15,27,1.5051522,39.0,40.505152225494385
214,48,27,2.5036926,65.0,67.50369262695312
216,41,27,2.49424,65.0,67.49424004554749
217,37,27,1.5365326,39.0,40.53653264045715
219,44,27,2.4779491,65.0,67.47794914245605
208,37,27,2.494705,65.0,67.49470496177673
201,20,27,1.0124123,26.0,27.012412309646606
206,37,27,1.5039915,39.0,40.50399148464203
208,38,27,0.99864537,26.0,26.99864536523819
202,47,27,0.95724994,26.0,26.95724993944168
200,4,27,1.0294034,26.0,27.02940344810486
214,47,27,2.4989548,65.0,67.49895477294922
209,4,27,2.5243688,65.0,67.52436876296997
212,20,27,2.4938807,65.0,67.49388074874878
201,38,27,2.4953034,65.0,67.49530339241028
218,37,27,2.4922607,65.0,67.49226069450378
211,22,27,2.4792328,65.0,67.47923278808594
210,6,27,1.4588525,39.0,40.45885252952576
211,12,27,2.4006999,65.0,67.4006998538971
210,20,27,2.4769263,65.0,67.47692632675171
199,15,27,1.024788,26.0,27.02478802204132
211,7,27,1.4996774,39.0,40.499677419662476
200,12,27,1.0525103,26.0,27.052510261535645
212,38,27,0.9851544,26.0,26.985154390335083
214,23,27,2.501634,65.0,67.50163388252258
220,37,27,1.5150663,39.0,40.515066266059875
211,20,27,1.0223688,26.0,27.022368788719177
217,41,27,1.4983249,39.0,40.49832487106323
204,15,27,1.0090575,26.0,27.00905752182007
206,2,27,2.5113835,65.0,67.51138353347778
214,44,27,1.4648831,39.0,40.46488308906555
206,4,27,1.477341,39.0,40.477341055870056
214,43,27,2.4985483,65.0,67.49854826927185
206,38,27,2.4766028,65.0,67.47660279273987
218,47,27,0.9750589,26.0,26.975058913230896
201,21,27,1.5361658,39.0,40.536165833473206
214,22,27,2.5122561,65.0,67.5122561454773
214,21,27,1.4883355,39.0,40.488335490226746
206,23,27,2.4972901,65.0,67.49729013442993
220,38,27,1.5180384,39.0,40.518038392066956
206,6,27,2.483062,65.0,67.48306202888489
201,24,27,2.4896631,65.0,67.48966312408447
220,2,27,2.4767022,65.0,67.47670221328735
209,2,27,2.492601,65.0,67.49260091781616
212,21,27,1.5017505,39.0,40.501750469207764
206,5,27,0.9788294,26.0,26.978829383850098
218,38,27,2.5014133,65.0,67.50141334533691
201,37,27,1.0144192,26.0,27.014419198036194
210,7,27,2.4992929,65.0,67.49929285049438
204,2,27,2.4666603,65.0,67.46666026115417
216,38,27,1.4894245,39.0,40.48942446708679
217,38,27,1.0146257,26.0,27.014625668525696
204,4,27,1.5187316,39.0,40.51873159408569
208,39,27,2.504157,65.0,67.50415706634521
202,44,27,1.0153971,26.0,27.01539707183838
218,41,27,0.9978521,26.0,26.997852087020874
206,20,27,0.9434889,26.0,26.943488895893097
214,24,27,1.0149379,26.0,27.01493787765503
201,22,27,1.0063313,26.0,27.00633132457733
216,23,27,1.4975185,39.0,40.49751853942871
202,43,27,0.97168493,26.0,26.97168493270874
204,12,27,1.4881144,39.0,40.48811435699463
214,41,27,0.99665487,26.0,26.996654868125916
212,23,27,1.5062425,39.0,40.506242513656616
208,48,27,1.0156953,26.0,27.015695333480835
212,22,27,2.493618,65.0,67.49361801147461
206,24,27,1.4526936,39.0,40.452693581581116
219,47,27,1.3027507,39.0,40.30275070667267
212,37,27,1.4587456,39.0,40.45874559879303
218,44,27,1.4824848,39.0,40.48248481750488
208,44,27,2.502849,65.0,67.50284910202026
200,7,27,1.4848757,39.0,40.48487567901611
212,24,27,2.4666557,65.0,67.46665573120117
214,37,27,1.5220815,39.0,40.52208149433136
218,43,27,1.525845,39.0,40.52584505081177
216,24,27,1.5183545,39.0,40.518354535102844
206,7,27,2.4960725,65.0,67.49607253074646
214,39,27,1.4881018,39.0,40.488101840019226
218,39,27,2.4889803,65.0,67.48898029327393
206,12,27,2.3904488,65.0,67.39044880867004
219,48,27,1.4895597,39.0,40.48955965042114
217,39,27,1.5195817,39.0,40.51958167552948
204,7,27,2.4768753,65.0,67.47687530517578
210,15,27,2.5139396,65.0,67.51393961906433
216,37,27,1.0266783,26.0,27.026678323745728
204,5,27,1.4886321,39.0,40.48863208293915
213,15,27,2.502437,65.0,67.50243711471558
207,48,27,2.5199952,65.0,67.51999521255493
200,38,27,2.5343666,65.0,67.53436660766602
213,23,27,2.4703486,65.0,67.47034859657288
199,37,27,2.512948,65.0,67.51294803619385
220,21,27,1.5623847,39.0,40.562384724617004
211,39,27,2.503703,65.0,67.5037031173706
215,48,27,1.113227,26.0,27.113227009773254
211,41,27,2.5171714,65.0,67.51717138290405
209,43,27,1.050762,26.0,27.050762057304382
202,20,27,0.99898815,26.0,26.998988151550293
207,44,27,2.4930024,65.0,67.49300241470337
220,48,27,1.4831039,39.0,40.48310387134552
207,41,27,0.9962103,26.0,26.996210277080536
213,20,27,1.0151265,26.0,27.0151264667511
219,23,27,0.9844416,26.0,26.984441578388214
217,7,27,2.4849951,65.0,67.48499512672424
203,12,27,1.0248216,26.0,27.024821639060974
217,12,27,1.4965042,39.0,40.49650418758392
200,39,27,2.531794,65.0,67.53179407119751
213,21,27,1.4750106,39.0,40.47501063346863
207,43,27,1.0015119,26.0,27.001511931419373
217,6,27,2.4961667,65.0,67.4961667060852
217,20,27,1.0384475,26.0,27.038447499275208
203,21,27,2.487765,65.0,67.48776507377625
220,44,27,2.4944801,65.0,67.49448013305664
210,41,27,2.5046372,65.0,67.50463724136353
199,4,28,1.5149978,40.5,42.01499783992767
220,44,28,2.4986053,67.5,69.99860525131226
210,41,28,2.5002778,67.5,70.00027775764465
203,21,28,2.4919147,67.5,69.99191474914551
217,20,28,1.0226705,27.0,28.02267050743103
200,41,28,0.9906392,27.0,27.990639209747314
207,43,28,0.99882865,27.0,27.998828649520874
213,21,28,1.4728147,40.5,41.97281467914581
200,39,28,2.5177922,67.5,70.01779222488403
203,20,28,2.498763,67.5,69.99876308441162
217,12,28,1.5272684,40.5,42.027268409729004
203,12,28,1.0189232,27.0,28.018923163414
217,7,28,2.4945607,67.5,69.99456071853638
210,47,28,1.4563965,40.5,41.95639646053314
220,48,28,1.4818639,40.5,41.98186385631561
203,15,28,1.506676,40.5,42.00667595863342
220,47,28,1.4721087,40.5,41.97210872173309
200,6,28,1.4917353,40.5,41.991735339164734
208,47,28,1.4766624,40.5,41.976662397384644
214,38,28,1.0104679,27.0,28.010467886924744
201,23,28,2.497344,67.5,69.99734401702881
210,12,28,1.480921,40.5,41.980921030044556
199,20,28,2.5102036,67.5,70.01020359992981
211,15,28,2.452088,67.5,69.95208811759949
201,22,28,1.0043496,27.0,28.00434958934784
206,22,28,2.5023324,67.5,70.00233244895935
206,15,28,2.4818304,67.5,69.98183035850525
208,43,28,2.4668517,67.5,69.9668517112732
208,44,28,2.5035737,67.5,70.00357365608215
212,24,28,2.4638026,67.5,69.96380257606506
214,37,28,1.5074177,40.5,42.00741767883301
219,48,28,1.3596733,40.5,41.859673261642456
204,6,28,1.501972,40.5,42.00197196006775
216,24,28,1.5187168,40.5,42.01871681213379
201,24,28,2.4999824,67.5,69.99998235702515
214,39,28,1.4864085,40.5,41.98640847206116
206,7,28,2.4960208,67.5,69.9960207939148
218,39,28,2.4898589,67.5,69.98985886573792
206,12,28,2.4082832,67.5,69.90828323364258
217,39,28,1.5166104,40.5,42.01661038398743
210,15,28,2.5060525,67.5,70.00605249404907
216,37,28,1.0138013,27.0,28.013801336288452
202,44,28,0.9916806,27.0,27.99168062210083
204,5,28,1.4920043,40.5,41.99200427532196
218,43,28,1.5386188,40.5,42.03861880302429
218,41,28,0.9890703,27.0,27.989070296287537
206,20,28,0.9211286,27.0,27.921128571033478
214,24,28,1.0360314,27.0,28.036031365394592
204,7,28,2.492978,67.5,69.9929780960083
216,23,28,1.4811867,40.5,41.981186747550964
202,43,28,0.9693276,27.0,27.96932762861252
204,12,28,1.4883211,40.5,41.98832106590271
211,21,28,1.2629863,27.0,28.262986302375793
212,23,28,1.4473546,40.5,41.947354555130005
208,48,28,1.0110002,27.0,28.011000156402588
212,22,28,2.5110307,67.5,70.01103067398071
214,41,28,0.99579424,27.0,27.995794236660004
214,23,28,2.504315,67.5,70.00431489944458
206,24,28,1.4554629,40.5,41.95546293258667
208,41,28,2.5115733,67.5,70.01157331466675
219,47,28,1.2463082,40.5,41.7463082075119
200,7,28,1.4768898,40.5,41.976889848709106
212,37,28,1.4584231,40.5,41.958423137664795
218,44,28,1.4873552,40.5,41.98735523223877
201,21,28,1.4703244,40.5,41.9703243970871
206,23,28,2.5008533,67.5,70.0008533000946
220,38,28,1.5112555,40.5,42.011255502700806
206,6,28,2.5042763,67.5,70.00427627563477
220,2,28,2.487166,67.5,69.98716592788696
209,2,28,2.4858878,67.5,69.9858877658844
206,5,28,0.98215616,27.0,27.98215615749359
218,38,28,2.5040293,67.5,70.00402927398682
201,37,28,1.0176995,27.0,28.017699480056763
210,7,28,2.4695978,67.5,69.96959781646729
202,47,28,0.99940836,27.0,27.99940836429596
204,2,28,2.4783707,67.5,69.9783706665039
216,38,28,1.4642805,40.5,41.96428048610687
217,38,28,1.0116577,27.0,28.01165771484375
204,4,28,1.5217692,40.5,42.02176916599274
208,39,28,2.5015118,67.5,70.00151181221008
200,12,28,1.0438977,27.0,28.04389774799347
212,38,28,0.99327874,27.0,27.993278741836548
220,37,28,1.4965198,40.5,41.996519804000854
211,20,28,1.1893795,27.0,28.189379453659058
217,41,28,1.49657,40.5,41.996569991111755
204,15,28,1.005695,27.0,28.00569498538971
218,37,28,2.502552,67.5,70.0025520324707
206,2,28,2.510304,67.5,70.01030397415161
214,44,28,1.4913853,40.5,41.99138534069061
206,4,28,1.475391,40.5,41.975391030311584
218,47,28,0.97309643,27.0,27.973096430301666
206,38,28,2.4847772,67.5,69.98477721214294
214,22,28,2.510559,67.5,70.01055908203125
214,21,28,1.4893924,40.5,41.9893923997879
201,20,28,1.0126076,27.0,28.01260757446289
206,37,28,1.4941982,40.5,41.99419820308685
216,39,28,1.4966156,40.5,41.99661564826965
214,43,28,2.4998803,67.5,69.99988031387329
200,4,28,1.0487137,27.0,28.04871368408203
214,47,28,2.4981537,67.5,69.99815368652344
212,21,28,1.4783825,40.5,41.97838246822357
209,4,28,2.5271227,67.5,70.02712273597717
212,20,28,2.5013108,67.5,70.0013108253479
201,38,28,2.500352,67.5,70.00035190582275
211,22,28,2.2907043,67.5,69.7907042503357
211,12,28,2.2285438,67.5,69.72854375839233
210,20,28,2.480781,67.5,69.98078107833862
199,15,28,1.0209503,27.0,28.020950317382812
211,7,28,1.409982,40.5,41.90998196601868
208,38,28,0.99935293,27.0,27.99935293197632
200,15,28,1.4744709,40.5,41.97447085380554
212,39,28,2.4949846,67.5,69.99498462677002
214,20,28,2.496337,67.5,69.99633693695068
210,6,28,1.456084,40.5,41.95608401298523
199,21,28,1.4964536,40.5,41.996453642845154
216,22,28,1.0072597,27.0,28.007259726524353
216,21,28,2.4830985,67.5,69.98309850692749
220,4,28,1.4885796,40.5,41.988579630851746
200,2,28,2.4676707,67.5,69.96767067909241
212,15,28,1.4700769,40.5,41.97007691860199
214,48,28,2.511622,67.5,70.01162195205688
216,41,28,2.4962184,67.5,69.99621844291687
217,37,28,1.5200442,40.5,42.02004420757294
219,44,28,2.475051,67.5,69.9750509262085
208,37,28,2.5106833,67.5,70.01068329811096
212,41,28,0.997114,27.0,27.99711400270462
214,15,28,1.5010736,40.5,42.001073598861694
206,39,28,2.4738097,67.5,69.9738097190857
203,48,28,2.4660966,67.5,69.96609663963318
205,48,28,1.2470703,27.0,28.2470703125
201,39,28,1.0038724,27.0,28.003872394561768
205,44,28,2.4537024,67.5,69.95370244979858
215,2,28,1.5128194,40.5,42.01281940937042
205,47,28,1.3511635,40.5,41.85116350650787
218,24,28,1.4781308,40.5,41.97813081741333
209,5,28,1.578786,40.5,42.07878601551056
215,4,28,1.5182269,40.5,42.018226861953735
201,15,28,1.002523,27.0,28.002522945404053
201,12,28,1.4373431,40.5,41.93734312057495
218,48,28,1.490415,40.5,41.99041497707367
214,12,28,2.4643505,67.5,69.96435046195984
206,41,28,1.4853406,40.5,41.98534059524536
199,12,28,2.498023,67.5,69.99802303314209
220,39,28,1.0261122,27.0,28.02611219882965
209,6,28,2.5338159,67.5,70.03381586074829
220,5,28,1.5152792,40.5,42.01527917385101
199,48,28,1.0134273,27.0,28.013427257537842
205,43,28,2.4125824,67.5,69.91258239746094
201,41,28,0.9954074,27.0,27.99540740251541
202,41,28,1.4841781,40.5,41.98417806625366
204,20,28,1.5427846,40.5,42.042784571647644
202,39,28,1.476719,40.5,41.97671902179718
217,43,28,2.4940672,67.5,69.99406719207764
202,48,28,2.508967,67.5,70.00896692276001
203,47,28,2.5008492,67.5,70.00084924697876
210,21,28,2.471175,67.5,69.97117495536804
212,44,28,2.4944718,67.5,69.99447178840637
200,20,28,2.474298,67.5,69.9742980003357
208,24,28,1.0292321,27.0,28.029232144355774
212,43,28,2.5056832,67.5,70.00568318367004
206,47,28,0.90413606,27.0,27.904136061668396
214,7,28,1.4926958,40.5,41.992695808410645
216,20,28,2.4912472,67.5,69.99124717712402
211,23,28,1.6216325,40.5,42.12163245677948
199,47,28,2.512169,67.5,70.01216888427734
209,7,28,2.5139627,67.5,70.0139627456665
215,5,28,0.9802402,27.0,27.98024022579193
205,41,28,2.378835,67.5,69.87883496284485
220,24,28,1.4671925,40.5,41.96719253063202
219,43,28,0.8536286,27.0,27.85362857580185
208,23,28,1.1897345,40.5,41.68973445892334
206,48,28,2.4899478,67.5,69.98994779586792
201,7,28,2.5028381,67.5,70.00283813476562
219,2,28,1.199094,40.5,41.69909405708313
217,24,28,1.5457871,40.5,42.04578709602356
203,44,28,2.5084352,67.5,70.00843524932861
216,43,28,1.4756998,40.5,41.97569978237152
210,5,28,2.4585567,67.5,69.95855665206909
204,21,28,2.4961886,67.5,69.99618864059448
216,12,28,1.497924,40.5,41.99792397022247
217,44,28,1.4673795,40.5,41.967379450798035
204,22,28,1.0127989,27.0,28.01279890537262
201,44,28,1.4660788,40.5,41.966078758239746
205,38,28,2.3993967,67.5,69.89939665794373
215,6,28,2.5149727,67.5,70.01497268676758
205,39,28,2.3359382,67.5,69.83593821525574
218,23,28,1.035217,27.0,28.03521704673767
219,4,28,1.3768818,40.5,41.87688183784485
214,4,28,1.0014083,27.0,28.001408338546753
214,6,28,0.9999707,27.0,27.99997067451477
207,2,28,1.0387554,27.0,28.038755416870117
214,5,28,2.4902823,67.5,69.9902822971344
201,6,28,1.5044776,40.5,42.00447762012482
208,22,28,2.4925594,67.5,69.9925594329834
201,43,28,1.5381021,40.5,42.03810214996338
212,12,28,2.3032641,67.5,69.80326414108276
215,7,28,2.5153933,67.5,70.01539325714111
209,12,28,0.99767447,27.0,27.997674465179443
212,7,28,2.5149484,67.5,70.01494836807251
220,6,28,2.5067122,67.5,70.00671219825745
210,2,28,2.3944292,67.5,69.89442920684814
211,6,28,1.3089567,40.5,41.80895674228668
210,23,28,1.4785768,40.5,41.97857677936554
203,43,28,1.4320394,40.5,41.93203938007355
216,44,28,2.4893193,67.5,69.98931932449341
203,2,28,1.4946293,40.5,41.99462926387787
200,21,28,1.033176,27.0,28.033175945281982
219,41,28,2.400543,67.5,69.90054297447205
212,47,28,2.507831,67.5,70.00783109664917
207,4,28,1.507744,40.5,42.00774395465851
199,22,28,1.525617,40.5,42.02561700344086
210,4,28,2.455768,67.5,69.95576810836792
202,38,28,2.5147562,67.5,70.01475620269775
212,6,28,2.516542,67.5,70.01654195785522
199,44,28,2.50713,67.5,70.00712990760803
215,12,28,2.4903684,67.5,69.99036836624146
218,22,28,1.0032976,27.0,28.003297567367554
216,47,28,1.4772512,40.5,41.977251172065735
203,4,28,2.4984818,67.5,69.99848175048828
200,22,28,2.5290227,67.5,70.02902269363403
212,48,28,1.4908307,40.5,41.99083065986633
208,21,28,2.5012503,67.5,70.00125026702881
207,5,28,2.453248,67.5,69.95324802398682
214,2,28,1.4895018,40.5,41.98950183391571
210,22,28,2.4874406,67.5,69.98744058609009
205,37,28,1.2874193,27.0,28.287419319152832
215,15,28,1.4789466,40.5,41.978946566581726
205,24,28,1.533056,40.5,42.033056020736694
218,21,28,1.012835,27.0,28.012835025787354
201,48,28,1.4931315,40.5,41.99313151836395
209,15,28,1.5139984,40.5,42.01399838924408
216,7,28,2.4873807,67.5,69.98738074302673
201,5,28,2.5004096,67.5,70.0004096031189
207,6,28,0.9825385,27.0,27.982538521289825
219,6,28,1.2719412,40.5,41.77194118499756
207,7,28,1.4816753,40.5,41.98167526721954
213,48,28,2.4170213,67.5,69.91702127456665
199,7,28,1.5122297,40.5,42.012229681015015
220,41,28,0.9994304,27.0,27.999430418014526
210,24,28,2.356954,67.5,69.8569540977478
204,23,28,2.503672,67.5,70.00367188453674
217,47,28,2.503965,67.5,70.00396490097046
202,24,28,2.5084956,67.5,70.00849556922913
216,6,28,1.4875361,40.5,41.98753607273102
209,48,28,1.0002702,27.0,28.00027024745941
215,20,28,0.98722816,27.0,27.98722815513611
209,20,28,2.5087194,67.5,70.0087194442749
212,5,28,2.4678802,67.5,69.96788024902344
220,7,28,1.4886765,40.5,41.98867654800415
208,15,28,2.516309,67.5,70.01630902290344
219,7,28,2.4724965,67.5,69.972496509552
213,2,28,1.4896829,40.5,41.98968291282654
219,39,28,2.400678,67.5,69.90067791938782
208,20,28,2.535777,67.5,70.03577709197998
201,4,28,2.5095255,67.5,70.00952553749084
207,12,28,1.5125418,40.5,42.01254177093506
213,47,28,1.4270953,40.5,41.92709529399872
209,21,28,1.0511868,27.0,28.05118680000305
205,23,28,1.141844,27.0,28.141844034194946
218,20,28,1.4783146,40.5,41.97831463813782
212,4,28,1.4516206,40.5,41.95162057876587
199,43,28,1.5069785,40.5,42.0069785118103
209,22,28,2.5300593,67.5,70.03005933761597
202,2,28,2.4721973,67.5,69.97219729423523
205,22,28,2.3588161,67.5,69.85881614685059
210,37,28,1.4624782,40.5,41.962478160858154
217,23,28,1.0125664,27.0,28.012566447257996
216,48,28,2.4870524,67.5,69.98705244064331
203,41,28,2.4984138,67.5,69.99841380119324
211,5,28,2.4652212,67.5,69.96522116661072
213,4,28,1.0154325,27.0,28.015432476997375
219,38,28,1.5178366,40.5,42.017836570739746
200,23,28,1.4989188,40.5,41.998918771743774
205,20,28,1.7474908,40.5,42.247490763664246
215,21,28,0.98811364,27.0,27.98811364173889
218,15,28,2.5027926,67.5,70.00279259681702
205,21,28,1.4767025,40.5,41.97670245170593
220,23,28,1.48439,40.5,41.98439002037048
199,23,28,2.484301,67.5,69.98430109024048
211,24,28,1.1839309,27.0,28.18393087387085
204,24,28,1.5097988,40.5,42.009798765182495
219,12,28,1.2830523,40.5,41.78305232524872
200,48,28,2.5027413,67.5,70.00274133682251
201,2,28,1.4961212,40.5,41.9961211681366
207,15,28,2.5097017,67.5,70.0097017288208
213,44,28,2.5078104,67.5,70.00781035423279
207,20,28,1.0256696,27.0,28.02566957473755
213,43,28,2.4907086,67.5,69.99070858955383
208,7,28,1.4885905,40.5,41.988590478897095
199,6,28,1.0138812,27.0,28.01388120651245
204,37,28,1.0035313,27.0,28.003531336784363
202,23,28,0.9857875,27.0,27.985787510871887
212,2,28,2.469075,67.5,69.96907496452332
220,12,28,2.4883413,67.5,69.98834133148193
209,23,28,2.5502954,67.5,70.05029535293579
205,15,28,1.5656751,40.5,42.065675139427185
215,22,28,2.510459,67.5,70.01045894622803
202,4,28,0.99437934,27.0,27.994379341602325
203,38,28,2.5049086,67.5,70.00490856170654
203,5,28,1.0510775,27.0,28.051077485084534
203,39,28,1.0393765,27.0,28.039376497268677
211,4,28,2.3379307,67.5,69.83793067932129
213,5,28,2.4683933,67.5,69.96839332580566
208,12,28,2.403097,67.5,69.90309691429138
207,21,28,1.0194608,27.0,28.019460797309875
199,41,28,2.518224,67.5,70.01822400093079
209,24,28,1.4674962,40.5,41.967496156692505
215,23,28,1.575416,40.5,42.07541596889496
202,5,28,1.4679536,40.5,41.96795356273651
218,12,28,2.4733486,67.5,69.97334861755371
209,47,28,2.5032258,67.5,70.00322580337524
211,37,28,1.1380337,27.0,28.138033747673035
220,22,28,1.5115716,40.5,42.011571645736694
203,37,28,1.4924614,40.5,41.99246144294739
203,6,28,2.5114176,67.5,70.0114176273346
213,41,28,1.4561944,40.5,41.95619440078735
200,24,28,2.5304122,67.5,70.03041219711304
208,6,28,1.0249071,27.0,28.024907112121582
213,6,28,2.5121565,67.5,70.01215648651123
207,22,28,2.500012,67.5,70.00001192092896
217,2,28,1.0097452,27.0,28.009745240211487
216,5,28,1.4775087,40.5,41.977508664131165
217,48,28,2.4800909,67.5,69.98009085655212
205,6,28,2.4559207,67.5,69.95592069625854
215,37,28,1.0000457,27.0,28.000045657157898
205,7,28,2.408422,67.5,69.90842199325562
215,24,28,2.4878078,67.5,69.9878077507019
205,12,28,1.3773162,27.0,28.37731623649597
211,48,28,2.5424843,67.5,70.04248428344727
204,38,28,1.4849683,40.5,41.984968304634094
219,15,28,1.4797571,40.5,41.97975707054138
213,39,28,2.4204783,67.5,69.92047834396362
207,23,28,1.543136,40.5,42.04313600063324
200,47,28,1.4748034,40.5,41.97480344772339
208,4,28,2.4702659,67.5,69.97026586532593
211,2,28,2.2614717,67.5,69.76147174835205
220,43,28,1.4626949,40.5,41.96269488334656
210,38,28,1.4809479,40.5,41.980947852134705
204,39,28,1.5014547,40.5,42.00145471096039
216,4,28,1.5895424,40.5,42.089542388916016
202,22,28,2.5187564,67.5,70.01875638961792
209,44,28,1.0837421,27.0,28.083742141723633
211,47,28,1.4250096,27.0,28.425009608268738
199,39,28,1.0262127,27.0,28.026212692260742
220,15,28,1.5057763,40.5,42.00577628612518
207,37,28,1.5738658,40.5,42.07386577129364
219,21,28,2.1484368,67.5,69.64843678474426
213,7,28,2.5324113,67.5,70.0324113368988
219,37,28,2.4806643,67.5,69.98066425323486
213,38,28,0.99330366,27.0,27.993303656578064
207,24,28,1.0042654,27.0,28.004265427589417
219,20,28,2.2442973,67.5,69.74429726600647
213,37,28,2.4820743,67.5,69.98207426071167
209,37,28,1.0239971,27.0,28.02399706840515
215,38,28,2.514484,67.5,70.01448392868042
202,7,28,1.4825959,40.5,41.982595920562744
211,44,28,1.2484822,27.0,28.24848222732544
205,5,28,2.3650632,67.5,69.8650631904602
202,12,28,1.3739388,40.5,41.87393879890442
218,6,28,2.4999106,67.5,69.99991059303284
203,24,28,1.4860985,40.5,41.986098527908325
217,22,28,1.007314,27.0,28.0073139667511
217,21,28,2.4925642,67.5,69.99256420135498
217,4,28,1.5997894,40.5,42.09978938102722
208,2,28,2.4877963,67.5,69.98779630661011
219,24,28,1.483422,40.5,41.98342204093933
200,37,28,1.0124607,27.0,28.012460708618164
213,12,28,2.378114,67.5,69.87811398506165
215,41,28,1.575624,40.5,42.075623989105225
205,2,28,1.9674028,40.5,42.46740281581879
205,4,28,1.6019557,40.5,42.10195565223694
215,39,28,1.0134206,27.0,28.013420581817627
209,38,28,1.0920848,27.0,28.092084765434265
199,24,28,1.4869342,40.5,41.986934185028076
211,38,28,1.6015402,27.0,28.601540207862854
204,41,28,2.472557,67.5,69.9725570678711
218,2,28,1.4839708,40.5,41.98397076129913
213,23,28,2.469006,67.5,69.96900606155396
219,22,28,2.3499856,67.5,69.84998559951782
200,44,28,2.5299668,67.5,70.02996683120728
207,38,28,1.496234,40.5,41.9962340593338
213,24,28,2.459368,67.5,69.95936799049377
200,43,28,1.096121,27.0,28.096120953559875
207,39,28,2.51409,67.5,70.01409006118774
217,5,28,1.4808549,40.5,41.980854868888855
216,2,28,1.0078286,27.0,28.00782859325409
199,38,28,2.5124617,67.5,70.01246166229248
220,20,28,2.4826,67.5,69.98259997367859
209,39,28,0.9896174,27.0,27.98961740732193
211,43,28,2.3881845,67.5,69.88818454742432
202,15,28,1.4761012,40.5,41.97610116004944
218,5,28,0.9971508,27.0,27.997150778770447
204,43,28,1.5156939,40.5,42.01569390296936
210,48,28,2.4952278,67.5,69.9952278137207
199,5,28,2.4763641,67.5,69.97636413574219
210,39,28,1.4767951,40.5,41.976795077323914
203,22,28,1.0223765,27.0,28.022376537322998
203,7,28,2.5130606,67.5,70.01306056976318
213,15,28,2.5073771,67.5,70.00737714767456
207,48,28,2.5190504,67.5,70.01905035972595
200,38,28,2.5247512,67.5,70.02475118637085
199,37,28,2.5201159,67.5,70.02011585235596
220,21,28,1.5692402,40.5,42.06924021244049
211,39,28,2.5462651,67.5,70.04626512527466
215,48,28,1.0003546,27.0,28.000354647636414
209,41,28,1.5210693,40.5,42.021069288253784
211,41,28,2.487255,67.5,69.98725509643555
209,43,28,1.0285635,27.0,28.028563499450684
204,47,28,1.4893037,40.5,41.98930370807648
202,20,28,0.987217,27.0,27.987217009067535
207,44,28,2.4934716,67.5,69.99347162246704
207,41,28,0.9896968,27.0,27.98969680070877
213,20,28,1.011729,27.0,28.0117290019989
219,23,28,0.94674355,27.0,27.946743547916412
207,47,28,1.4746133,40.5,41.974613308906555
213,22,28,2.559526,67.5,70.05952596664429
217,6,28,2.4944541,67.5,69.99445414543152
204,48,28,1.4979253,40.5,41.99792528152466
202,21,28,1.5815166,40.5,42.08151662349701
204,44,28,1.5030351,40.5,42.00303506851196
215,47,28,1.498245,40.5,41.99824500083923
218,4,28,1.4813284,40.5,41.98132836818695
215,44,28,1.5346051,40.5,42.03460514545441
199,2,28,1.5882894,40.5,42.08828938007355
210,44,28,2.487125,67.5,69.98712491989136
210,43,28,1.4702016,40.5,41.97020161151886
207,44,29,2.490714,70.0,72.49071407318115
220,47,29,1.4732406,42.0,43.47324061393738
203,15,29,1.5021458,42.0,43.502145767211914
217,12,29,1.5407169,42.0,43.540716886520386
210,44,29,2.4715443,70.0,72.47154426574707
205,24,29,1.5217727,42.0,43.52177274227142
215,12,29,2.4932692,70.0,72.49326920509338
209,15,29,1.5142311,42.0,43.51423108577728
212,6,29,2.5227983,70.0,72.52279829978943
199,44,29,2.5081387,70.0,72.50813865661621
218,22,29,1.0024906,28.0,29.002490639686584
218,21,29,1.0155377,28.0,29.01553773880005
215,20,29,1.1284213,28.0,29.128421306610107
209,20,29,2.5143557,70.0,72.51435565948486
212,5,29,2.4773142,70.0,72.47731423377991
220,7,29,1.48927,42.0,43.489269971847534
210,39,29,1.4749134,42.0,43.474913358688354
203,22,29,1.0196438,28.0,29.019643783569336
203,7,29,2.5130434,70.0,72.51304340362549
217,5,29,1.4775692,42.0,43.477569222450256
203,24,29,1.4963195,42.0,43.49631953239441
207,41,29,0.9922569,28.0,28.99225687980652
213,20,29,1.008853,28.0,29.0088529586792
219,23,29,0.9485928,28.0,28.94859278202057
207,47,29,1.4765329,42.0,43.47653293609619
213,22,29,2.5517359,70.0,72.55173587799072
200,41,29,1.100729,28.0,29.10072898864746
207,43,29,0.99878204,28.0,28.99878203868866
213,21,29,1.4757704,42.0,43.475770354270935
210,43,29,1.4505818,42.0,43.450581789016724
199,2,29,1.594067,42.0,43.594066977500916
200,39,29,2.529418,70.0,72.52941799163818
203,5,29,1.0289276,28.0,29.02892756462097
211,4,29,2.404652,70.0,72.40465211868286
199,6,29,1.0128609,28.0,29.012860894203186
210,37,29,1.45686,42.0,43.456859946250916
203,39,29,1.0380727,28.0,29.03807270526886
213,37,29,2.477278,70.0,72.47727799415588
219,24,29,1.5216883,42.0,43.52168834209442
200,37,29,1.1008352,28.0,29.10083520412445
208,2,29,2.484025,70.0,72.48402500152588
207,37,29,1.5717453,42.0,43.57174527645111
219,21,29,2.276421,70.0,72.27642107009888
207,38,29,1.4850656,42.0,43.48506557941437
213,24,29,2.464415,70.0,72.46441507339478
217,21,29,2.4930384,70.0,72.49303841590881
211,2,29,2.3282254,70.0,72.3282253742218
220,43,29,1.478565,42.0,43.478564977645874
213,7,29,2.5262103,70.0,72.52621030807495
219,37,29,2.5214834,70.0,72.52148342132568
207,24,29,1.0029593,28.0,29.00295925140381
200,44,29,2.4632463,70.0,72.46324634552002
219,20,29,2.3289678,70.0,72.32896780967712
217,23,29,1.0142823,28.0,29.01428234577179
216,48,29,2.4873352,70.0,72.48733520507812
203,41,29,2.4997735,70.0,72.49977350234985
211,5,29,2.5092967,70.0,72.50929665565491
220,41,29,0.9948443,28.0,28.99484431743622
210,24,29,2.3752031,70.0,72.3752031326294
216,47,29,1.4746706,42.0,43.47467064857483
216,44,29,2.4967535,70.0,72.49675345420837
217,24,29,1.5452466,42.0,43.545246601104736
203,38,29,2.5105147,70.0,72.51051473617554
217,22,29,1.0125222,28.0,29.012522220611572
199,7,29,1.5084888,42.0,43.50848877429962
210,23,29,1.4708742,42.0,43.470874190330505
203,43,29,1.4781165,42.0,43.478116512298584
203,2,29,1.4937357,42.0,43.493735671043396
203,44,29,2.5111406,70.0,72.51114058494568
200,24,29,2.4617538,70.0,72.46175384521484
208,6,29,1.0219913,28.0,29.02199125289917
213,6,29,2.508262,70.0,72.5082619190216
213,41,29,1.464109,42.0,43.46410894393921
207,22,29,2.492312,70.0,72.49231195449829
213,39,29,2.4471178,70.0,72.44711780548096
207,23,29,1.5390491,42.0,43.53904914855957
213,38,29,0.95148885,28.0,28.951488852500916
219,15,29,1.4254928,42.0,43.42549276351929
200,47,29,1.4227448,42.0,43.42274475097656
208,4,29,2.4824858,70.0,72.4824857711792
210,21,29,2.517918,70.0,72.5179181098938
199,12,29,2.5086741,70.0,72.50867414474487
220,39,29,1.0255271,28.0,29.025527119636536
216,41,29,2.50137,70.0,72.50136995315552
217,37,29,1.5201594,42.0,43.52015936374664
207,20,29,1.0180819,28.0,29.01808190345764
213,43,29,2.4971094,70.0,72.49710941314697
208,7,29,1.4843107,42.0,43.48431074619293
213,5,29,2.443739,70.0,72.44373893737793
208,12,29,2.3976817,70.0,72.39768171310425
207,21,29,1.0120289,28.0,29.01202893257141
219,12,29,1.3473688,42.0,43.34736883640289
200,48,29,2.551765,70.0,72.55176496505737
203,4,29,2.5053961,70.0,72.5053961277008
211,6,29,1.3953855,42.0,43.39538550376892
210,22,29,2.5035133,70.0,72.50351333618164
216,39,29,1.494904,42.0,43.49490404129028
202,47,29,0.9534872,28.0,28.9534872174263
204,2,29,2.4832597,70.0,72.48325967788696
216,38,29,1.4825304,42.0,43.48253035545349
217,38,29,1.0106592,28.0,29.010659217834473
213,47,29,1.432564,42.0,43.43256402015686
213,4,29,1.0131288,28.0,29.013128757476807
219,38,29,1.5718681,42.0,43.57186806201935
200,23,29,1.8866501,42.0,43.88665008544922
219,7,29,2.5036736,70.0,72.5036735534668
201,2,29,1.4901966,42.0,43.49019658565521
207,15,29,2.5042517,70.0,72.50425171852112
213,44,29,2.4945836,70.0,72.49458360671997
216,43,29,1.4734364,42.0,43.47343635559082
202,48,29,2.450357,70.0,72.45035696029663
203,47,29,2.5054154,70.0,72.50541543960571
210,15,29,2.4970434,70.0,72.49704337120056
211,12,29,2.2917113,70.0,72.29171133041382
216,37,29,1.0033276,28.0,29.00332760810852
202,44,29,1.0060873,28.0,29.00608730316162
219,6,29,1.3498821,42.0,43.34988212585449
213,48,29,2.4209394,70.0,72.4209394454956
208,15,29,2.5155835,70.0,72.51558351516724
213,2,29,1.4619467,42.0,43.46194672584534
200,22,29,2.4068942,70.0,72.40689420700073
208,20,29,2.517825,70.0,72.51782488822937
207,7,29,1.4772481,42.0,43.47724807262421
201,4,29,2.5126495,70.0,72.51264953613281
207,12,29,1.5291908,42.0,43.5291907787323
210,20,29,2.5119686,70.0,72.5119686126709
211,7,29,1.4740399,42.0,43.474039912223816
203,48,29,2.4552274,70.0,72.45522737503052
199,20,29,2.511325,70.0,72.51132488250732
211,15,29,2.5243835,70.0,72.52438354492188
204,6,29,1.5011129,42.0,43.501112937927246
216,24,29,1.5154109,42.0,43.51541090011597
217,39,29,1.5115232,42.0,43.51152324676514
204,7,29,2.4969049,70.0,72.4969048500061
219,41,29,2.4336865,70.0,72.43368649482727
219,39,29,2.5016477,70.0,72.50164771080017
212,48,29,1.4433733,42.0,43.44337332248688
207,5,29,2.4545946,70.0,72.45459461212158
214,2,29,1.4874551,42.0,43.48745512962341
201,5,29,2.5019636,70.0,72.50196361541748
207,6,29,0.97796196,28.0,28.97796195745468
204,4,29,1.5167979,42.0,43.51679790019989
199,15,29,1.023084,28.0,29.023084044456482
220,38,29,1.5150837,42.0,43.51508367061615
220,37,29,1.497954,42.0,43.49795401096344
204,12,29,1.4823602,42.0,43.4823602437973
216,22,29,1.0041587,28.0,29.00415873527527
217,41,29,1.5019617,42.0,43.50196170806885
207,2,29,1.0438721,28.0,29.043872117996216
214,5,29,2.4952054,70.0,72.49520540237427
201,6,29,1.5046489,42.0,43.5046489238739
208,21,29,2.5044677,70.0,72.50446772575378
200,21,29,1.325949,28.0,29.32594895362854
212,47,29,2.4954438,70.0,72.49544382095337
207,4,29,1.4968241,42.0,43.49682414531708
214,4,29,1.0010067,28.0,29.001006722450256
219,4,29,1.4156636,42.0,43.41566359996796
204,5,29,1.4661337,42.0,43.46613371372223
211,20,29,1.1919577,28.0,29.191957712173462
210,12,29,1.4832115,42.0,43.483211517333984
199,21,29,1.5192959,42.0,43.51929593086243
216,21,29,2.4872925,70.0,72.48729252815247
202,41,29,1.4777259,42.0,43.477725863456726
204,20,29,1.4940115,42.0,43.49401152133942
217,43,29,2.5100155,70.0,72.5100154876709
208,22,29,2.493885,70.0,72.4938850402832
212,44,29,2.4976225,70.0,72.4976224899292
219,43,29,0.8538112,28.0,28.85381120443344
208,23,29,1.4542496,42.0,43.45424962043762
206,48,29,2.4832487,70.0,72.48324871063232
201,7,29,2.5052416,70.0,72.50524163246155
214,6,29,0.9989087,28.0,28.998908698558807
216,23,29,1.4794935,42.0,43.479493498802185
202,43,29,1.0133626,28.0,29.013362646102905
211,21,29,1.2456365,28.0,29.245636463165283
210,7,29,2.475307,70.0,72.47530698776245
220,24,29,1.4650264,42.0,43.46502637863159
210,5,29,2.47068,70.0,72.47067999839783
204,21,29,2.5118227,70.0,72.51182270050049
216,12,29,1.510919,42.0,43.510918974876404
218,48,29,1.4896694,42.0,43.48966944217682
214,12,29,2.4785824,70.0,72.47858238220215
206,41,29,1.4554056,42.0,43.455405592918396
200,20,29,2.5432386,70.0,72.54323863983154
208,24,29,1.0994916,28.0,29.099491596221924
212,43,29,2.5039513,70.0,72.50395131111145
206,47,29,0.9712921,28.0,28.971292078495026
214,7,29,1.48687,42.0,43.4868700504303
219,2,29,1.3090307,42.0,43.309030652046204
204,15,29,1.0106287,28.0,29.010628700256348
211,22,29,2.3219142,70.0,72.3219141960144
210,6,29,1.4573783,42.0,43.45737826824188
217,44,29,1.4675364,42.0,43.46753644943237
202,38,29,2.5085058,70.0,72.50850582122803
216,7,29,2.4900355,70.0,72.49003553390503
204,23,29,2.5111637,70.0,72.51116371154785
206,38,29,2.5014443,70.0,72.5014443397522
219,44,29,2.464569,70.0,72.46456909179688
208,37,29,2.5117798,70.0,72.51177978515625
212,41,29,0.99075663,28.0,28.990756630897522
214,15,29,1.4991612,42.0,43.49916124343872
206,39,29,2.4678595,70.0,72.46785950660706
201,15,29,0.9975804,28.0,28.997580409049988
201,12,29,1.4796327,42.0,43.47963273525238
202,39,29,1.4586967,42.0,43.458696722984314
216,20,29,2.4937208,70.0,72.4937207698822
211,23,29,1.7046336,42.0,43.704633593559265
210,4,29,2.4748867,70.0,72.4748866558075
209,48,29,1.0346456,28.0,29.034645557403564
211,24,29,1.1798543,28.0,29.17985427379608
204,24,29,1.5071031,42.0,43.50710308551788
204,37,29,1.004889,28.0,29.004889011383057
202,23,29,0.9722222,28.0,28.972222208976746
201,20,29,1.0059218,28.0,29.005921840667725
206,37,29,1.4847636,42.0,43.484763622283936
208,38,29,0.9953151,28.0,28.995315074920654
200,15,29,1.6660839,42.0,43.66608393192291
212,39,29,2.5110002,70.0,72.51100015640259
214,20,29,2.4963446,70.0,72.49634456634521
218,47,29,1.036382,28.0,29.03638195991516
204,22,29,1.0120834,28.0,29.012083411216736
210,2,29,2.407749,70.0,72.40774893760681
199,22,29,1.5224091,42.0,43.522409081459045
220,23,29,1.4773003,42.0,43.47730028629303
220,22,29,1.507829,42.0,43.50782895088196
216,5,29,1.4523628,42.0,43.45236277580261
217,48,29,2.482555,70.0,72.48255491256714
204,38,29,1.4966627,42.0,43.496662735939026
204,39,29,1.5015844,42.0,43.50158441066742
206,23,29,2.482678,70.0,72.48267793655396
208,39,29,2.5162911,70.0,72.51629114151001
200,12,29,1.2173076,28.0,29.217307567596436
212,38,29,0.9952862,28.0,28.995286226272583
214,23,29,2.50531,70.0,72.50531005859375
214,22,29,2.5107584,70.0,72.51075839996338
206,24,29,1.4598904,42.0,43.459890365600586
214,21,29,1.4991562,42.0,43.49915623664856
217,47,29,2.495804,70.0,72.49580407142639
202,24,29,2.5115628,70.0,72.51156282424927
216,6,29,1.4825265,42.0,43.482526540756226
199,24,29,1.4833935,42.0,43.48339354991913
204,41,29,2.5055509,70.0,72.50555086135864
218,2,29,1.4859535,42.0,43.48595345020294
216,2,29,1.004958,28.0,29.004958033561707
214,24,29,1.0193833,28.0,29.019383311271667
201,22,29,1.0054877,28.0,29.00548768043518
206,22,29,2.5102634,70.0,72.51026344299316
208,41,29,2.5121932,70.0,72.51219320297241
219,47,29,1.3453277,42.0,43.345327734947205
200,7,29,1.4644779,42.0,43.46447789669037
218,44,29,1.489792,42.0,43.48979198932648
218,43,29,1.5328794,42.0,43.53287935256958
201,21,29,1.490488,42.0,43.490488052368164
209,47,29,2.4969544,70.0,72.49695444107056
211,37,29,1.1445904,28.0,29.144590377807617
199,23,29,2.5146554,70.0,72.5146553516388
211,39,29,2.5989256,70.0,72.59892559051514
204,43,29,1.5179621,42.0,43.51796209812164
215,48,29,1.0021421,28.0,29.002142071723938
202,21,29,1.5845234,42.0,43.58452343940735
204,44,29,1.4989245,42.0,43.49892449378967
206,15,29,2.4633222,70.0,72.46332216262817
212,37,29,1.4739745,42.0,43.47397446632385
208,43,29,2.4687276,70.0,72.46872758865356
212,24,29,2.4591289,70.0,72.45912885665894
214,37,29,1.5044395,42.0,43.50443947315216
218,41,29,0.9864011,28.0,28.986401081085205
206,20,29,0.98535377,28.0,28.985353767871857
216,4,29,1.5759246,42.0,43.57592463493347
202,22,29,2.5060031,70.0,72.5060031414032
209,44,29,1.1074785,28.0,29.107478499412537
211,38,29,1.2121346,28.0,29.21213459968567
208,44,29,2.5060573,70.0,72.50605726242065
219,48,29,1.4158577,42.0,43.415857672691345
200,6,29,1.4447992,42.0,43.444799184799194
208,47,29,1.4492428,42.0,43.44924283027649
214,38,29,1.0073864,28.0,29.007386445999146
201,23,29,2.4973707,70.0,72.49737071990967
215,47,29,1.4915873,42.0,43.49158728122711
218,4,29,1.4831725,42.0,43.4831725358963
215,44,29,1.5294838,42.0,43.529483795166016
209,41,29,1.5110849,42.0,43.51108491420746
211,41,29,2.4905353,70.0,72.49053525924683
199,37,29,2.5212345,70.0,72.5212345123291
204,47,29,1.4946059,42.0,43.49460589885712
202,20,29,0.9991684,28.0,28.999168395996094
209,43,29,1.0946968,28.0,29.094696760177612
220,21,29,1.5646185,42.0,43.56461846828461
209,39,29,1.007626,28.0,29.007626056671143
211,43,29,2.479871,70.0,72.47987103462219
202,15,29,1.4752969,42.0,43.47529685497284
218,5,29,0.9914982,28.0,28.991498172283173
215,41,29,1.5244458,42.0,43.52444577217102
205,2,29,1.9635434,42.0,43.96354341506958
212,23,29,1.4430149,42.0,43.4430148601532
208,48,29,1.0084622,28.0,29.00846219062805
212,22,29,2.5186524,70.0,72.51865243911743
214,41,29,0.99243486,28.0,28.992434859275818
206,6,29,2.496598,70.0,72.4965980052948
201,24,29,2.4982653,70.0,72.49826526641846
214,39,29,1.4825062,42.0,43.48250615596771
206,7,29,2.4892116,70.0,72.48921155929565
218,39,29,2.506435,70.0,72.50643491744995
206,12,29,2.4331446,70.0,72.43314456939697
209,37,29,0.9894812,28.0,28.989481210708618
211,44,29,1.2666819,28.0,29.266681909561157
209,38,29,1.065613,28.0,29.06561303138733
205,5,29,2.374975,70.0,72.3749749660492
202,12,29,1.4528936,42.0,43.45289361476898
201,37,29,1.0143664,28.0,29.014366388320923
206,4,29,1.4812489,42.0,43.48124885559082
214,43,29,2.4994109,70.0,72.49941086769104
200,4,29,1.3093057,28.0,29.309305667877197
220,2,29,2.4922242,70.0,72.49222421646118
209,2,29,2.4855092,70.0,72.48550915718079
206,5,29,0.98297155,28.0,28.98297154903412
218,38,29,2.5106554,70.0,72.5106554031372
204,48,29,1.4917274,42.0,43.491727352142334
199,38,29,2.5201888,70.0,72.52018880844116
220,20,29,2.4810123,70.0,72.48101234436035
202,7,29,1.4871472,42.0,43.4871472120285
205,6,29,2.4450443,70.0,72.44504427909851
215,37,29,1.1920514,28.0,29.19205141067505
205,7,29,2.433227,70.0,72.43322706222534
214,47,29,2.502829,70.0,72.50282907485962
212,21,29,1.4732131,42.0,43.47321307659149
200,2,29,2.4597948,70.0,72.45979475975037
209,4,29,2.5336726,70.0,72.53367257118225
212,20,29,2.5022583,70.0,72.50225830078125
201,38,29,2.5023828,70.0,72.50238275527954
218,37,29,2.5051296,70.0,72.50512957572937
206,2,29,2.5085928,70.0,72.5085928440094
214,44,29,1.4874684,42.0,43.48746836185455
205,4,29,1.619437,42.0,43.61943697929382
215,39,29,1.0087383,28.0,29.00873827934265
215,38,29,2.51414,70.0,72.51413989067078
199,41,29,2.5161996,70.0,72.51619958877563
209,24,29,1.4208148,42.0,43.420814752578735
215,23,29,1.571662,42.0,43.571661949157715
202,5,29,1.480947,42.0,43.48094701766968
218,12,29,2.4732068,70.0,72.47320675849915
205,47,29,1.3590215,42.0,43.35902154445648
201,39,29,1.0098755,28.0,29.009875535964966
218,24,29,1.4686263,42.0,43.468626260757446
209,5,29,1.5702366,42.0,43.570236563682556
220,4,29,1.4845612,42.0,43.48456120491028
214,48,29,2.5091586,70.0,72.50915861129761
205,48,29,1.2529488,28.0,29.252948760986328
218,6,29,2.5051465,70.0,72.50514650344849
211,47,29,1.074481,28.0,29.07448101043701
199,39,29,1.02379,28.0,29.0237900018692
220,15,29,1.5024003,42.0,43.502400279045105
209,23,29,2.5424309,70.0,72.54243087768555
205,15,29,1.4624429,42.0,43.46244287490845
215,22,29,2.5225167,70.0,72.52251672744751
202,4,29,1.0153883,28.0,29.015388250350952
205,20,29,1.7381055,42.0,43.7381055355072
215,4,29,1.5189723,42.0,43.518972277641296
212,15,29,1.4529978,42.0,43.45299780368805
209,6,29,2.538342,70.0,72.53834199905396
199,48,29,1.0109727,28.0,29.01097273826599
205,43,29,2.4119277,70.0,72.41192770004272
201,41,29,0.998422,28.0,28.998422026634216
205,44,29,2.4733195,70.0,72.47331953048706
215,2,29,1.506571,42.0,43.50657105445862
215,24,29,2.4758182,70.0,72.47581815719604
205,12,29,1.3662213,28.0,29.36622130870819
211,48,29,2.5712805,70.0,72.57128047943115
199,47,29,2.511693,70.0,72.51169300079346
220,5,29,1.5054854,42.0,43.50548541545868
209,7,29,2.5184863,70.0,72.5184862613678
215,5,29,0.9820053,28.0,28.982005298137665
205,41,29,2.3824449,70.0,72.38244485855103
215,21,29,0.980804,28.0,28.98080402612686
218,15,29,2.5040226,70.0,72.5040225982666
205,21,29,1.4901496,42.0,43.49014961719513
209,21,29,1.0630455,28.0,29.063045501708984
212,4,29,1.4709622,42.0,43.470962166786194
199,43,29,1.5097115,42.0,43.509711503982544
209,22,29,2.5326824,70.0,72.53268241882324
202,2,29,2.4905114,70.0,72.49051141738892
205,22,29,2.283527,70.0,72.28352689743042
212,2,29,2.474331,70.0,72.47433090209961
220,12,29,2.508142,70.0,72.50814199447632
205,23,29,1.1355698,28.0,29.13556981086731
201,48,29,1.4918714,42.0,43.49187135696411
218,20,29,1.4483591,42.0,43.44835913181305
215,15,29,1.4951507,42.0,43.495150685310364
205,37,29,1.3085343,28.0,29.308534264564514
212,7,29,2.5135841,70.0,72.51358413696289
220,6,29,2.510824,70.0,72.51082396507263
209,12,29,1.0026512,28.0,29.00265121459961
215,7,29,2.5173473,70.0,72.51734733581543
201,44,29,1.4645511,42.0,43.46455109119415
205,38,29,2.3882222,70.0,72.38822221755981
215,6,29,2.5176601,70.0,72.51766014099121
205,39,29,2.3388684,70.0,72.3388683795929
218,23,29,1.0159221,28.0,29.01592206954956
201,43,29,1.5311227,42.0,43.53112268447876
212,12,29,2.3961792,70.0,72.39617919921875
210,38,29,1.4472325,42.0,43.447232484817505
217,4,29,1.5876113,42.0,43.58761131763458
203,37,29,1.4888042,42.0,43.48880422115326
203,6,29,2.5091362,70.0,72.50913619995117
217,2,29,1.0065402,28.0,29.006540179252625
200,43,29,1.0025668,28.0,29.002566814422607
213,15,29,2.4891996,70.0,72.4891996383667
207,48,29,2.514196,70.0,72.51419591903687
200,38,29,2.4575593,70.0,72.45755934715271
213,12,29,2.3731537,70.0,72.37315368652344
207,39,29,2.5145342,70.0,72.51453423500061
213,23,29,2.4780703,70.0,72.47807025909424
219,22,29,2.339859,70.0,72.33985900878906
217,6,29,2.5145516,70.0,72.51455163955688
210,48,29,2.4826317,70.0,72.48263168334961
199,5,29,2.479873,70.0,72.47987294197083
217,20,29,1.0240316,28.0,29.02403163909912
203,21,29,2.4925232,70.0,72.49252319335938
210,41,29,2.4992566,70.0,72.49925661087036
220,44,29,2.4987917,70.0,72.49879169464111
199,4,29,1.5141407,42.0,43.5141407251358
210,47,29,1.446815,42.0,43.4468150138855
217,7,29,2.506126,70.0,72.50612592697144
203,12,29,1.0236723,28.0,29.023672342300415
203,20,29,2.5035849,70.0,72.50358486175537
220,48,29,1.481949,42.0,43.48194897174835
203,20,30,2.5013218,72.5,75.00132179260254
203,12,30,1.0213816,29.0,30.021381616592407
217,7,30,2.4922829,72.5,74.99228286743164
210,47,30,1.4102936,43.5,44.91029357910156
199,4,30,1.5125424,43.5,45.012542366981506
220,44,30,2.4999146,72.5,74.99991464614868
203,21,30,2.4875493,72.5,74.98754930496216
213,21,30,1.4907271,43.5,44.99072706699371
200,39,30,2.5444114,72.5,75.04441142082214
207,44,30,2.4860134,72.5,74.98601341247559
220,48,30,1.4825809,43.5,44.98258090019226
199,2,30,1.5980409,43.5,45.09804093837738
220,47,30,1.4657859,43.5,44.96578586101532
203,15,30,1.4867175,43.5,44.98671746253967
217,12,30,1.5386763,43.5,45.038676261901855
210,41,30,2.4902737,72.5,74.99027371406555
210,44,30,2.5078921,72.5,75.00789213180542
215,15,30,1.4974555,43.5,44.99745547771454
205,24,30,1.502095,43.5,45.002094984054565
215,12,30,2.497641,72.5,74.99764108657837
209,15,30,1.5099523,43.5,45.00995230674744
212,6,30,2.5206695,72.5,75.02066946029663
199,44,30,2.5093882,72.5,75.00938820838928
218,22,30,1.0022227,29.0,30.002222657203674
218,21,30,1.0121185,29.0,30.012118458747864
201,44,30,1.4865587,43.5,44.98655867576599
215,20,30,0.9866388,29.0,29.98663878440857
209,20,30,2.5038037,72.5,75.00380373001099
212,5,30,2.4730659,72.5,74.9730658531189
220,7,30,1.490564,43.5,44.99056398868561
205,22,30,2.2673774,72.5,74.7673773765564
205,23,30,1.0340382,29.0,30.034038186073303
201,48,30,1.4922701,43.5,44.99227011203766
218,20,30,1.4632593,43.5,44.96325933933258
205,37,30,1.0503523,29.0,30.050352334976196
212,7,30,2.5184357,72.5,75.01843571662903
220,6,30,2.5106664,72.5,75.01066637039185
209,12,30,1.000962,29.0,30.000962018966675
215,7,30,2.5171356,72.5,75.01713562011719
205,38,30,2.4066336,72.5,74.90663361549377
215,6,30,2.516993,72.5,75.01699304580688
205,39,30,2.3572998,72.5,74.8572998046875
218,23,30,1.020618,29.0,30.020617961883545
201,43,30,1.5328385,43.5,45.032838463783264
212,12,30,2.3817902,72.5,74.88179016113281
199,47,30,2.507896,72.5,75.00789594650269
220,5,30,1.5135703,43.5,45.0135703086853
209,7,30,2.521905,72.5,75.02190494537354
215,5,30,1.1583655,29.0,30.158365488052368
215,21,30,0.98744303,29.0,29.987443029880524
218,15,30,2.5071468,72.5,75.00714683532715
209,21,30,1.0401897,29.0,30.040189743041992
212,4,30,1.4547817,43.5,44.95478165149689
199,43,30,1.512103,43.5,45.01210296154022
205,21,30,1.4649258,43.5,44.96492576599121
202,2,30,2.4922614,72.5,74.99226140975952
218,12,30,2.4117684,72.5,74.91176843643188
209,22,30,2.50883,72.5,75.0088300704956
212,2,30,2.4785347,72.5,74.97853469848633
220,12,30,2.4971452,72.5,74.99714517593384
209,23,30,2.5374317,72.5,75.03743171691895
205,15,30,1.4542569,43.5,44.954256892204285
215,22,30,2.52272,72.5,75.02272009849548
202,4,30,0.9982401,29.0,29.998240113258362
205,20,30,1.6577652,43.5,45.15776515007019
205,41,30,2.314632,72.5,74.81463193893433
212,15,30,1.4551011,43.5,44.95510113239288
209,6,30,2.5297346,72.5,75.02973461151123
199,48,30,1.0141263,29.0,30.014126300811768
215,4,30,1.5198088,43.5,45.019808769226074
205,43,30,2.3952296,72.5,74.89522957801819
201,41,30,0.9966617,29.0,29.996661722660065
215,2,30,1.5083779,43.5,45.00837790966034
205,7,30,2.2892356,72.5,74.78923559188843
215,24,30,2.5000207,72.5,75.00002074241638
202,5,30,1.486003,43.5,44.986003041267395
205,12,30,1.2453771,29.0,30.24537706375122
211,48,30,2.5554779,72.5,75.05547785758972
199,41,30,2.5180533,72.5,75.01805329322815
209,24,30,1.4753488,43.5,44.97534883022308
215,23,30,1.5735817,43.5,45.07358169555664
205,44,30,2.3378725,72.5,74.83787250518799
201,39,30,1.0105686,29.0,30.010568618774414
218,24,30,1.4651043,43.5,44.96510434150696
205,47,30,1.3670971,43.5,44.86709713935852
212,20,30,2.4529405,72.5,74.95294046401978
209,5,30,2.1173303,43.5,45.61733031272888
220,4,30,1.4854429,43.5,44.985442876815796
214,48,30,2.5050242,72.5,75.00502419471741
205,48,30,1.1190845,29.0,30.11908447742462
202,12,30,1.4230803,43.5,44.92308032512665
218,6,30,2.5043287,72.5,75.00432872772217
211,47,30,1.0366101,29.0,30.03661012649536
199,39,30,1.0287521,29.0,30.028752088546753
220,15,30,1.4983885,43.5,44.99838852882385
202,7,30,1.4880643,43.5,44.98806428909302
205,6,30,2.3529458,72.5,74.85294580459595
215,37,30,1.1447113,29.0,30.14471125602722
212,21,30,1.4731025,43.5,44.97310245037079
200,2,30,2.4742873,72.5,74.97428727149963
209,4,30,2.5276995,72.5,75.02769947052002
214,47,30,2.5040193,72.5,75.0040192604065
201,38,30,2.502345,72.5,75.00234508514404
218,37,30,2.5010629,72.5,75.00106287002563
206,2,30,2.4422772,72.5,74.94227719306946
205,2,30,1.9063637,43.5,45.40636372566223
215,39,30,1.0143348,29.0,30.014334797859192
205,4,30,1.5580809,43.5,45.05808091163635
215,38,30,2.5153747,72.5,75.01537466049194
209,37,30,1.4764826,29.0,30.476482629776
211,44,30,1.2882968,29.0,30.288296818733215
209,38,30,1.0310199,29.0,30.031019926071167
205,5,30,2.297163,72.5,74.79716300964355
214,44,30,1.5117142,43.5,45.011714220047
201,37,30,1.0152143,29.0,30.015214323997498
206,4,30,1.4678247,43.5,44.96782469749451
214,43,30,2.4989448,72.5,74.9989447593689
200,4,30,1.3166616,29.0,30.316661596298218
220,2,30,2.4912,72.5,74.99119997024536
209,2,30,2.4808307,72.5,74.98083066940308
218,38,30,2.5103621,72.5,75.01036214828491
204,48,30,1.4766463,43.5,44.976646304130554
199,38,30,2.5182772,72.5,75.01827716827393
220,20,30,2.4799304,72.5,74.97993040084839
209,39,30,1.0092461,29.0,30.009246110916138
202,15,30,1.4751164,43.5,44.97511637210846
218,5,30,0.99135137,29.0,29.99135136604309
215,41,30,1.5328535,43.5,45.03285348415375
206,5,30,0.9751213,29.0,29.975121319293976
208,47,30,1.4503382,43.5,44.95033824443817
212,23,30,1.47223,43.5,44.972229957580566
208,48,30,1.0077673,29.0,30.00776731967926
212,22,30,2.5248995,72.5,75.02489948272705
214,41,30,0.9887063,29.0,29.988706290721893
206,6,30,2.4952083,72.5,74.99520826339722
201,24,30,2.49408,72.5,74.99408006668091
214,39,30,1.4876677,43.5,44.98766767978668
206,7,30,2.4674563,72.5,74.9674563407898
218,39,30,2.5015318,72.5,75.00153183937073
219,48,30,1.4954739,43.5,44.995473861694336
200,6,30,1.4802127,43.5,44.980212688446045
208,44,30,2.504503,72.5,75.00450301170349
214,38,30,1.0070199,29.0,30.007019877433777
206,12,30,2.4053228,72.5,74.90532279014587
218,4,30,1.4808984,43.5,44.98089838027954
215,44,30,1.5440032,43.5,45.04400324821472
211,43,30,2.4796033,72.5,74.97960329055786
209,41,30,1.4807408,43.5,44.980740785598755
211,41,30,2.496857,72.5,74.9968569278717
199,37,30,2.5204592,72.5,75.02045917510986
204,47,30,1.4875582,43.5,44.987558245658875
202,20,30,0.9901718,29.0,29.990171790122986
216,2,30,0.99963427,29.0,29.999634265899658
209,43,30,1.0243745,29.0,30.02437448501587
220,21,30,1.5734055,43.5,45.073405504226685
211,39,30,2.5790877,72.5,75.07908773422241
204,43,30,1.5290629,43.5,45.02906286716461
202,21,30,1.6147681,43.5,45.11476814746857
215,48,30,1.0002759,29.0,30.00027585029602
215,47,30,1.4810524,43.5,44.98105239868164
204,44,30,1.502823,43.5,45.00282299518585
201,23,30,2.4969501,72.5,74.99695014953613
212,37,30,1.4604378,43.5,44.9604377746582
208,43,30,2.4689515,72.5,74.96895146369934
212,24,30,2.4569256,72.5,74.95692563056946
206,15,30,2.4851213,72.5,74.98512125015259
214,37,30,1.5043951,43.5,45.00439512729645
218,41,30,0.98965454,29.0,29.989654541015625
201,22,30,1.0039601,29.0,30.003960132598877
206,20,30,0.984957,29.0,29.984956979751587
204,39,30,1.5165265,43.5,45.01652646064758
216,4,30,1.5664767,43.5,45.066476702690125
202,22,30,2.515568,72.5,75.0155680179596
209,44,30,1.0924209,29.0,30.0924209356308
211,38,30,1.1621969,29.0,30.16219687461853
199,24,30,1.4876093,43.5,44.9876092672348
204,41,30,2.5075808,72.5,75.00758075714111
218,2,30,1.4898362,43.5,44.9898362159729
214,24,30,1.0112338,29.0,30.011233806610107
208,41,30,2.5111582,72.5,75.01115822792053
219,47,30,1.4831517,43.5,44.98315167427063
200,7,30,1.5471826,43.5,45.04718255996704
206,22,30,2.445314,72.5,74.94531393051147
218,44,30,1.5091232,43.5,45.00912320613861
218,43,30,1.5357995,43.5,45.035799503326416
204,37,30,1.0008502,29.0,30.000850200653076
209,47,30,2.4920726,72.5,74.99207258224487
211,37,30,1.0517341,29.0,30.05173408985138
199,23,30,2.5142922,72.5,75.01429224014282
220,22,30,1.5065099,43.5,45.00650990009308
216,5,30,1.4648176,43.5,44.96481764316559
217,48,30,2.485624,72.5,74.98562407493591
204,38,30,1.4918027,43.5,44.99180269241333
201,21,30,1.4990318,43.5,44.99903178215027
206,23,30,2.4983265,72.5,74.99832653999329
208,39,30,2.5114527,72.5,75.01145267486572
200,12,30,1.1853691,29.0,30.18536913394928
212,38,30,0.9938974,29.0,29.99389737844467
214,23,30,2.5041325,72.5,75.00413250923157
214,22,30,2.5144887,72.5,75.014488697052
206,24,30,1.4382634,43.5,44.93826341629028
204,23,30,2.510922,72.5,75.01092195510864
217,47,30,2.4930375,72.5,74.9930374622345
202,24,30,2.5037184,72.5,75.00371837615967
216,6,30,1.4854978,43.5,44.98549783229828
209,48,30,1.033213,29.0,30.033213019371033
211,24,30,1.1363955,29.0,30.13639545440674
204,24,30,1.5043415,43.5,45.00434148311615
202,23,30,0.96758574,29.0,29.967585742473602
214,21,30,1.4987756,43.5,44.998775601387024
201,20,30,1.0050619,29.0,30.005061864852905
206,37,30,1.478436,43.5,44.97843599319458
212,41,30,0.9926101,29.0,29.992610096931458
200,15,30,1.683602,43.5,45.18360197544098
208,38,30,0.99602824,29.0,29.996028244495392
212,39,30,2.5114899,72.5,75.01148986816406
214,20,30,2.4961088,72.5,74.99610877037048
218,47,30,0.9724243,29.0,29.97242432832718
216,12,30,1.5085598,43.5,45.008559823036194
204,22,30,1.0051441,29.0,30.005144119262695
210,2,30,2.40614,72.5,74.90614008903503
199,22,30,1.5250221,43.5,45.025022149086
220,23,30,1.4748663,43.5,44.97486627101898
217,44,30,1.4730818,43.5,44.973081827163696
202,38,30,2.5166717,72.5,75.01667165756226
216,7,30,2.4853292,72.5,74.98532915115356
206,38,30,2.5121918,72.5,75.01219177246094
212,43,30,2.5068545,72.5,75.00685453414917
219,44,30,2.5024028,72.5,75.00240278244019
208,37,30,2.4501166,72.5,74.9501166343689
214,15,30,1.4998358,43.5,44.99983584880829
206,39,30,2.4024436,72.5,74.90244364738464
201,15,30,1.0068924,29.0,30.006892442703247
201,12,30,1.5073674,43.5,45.00736737251282
217,43,30,2.5097263,72.5,75.00972628593445
202,39,30,1.4684924,43.5,44.96849238872528
216,20,30,2.4879768,72.5,74.98797678947449
211,23,30,1.6942363,43.5,45.194236278533936
210,4,30,2.4755602,72.5,74.97556018829346
220,24,30,1.4792622,43.5,44.97926223278046
210,5,30,2.474091,72.5,74.97409105300903
204,21,30,2.5085912,72.5,75.00859117507935
218,48,30,1.4849619,43.5,44.98496186733246
214,12,30,2.4452686,72.5,74.94526863098145
200,20,30,2.5700147,72.5,75.0700147151947
208,24,30,1.0664337,29.0,30.066433668136597
206,41,30,1.4660577,43.5,44.966057658195496
206,47,30,0.97033846,29.0,29.970338463783264
214,7,30,1.4869543,43.5,44.98695433139801
217,41,30,1.5071456,43.5,45.00714564323425
204,15,30,1.0014029,29.0,30.001402854919434
211,22,30,2.322764,72.5,74.82276391983032
199,21,30,1.5303096,43.5,45.030309557914734
210,6,30,1.456198,43.5,44.95619797706604
216,21,30,2.4912252,72.5,74.99122524261475
202,41,30,1.477298,43.5,44.97729802131653
204,20,30,1.5324007,43.5,45.032400727272034
219,2,30,1.4889936,43.5,44.988993644714355
212,47,30,2.5090055,72.5,75.00900554656982
208,22,30,2.4839149,72.5,74.98391485214233
219,43,30,0.98751056,29.0,29.987510561943054
212,44,30,2.4994082,72.5,74.99940824508667
208,23,30,1.4924463,43.5,44.992446303367615
206,48,30,2.4362664,72.5,74.93626642227173
201,7,30,2.5031848,72.5,75.00318479537964
214,6,30,0.99678177,29.0,29.996781766414642
204,7,30,2.4845097,72.5,74.98450970649719
216,23,30,1.4835341,43.5,44.98353409767151
202,43,30,0.9859686,29.0,29.985968589782715
211,21,30,1.2160369,29.0,30.216036915779114
210,7,30,2.4594893,72.5,74.95948934555054
220,37,30,1.4988098,43.5,44.998809814453125
216,22,30,0.9995861,29.0,29.99958610534668
204,12,30,1.4881953,43.5,44.988195300102234
207,2,30,1.0430791,29.0,30.043079137802124
214,5,30,2.4944086,72.5,74.99440860748291
201,6,30,1.5031198,43.5,45.00311982631683
208,21,30,2.5119176,72.5,75.01191759109497
200,21,30,1.3438824,29.0,30.34388244152069
207,4,30,1.5065045,43.5,45.00650453567505
214,4,30,0.9963671,29.0,29.99636709690094
204,5,30,1.4727929,43.5,44.972792863845825
211,20,30,1.1473794,29.0,30.147379398345947
210,12,30,1.4802281,43.5,44.9802280664444
199,20,30,2.5101635,72.5,75.01016354560852
204,6,30,1.5016285,43.5,45.00162851810455
217,39,30,1.514569,43.5,45.01456904411316
216,24,30,1.5122601,43.5,45.01226007938385
219,4,30,1.4945147,43.5,44.99451470375061
208,20,30,2.5197039,72.5,75.01970386505127
219,41,30,2.507616,72.5,75.00761604309082
219,39,30,2.481482,72.5,74.98148202896118
212,48,30,1.484249,43.5,44.984248995780945
207,5,30,2.4539392,72.5,74.95393919944763
214,2,30,1.4838206,43.5,44.9838205575943
201,5,30,2.500949,72.5,75.00094890594482
207,6,30,0.9756624,29.0,29.975662410259247
217,38,30,1.0116186,29.0,30.011618614196777
204,4,30,1.5151246,43.5,45.015124559402466
211,15,30,2.5175762,72.5,75.01757621765137
199,15,30,1.0230728,29.0,30.023072838783264
220,38,30,1.5111747,43.5,45.01117467880249
210,15,30,2.497501,72.5,74.99750089645386
211,12,30,2.2234588,72.5,74.72345876693726
216,37,30,1.0210273,29.0,30.021027326583862
202,44,30,1.0060128,29.0,30.006012797355652
219,6,30,1.4908657,43.5,44.99086570739746
201,4,30,2.5106635,72.5,75.0106635093689
213,48,30,2.4163163,72.5,74.91631627082825
208,15,30,2.5140018,72.5,75.01400184631348
213,2,30,1.4759258,43.5,44.97592580318451
200,22,30,2.4565694,72.5,74.95656943321228
207,7,30,1.4824551,43.5,44.982455134391785
217,37,30,1.5356969,43.5,45.03569686412811
210,20,30,2.5180173,72.5,75.0180172920227
211,7,30,1.4278839,43.5,44.9278838634491
203,48,30,2.4603844,72.5,74.96038436889648
216,39,30,1.4977863,43.5,44.99778628349304
202,47,30,0.9962671,29.0,29.996267080307007
204,2,30,2.472605,72.5,74.9726049900055
216,38,30,1.4868903,43.5,44.98689031600952
207,12,30,1.5281527,43.5,45.02815270423889
213,47,30,1.5123216,43.5,45.01232159137726
213,4,30,1.0197568,29.0,30.01975679397583
219,38,30,1.4900105,43.5,44.990010499954224
200,23,30,1.9102681,43.5,45.4102680683136
219,7,30,2.5086823,72.5,75.00868225097656
201,2,30,1.493843,43.5,44.99384295940399
207,15,30,2.5037537,72.5,75.00375366210938
216,43,30,1.4754003,43.5,44.97540032863617
203,44,30,2.512536,72.5,75.01253604888916
202,48,30,2.5104723,72.5,75.01047229766846
210,21,30,2.4987173,72.5,74.99871730804443
199,12,30,2.493588,72.5,74.99358797073364
220,39,30,1.0307313,29.0,30.030731320381165
203,47,30,2.503755,72.5,75.00375509262085
216,41,30,2.499031,72.5,74.99903106689453
213,44,30,2.4886236,72.5,74.98862361907959
207,20,30,1.0158831,29.0,30.015883088111877
213,43,30,2.4810736,72.5,74.98107361793518
208,7,30,1.4856279,43.5,44.98562788963318
213,5,30,2.4477582,72.5,74.94775819778442
208,12,30,2.3449783,72.5,74.84497833251953
207,21,30,1.0336864,29.0,30.03368639945984
219,12,30,1.4989228,43.5,44.99892282485962
203,4,30,2.5100615,72.5,75.01006150245667
216,44,30,2.4957995,72.5,74.99579954147339
211,6,30,1.395565,43.5,44.895565032958984
210,22,30,2.5130236,72.5,75.01302361488342
199,7,30,1.5096756,43.5,45.00967562198639
210,23,30,1.4789338,43.5,44.978933811187744
203,43,30,1.4789345,43.5,44.97893452644348
203,2,30,1.4922795,43.5,44.99227952957153
200,48,30,2.5791993,72.5,75.07919931411743
200,24,30,2.4630728,72.5,74.96307277679443
208,6,30,1.0229061,29.0,30.022906064987183
213,6,30,2.5151482,72.5,75.0151481628418
213,41,30,1.4375409,43.5,44.937540888786316
207,22,30,2.4945142,72.5,74.99451422691345
213,39,30,2.4380388,72.5,74.93803882598877
207,23,30,1.5542248,43.5,45.05422484874725
213,38,30,0.9560549,29.0,29.95605492591858
219,15,30,1.495395,43.5,44.99539494514465
200,47,30,1.4566458,43.5,44.95664584636688
208,4,30,2.4762037,72.5,74.97620368003845
213,7,30,2.5222878,72.5,75.02228784561157
219,37,30,2.5146325,72.5,75.0146324634552
207,24,30,1.0047356,29.0,30.004735589027405
200,44,30,2.4909408,72.5,74.99094080924988
217,23,30,0.9612174,29.0,29.961217403411865
216,48,30,2.4785495,72.5,74.97854948043823
211,5,30,2.498596,72.5,74.99859595298767
220,41,30,0.9958323,29.0,29.995832324028015
203,41,30,2.4992461,72.5,74.99924612045288
216,47,30,1.4613651,43.5,44.96136510372162
217,24,30,1.5451381,43.5,45.045138120651245
217,2,30,0.9987491,29.0,29.9987490773201
203,38,30,2.503339,72.5,75.00333905220032
217,22,30,1.0094335,29.0,30.00943350791931
203,5,30,0.9836418,29.0,29.983641803264618
210,24,30,2.3702426,72.5,74.87024259567261
211,4,30,2.424813,72.5,74.92481303215027
199,6,30,1.0140185,29.0,30.014018535614014
210,37,30,1.458804,43.5,44.95880401134491
203,39,30,1.0360725,29.0,30.036072492599487
219,20,30,2.4962282,72.5,74.99622821807861
213,37,30,2.4854841,72.5,74.98548412322998
219,24,30,1.4926208,43.5,44.99262082576752
200,37,30,1.0205503,29.0,30.02055025100708
208,2,30,2.4823158,72.5,74.9823157787323
207,37,30,1.5741181,43.5,45.07411813735962
219,21,30,2.4961011,72.5,74.99610114097595
207,38,30,1.4852233,43.5,44.98522329330444
203,24,30,1.4986025,43.5,44.998602509498596
217,21,30,2.505021,72.5,75.00502109527588
211,2,30,2.3564587,72.5,74.85645866394043
220,43,30,1.4801582,43.5,44.98015820980072
210,38,30,1.4798445,43.5,44.97984445095062
217,4,30,1.5830144,43.5,45.083014369010925
203,37,30,1.4940012,43.5,44.994001150131226
203,6,30,2.5059326,72.5,75.00593256950378
213,24,30,2.455123,72.5,74.95512294769287
200,43,30,1.0467484,29.0,30.046748399734497
213,15,30,2.5152164,72.5,75.01521635055542
207,48,30,2.5107946,72.5,75.0107946395874
213,12,30,2.3078744,72.5,74.80787444114685
207,39,30,2.504395,72.5,75.00439500808716
213,23,30,2.4820452,72.5,74.98204517364502
219,22,30,2.5217738,72.5,75.02177381515503
217,20,30,1.027941,29.0,30.02794098854065
210,48,30,2.4579997,72.5,74.95799970626831
199,5,30,2.4731116,72.5,74.97311162948608
210,39,30,1.4711418,43.5,44.97114181518555
217,6,30,2.5020444,72.5,75.0020444393158
203,22,30,1.0166953,29.0,30.016695261001587
203,7,30,2.5022788,72.5,75.00227880477905
217,5,30,1.4769819,43.5,44.97698187828064
213,20,30,1.0040271,29.0,30.004027128219604
219,23,30,1.0062609,29.0,30.006260871887207
200,38,30,2.471424,72.5,74.9714241027832
207,47,30,1.4772265,43.5,44.9772264957428
207,41,30,0.98762035,29.0,29.98762035369873
213,22,30,2.5455308,72.5,75.04553079605103
200,41,30,1.0283546,29.0,30.02835464477539
207,43,30,1.0001698,29.0,30.00016975402832
210,43,30,1.4301455,43.5,44.930145502090454
